scheme_name,nav,date
Aditya Birla Sun Life Banking & PSU Debt Fund  - DIRECT - IDCW,104.5706,30-Apr-2026
Aditya Birla Sun Life Banking & PSU Debt Fund  - DIRECT - MONTHLY IDCW,116.1107,30-Apr-2026
Aditya Birla Sun Life Banking & PSU Debt Fund  - Direct - Quarterly IDCW,103.8568,30-Apr-2026
Aditya Birla Sun Life Banking & PSU Debt Fund  - REGULAR - IDCW,146.4717,30-Apr-2026
Aditya Birla Sun Life Banking & PSU Debt Fund  - REGULAR - MONTHLY IDCW,111.5323,30-Apr-2026
Aditya Birla Sun Life Banking & PSU Debt Fund  - REGULAR - Quarterly IDCW,101.5401,30-Apr-2026
Aditya Birla Sun Life Banking & PSU Debt Fund  - retail - monthly IDCW,113.144,30-Apr-2026
Aditya Birla Sun Life Banking & PSU Debt Fund  - retail - quarterly IDCW,102.7262,30-Apr-2026
Aditya Birla Sun Life Banking & PSU Debt Fund - Regular Plan-Growth,379.4426,30-Apr-2026
Aditya Birla Sun Life Banking & PSU Debt Fund - Retail Plan-Growth,569.5949,30-Apr-2026
Aditya Birla Sun Life Banking & PSU Debt Fund- Direct Plan-Growth,394.9197,30-Apr-2026
Axis Banking & PSU Debt Fund - Direct Plan - Bonus Option,1532.8272,14-Jun-2017
Axis Banking & PSU Debt Fund - Direct Plan - Daily IDCW,1036.7224,30-Apr-2026
Axis Banking & PSU Debt Fund - Direct Plan - Growth Option,2827.8644,30-Apr-2026
Axis Banking & PSU Debt Fund - Direct Plan - Monthly IDCW,1031.0539,30-Apr-2026
Axis Banking & PSU Debt Fund - Direct Plan - Weekly IDCW,1035.7963,30-Apr-2026
Axis Banking & PSU Debt Fund - Regular Plan - Bonus Option,1289.4075,18-May-2015
Axis Banking & PSU Debt Fund - Regular Plan - Daily IDCW,1036.6398,30-Apr-2026
Axis Banking & PSU Debt Fund - Regular Plan - Growth option,2735.9567,30-Apr-2026
Axis Banking & PSU Debt Fund - Regular Plan - Monthly IDCW,1031.0215,30-Apr-2026
Axis Banking & PSU Debt Fund - Regular Plan - Weekly IDCW,1035.7137,30-Apr-2026
Bajaj Finserv Banking and PSU Fund-  Direct Plan-Monthly- IDCW,10.9431,30-Apr-2026
Bajaj Finserv Banking and PSU Fund- Direct Plan- IDCW,11.9172,30-Apr-2026
Bajaj Finserv Banking and PSU Fund- Regular Plan- Growth,11.7569,30-Apr-2026
Bajaj Finserv Banking and PSU Fund- Regular Plan- IDCW,11.7569,30-Apr-2026
Bajaj Finserv Banking and PSU Fund-Direct Plan- Growth,11.9172,30-Apr-2026
Bajaj Finserv Banking and PSU Fund-Regular Plan-Monthly-IDCW,10.8721,30-Apr-2026
Bandhan Banking and PSU Fund - Direct Annual IDCW,12.0562,30-Apr-2026
Bandhan Banking and PSU Fund - Direct Daily IDCW,10.4385,30-Apr-2026
Bandhan Banking and PSU Fund - Direct Fortnightly IDCW,10.4159,30-Apr-2026
Bandhan Banking and PSU Fund - Direct Growth,26.3616,30-Apr-2026
Bandhan Banking and PSU Fund - Direct IDCW,13.8668,30-Apr-2026
Bandhan Banking and PSU Fund - Direct Monthly IDCW,10.4141,30-Apr-2026
Bandhan Banking and PSU Fund - Direct Quarterly IDCW,10.9808,30-Apr-2026
Bandhan Banking and PSU Fund - Regular Annual IDCW,11.1059,30-Apr-2026
Bandhan Banking and PSU Fund - Regular Daily IDCW,10.8383,30-Apr-2026
Bandhan Banking and PSU Fund - Regular Fortnightly IDCW,10.5701,30-Apr-2026
Bandhan Banking and PSU Fund - Regular Growth,25.5507,30-Apr-2026
Bandhan Banking and PSU Fund - Regular IDCW,13.7973,30-Apr-2026
Bandhan Banking and PSU Fund - Regular Monthly IDCW,10.6578,30-Apr-2026
Bandhan Banking and PSU Fund - Regular Quarterly IDCW,10.8751,30-Apr-2026
Canara Robeco Banking and PSU Debt Fund- Direct Plan- Growth Option,12.5919,30-Apr-2026
Canara Robeco Banking and PSU Debt Fund- Direct Plan- IDCW Payout,10.8214,30-Apr-2026
Canara Robeco Banking and PSU Debt Fund- Regular Plan- Growth Option,12.4521,30-Apr-2026
Canara Robeco Banking and PSU Debt Fund- Regular Plan- IDCW (Payout/ Reinvestment),10.7131,30-Apr-2026
DSP Banking & PSU Debt Fund - Direct Plan - Growth,25.6759,30-Apr-2026
DSP Banking & PSU Debt Fund - Direct Plan - IDCW,10.3622,30-Apr-2026
DSP Banking & PSU Debt Fund - Direct Plan - IDCW - Daily Reinvest,10.1485,30-Apr-2026
DSP Banking & PSU Debt Fund - Direct Plan - IDCW - Monthly,10.366,30-Apr-2026
DSP Banking & PSU Debt Fund - Direct Plan - IDCW - Quarterly,10.4233,30-Apr-2026
DSP Banking & PSU Debt Fund - Direct Plan - IDCW - Weekly,10.1494,30-Apr-2026
DSP Banking & PSU Debt Fund - Regular Plan - Growth,24.7418,30-Apr-2026
DSP Banking & PSU Debt Fund - Regular Plan - IDCW,10.3565,30-Apr-2026
DSP Banking & PSU Debt Fund - Regular Plan - IDCW - Daily Reinvest,10.1477,30-Apr-2026
DSP Banking & PSU Debt Fund - Regular Plan - IDCW - Monthly,10.3498,30-Apr-2026
DSP Banking & PSU Debt Fund - Regular Plan - IDCW - Quarterly,10.4128,30-Apr-2026
DSP Banking & PSU Debt Fund - Regular Plan - IDCW - Weekly,10.1484,30-Apr-2026
Edelweiss Banking and PSU Debt Fund - Direct Plan - Growth Option,26.4199,30-Apr-2026
Edelweiss Banking and PSU Debt Fund - Direct Plan - IDCW Option,18.6009,30-Apr-2026
Edelweiss Banking and PSU Debt Fund - Direct Plan Fortnightly - IDCW Option,14.3329,30-Apr-2026
Edelweiss Banking and PSU Debt Fund - Direct Plan Monthly - IDCW Option,10.8858,30-Apr-2026
Edelweiss Banking and PSU Debt Fund - Direct Plan weekly - IDCW Option,10.5211,30-Apr-2026
Edelweiss Banking and PSU Debt Fund - Regular Plan - Growth Option,25.4337,30-Apr-2026
Edelweiss Banking and PSU Debt Fund - Regular Plan - IDCW Option,17.6873,30-Apr-2026
Edelweiss Banking and PSU Debt Fund - Regular Plan Fortnightly - IDCW Option,13.8587,30-Apr-2026
Edelweiss Banking and PSU Debt Fund - Regular Plan Monthly - IDCW Option,11.1313,30-Apr-2026
Edelweiss Banking and PSU Debt Fund - Regular Plan Weekly - IDCW Option,10.1145,30-Apr-2026
Franklin India Banking & PSU Debt Fund - Direct - Growth,24.6613,30-Apr-2026
Franklin India Banking & PSU Debt Fund - Growth,23.5458,30-Apr-2026
Franklin India Banking and PSU Debt Fund - Direct - IDCW,11.5039,30-Apr-2026
Franklin India Banking and PSU Debt Fund - IDCW,10.8782,30-Apr-2026
HDFC Banking and PSU Debt Fund - Growth Option,23.7853,30-Apr-2026
HDFC Banking and PSU Debt Fund - Growth Option - Direct Plan,24.8434,30-Apr-2026
HDFC Banking and PSU Debt Fund - IDCW Option,10.1044,30-Apr-2026
HDFC Banking and PSU Debt Fund - IDCW Option - Direct Plan,9.9957,30-Apr-2026
HSBC Banking and PSU Debt Fund - Direct Daily IDCW,11.158,30-Apr-2026
HSBC Banking and PSU Debt Fund - Direct Growth,26.5463,30-Apr-2026
HSBC Banking and PSU Debt Fund - Direct Monthly IDCW,11.1066,30-Apr-2026
HSBC Banking and PSU Debt Fund - Direct Weekly IDCW,10.3163,30-Apr-2026
HSBC Banking and PSU Debt Fund - Regular Daily IDCW,11.0828,30-Apr-2026
HSBC Banking and PSU Debt Fund - Regular Growth,25.134,30-Apr-2026
HSBC Banking and PSU Debt Fund - Regular Monthly IDCW,10.3226,30-Apr-2026
HSBC Banking and PSU Debt Fund - Regular Weekly IDCW,10.2885,30-Apr-2026
ICICI Prudential Banking and PSU Debt Fund -  Daily IDCW,10.0549,16-Sep-2022
ICICI Prudential Banking and PSU Debt Fund -  Weekly IDCW,10.2427,16-Sep-2022
ICICI Prudential Banking and PSU Debt Fund - Bonus,15.8889,24-Apr-2020
ICICI Prudential Banking and PSU Debt Fund - Direct Plan -  Daily IDCW,10.2538,16-Sep-2022
ICICI Prudential Banking and PSU Debt Fund - Direct Plan -  Growth,35.5583,30-Apr-2026
ICICI Prudential Banking and PSU Debt Fund - Direct Plan -  Quarterly IDCW,12.9602,30-Apr-2026
ICICI Prudential Banking and PSU Debt Fund - Direct Plan -  Weekly IDCW,10.3708,16-Sep-2022
ICICI Prudential Banking and PSU Debt Fund - Direct Plan Bonus,13.8665,10-Apr-2018
ICICI Prudential Banking and PSU Debt Fund - Direct Plan Half Yearly IDCW Option,13.1098,16-Sep-2022
ICICI Prudential Banking and PSU Debt Fund - Growth,34.0159,30-Apr-2026
ICICI Prudential Banking and PSU Debt Fund - Quarterly IDCW,10.967,30-Apr-2026
ICICI Prudential Banking and PSU Debt Fund Half Yearly IDCW Option,12.9261,16-Sep-2022
ICICI Prudential Banking and PSU Debt Fund Retail Daily Dividend,10.0122,24-Apr-2020
ICICI Prudential Banking and PSU Debt Fund Retail Growth,21.631,24-Apr-2020
ICICI Prudential Banking and PSU Debt Fund Retail Weekly Dividend,10.3305,20-Aug-2015
Invesco India Banking and PSU Fund - Direct Plan -  Growth Option,2511.3301,30-Apr-2026
Invesco India Banking and PSU Fund - Direct Plan - Daily IDCW (Reinvestment),1060.7623,30-Apr-2026
Invesco India Banking and PSU Fund - Direct Plan - Monthly IDCW (Payout / Reinvestment),1008.3881,30-Apr-2026
Invesco India Banking and PSU Fund - Regular Plan - Daily IDCW (Reinvestment),1047.5754,30-Apr-2026
Invesco India Banking and PSU Fund - Regular Plan - Growth Option,2338.4923,30-Apr-2026
Invesco India Banking and PSU Fund - Regular Plan - Monthly IDCW (Payout / Reinvestment),1059.2589,30-Apr-2026
ITI Banking & PSU Debt Fund - Direct Plan - Growth Option,13.9381,30-Apr-2026
ITI Banking & PSU Debt Fund - Direct Plan - IDCW Option,13.9365,30-Apr-2026
ITI Banking & PSU Debt Fund - Regular Plan - Growth Option,13.5211,30-Apr-2026
ITI Banking & PSU Debt Fund - Regular Plan - IDCW Option,13.5223,30-Apr-2026
Kotak Banking and PSU Debt - Growth,67.9432,30-Apr-2026
Kotak Banking and PSU Debt - Monthly Payout of Income Distribution cum capital withdrawal option,12.7652,30-Apr-2026
Kotak Banking and PSU Debt Direct - Annual Dividend,17.1427,15-Sep-2017
Kotak Banking and PSU Debt Direct - Growth,70.9981,30-Apr-2026
Kotak Banking and PSU Debt Direct - Monthly Payout of Income Distribution cum capital withdrawal option,10.242,30-Apr-2026
LIC MF Banking & PSU Fund-Direct Plan-Daily IDCW,14.2804,30-Apr-2026
LIC MF Banking & PSU Fund-Direct Plan-Growth,39.0148,30-Apr-2026
LIC MF Banking & PSU Fund-Direct Plan-Monthly IDCW,14.6935,30-Apr-2026
LIC MF Banking & PSU Fund-Direct Plan-Weekly IDCW,10.0304,30-Apr-2026
LIC MF Banking & PSU Fund-Regular Plan-Daily IDCW,11.5617,30-Apr-2026
LIC MF Banking & PSU Fund-Regular Plan-Growth,36.036,30-Apr-2026
LIC MF Banking & PSU Fund-Regular Plan-Monthly IDCW,13.4869,30-Apr-2026
LIC MF Banking & PSU Fund-Regular Plan-Weekly IDCW,10.3615,30-Apr-2026
Mirae Asset Banking and PSU Fund - Direct Plan - Growth,13.6878,30-Apr-2026
Mirae Asset Banking and PSU Fund - Direct Plan - IDCW,13.6812,30-Apr-2026
Mirae Asset Banking and PSU Fund - Regular Plan - Growth,13.3379,30-Apr-2026
Mirae Asset Banking and PSU Fund - Regular plan - IDCW,13.339,30-Apr-2026
NIPPON INDIA BANKING and PSU  FUND - Direct Plan - IDCW Option,22.3148,30-Apr-2026
NIPPON INDIA BANKING and PSU  FUND - WEEKLY IDCW Option,10.239,30-Apr-2026
Nippon India Banking and PSU  Fund- Direct Plan-Growth Plan- Growth Option,22.3148,30-Apr-2026
NIPPON INDIA BANKING and PSU FUND - Direct Plan - MONTHLY IDCW Option,10.7214,30-Apr-2026
NIPPON INDIA BANKING and PSU FUND - Direct Plan - QUARTERLY IDCW Option,10.8397,30-Apr-2026
NIPPON INDIA BANKING and PSU FUND - Direct Plan - WEEKLY IDCW Option,10.2389,30-Apr-2026
NIPPON INDIA BANKING and PSU FUND - IDCW Option,21.4326,30-Apr-2026
NIPPON INDIA BANKING and PSU FUND - MONTHLY IDCW Option,10.6518,30-Apr-2026
NIPPON INDIA BANKING and PSU FUND - QUARTERLY IDCW Option,10.7744,30-Apr-2026
Nippon India Banking and PSU Fund- Direct Plan-Growth Plan- Bonus Option,22.3143,30-Apr-2026
Nippon India Banking and PSU Fund- Growth Plan- Bonus Option,12.3452,02-Feb-2018
Nippon India Banking and PSU Fund- Growth Plan- Growth Option,21.4326,30-Apr-2026
SBI Banking & PSU Fund - Direct Plan - Daily Income Distribution cum Capital Withdrawal Option (IDCW),1515.8678,30-Apr-2026
SBI BANKING & PSU FUND - Direct Plan - Growth,3441.4599,30-Apr-2026
SBI Banking & PSU Fund - Direct Plan - Monthly Income Distribution cum Capital Withdrawal Option (IDCW),1302.8091,30-Apr-2026
SBI Banking & PSU Fund - Direct Plan - Weekly Income Distribution cum Capital Withdrawal Option (IDCW),1512.5027,30-Apr-2026
SBI BANKING & PSU FUND - Regular Paln - Growth,3227.9296,30-Apr-2026
SBI Banking & PSU Fund - Regular Plan - Daily Income Distribution cum Capital Withdrawal Option (IDCW),1472.6708,30-Apr-2026
SBI Banking & PSU Fund - Regular Plan - Monthly Income Distribution cum Capital Withdrawal Option (IDCW),1214.6217,30-Apr-2026
SBI Banking & PSU Fund - Regular Plan - Weekly Income Distribution cum Capital Withdrawal Option (IDCW),1472.3216,30-Apr-2026
Sundaram Banking & PSU Fund (Formerly Known as Sundaram Banking & PSU Debt Fund) - Direct Growth,11.7065,17-Mar-2017
Sundaram Banking & PSU Fund (Formerly Known as Sundaram Banking & PSU Debt Fund) - Direct Monthly Dividend,11.4008,17-Mar-2017
Sundaram Banking & PSU Fund (Formerly Known as Sundaram Banking & PSU Debt Fund) - Direct Quarterly Dividend,10.6356,31-Mar-2016
Sundaram Banking & PSU Fund (Formerly Known as Sundaram Banking & PSU Debt Fund) - Regular Annual Bonus,11.6319,17-Feb-2017
Sundaram Banking & PSU Fund (Formerly Known as Sundaram Banking & PSU Debt Fund) - Regular Daily Dividend Reinvestment,11.6582,17-Mar-2017
Sundaram Banking & PSU Fund (Formerly Known as Sundaram Banking & PSU Debt Fund) - Regular Growth,11.6493,17-Mar-2017
Sundaram Banking & PSU Fund (Formerly Known as Sundaram Banking & PSU Debt Fund) - Regular Monthly Dividend,11.1411,17-Mar-2017
Sundaram Banking & PSU Fund (Formerly Known as Sundaram Banking & PSU Debt Fund) - Regular Quarterly Bonus,11.1681,16-Aug-2016
Sundaram Banking & PSU Fund (Formerly Known as Sundaram Banking & PSU Debt Fund) - Regular Quarterly Dividend,11.0236,17-Mar-2017
Sundaram Banking & PSU Fund (Formerly Known as Sundaram Banking & PSU Debt Fund) - Regular Weekly Dividend,10.1418,17-Mar-2017
Sundaram Banking & PSU Fund (Formerly Known as Sundaram Banking and PSU Debt Fund) Direct Plan - Bonus,21.8981,27-Jun-2025
Sundaram Banking & PSU Fund (Formerly Known as Sundaram Banking and PSU Debt Fund) Direct Plan - Daily Reinvestment of Income Distribution cum Capital Withdrawal (IDCW),10.23,28-Jun-2024
Sundaram Banking & PSU Fund (Formerly Known as Sundaram Banking and PSU Debt Fund) Direct Plan - Growth,45.3696,30-Apr-2026
Sundaram Banking & PSU Fund (Formerly Known as Sundaram Banking and PSU Debt Fund) Direct Plan - Income Distribution cum Capital Withdrawal (IDCW),11.2949,30-Apr-2026
Sundaram Banking & PSU Fund (Formerly Known as Sundaram Banking and PSU Debt Fund) Regular Plan - Bonus,21.7644,27-Jun-2025
Sundaram Banking & PSU Fund (Formerly Known as Sundaram Banking and PSU Debt Fund) Regular Plan - Daily Reinvestment of Income Distribution cum Capital Withdrawal (IDCW),10.355,28-Jun-2024
Sundaram Banking & PSU Fund (Formerly Known as Sundaram Banking and PSU Debt Fund) Regular Plan - Growth,44.6777,30-Apr-2026
Sundaram Banking & PSU Fund (Formerly Known as Sundaram Banking and PSU Debt Fund) Regular Plan - Income Distribution cum Capital Withdrawal (IDCW),11.3223,30-Apr-2026
Sundaram Banking & PSU Fund (Formerly Known as Sundaram Banking and PSU Debt Fund) Regular Plan - Weekly Reinvestment of Income Distribution cum Capital Withdrawal (IDCW),12.1035,28-Jun-2024
Sundaram Banking & PSU Fund (Formerly Known as Sundaram Banking and PSU Debt Fund) Retail Plan - Growth,35.6206,28-Jun-2024
Sundaram Banking & PSU Fund (Formerly Known as Sundaram Banking and PSU Debt Fund) Retail Plan - Monthly Income Distribution cum Capital Withdrawal (IDCW),11.4908,28-Jun-2024
UTI Banking & PSU Fund - Direct Plan - Annual IDCW,13.3971,30-Apr-2026
UTI Banking & PSU Fund - Direct Plan - Flexi IDCW,20.1599,30-Apr-2026
UTI Banking & PSU Fund - Direct Plan - Growth Option,23.3946,30-Apr-2026
UTI Banking & PSU Fund - Direct Plan - Half-Yearly IDCW,15.524,30-Apr-2026
UTI Banking & PSU Fund - Direct Plan - Monthly IDCW,13.6078,30-Apr-2026
UTI Banking & PSU Fund - Direct Plan - Quarterly IDCW,17.4123,30-Apr-2026
UTI Banking & PSU Fund - Regular Plan - Annual IDCW,13.1153,30-Apr-2026
UTI Banking & PSU Fund - Regular Plan - Flexi IDCW,15.393,30-Apr-2026
UTI Banking & PSU Fund - Regular Plan - Half-Yearly IDCW,15.3285,30-Apr-2026
UTI Banking & PSU Fund - Regular Plan - Monthly IDCW,13.3466,30-Apr-2026
UTI Banking & PSU Fund - Regular Plan - Quarterly IDCW,15.752,30-Apr-2026
UTI Banking & PSU Fund- Regular Plan - Growth Option,22.9538,30-Apr-2026
Aditya Birla Sun Life Corporate Bond Fund - Growth - Direct Plan,118.6668,30-Apr-2026
Aditya Birla Sun Life Corporate Bond Fund - Growth - Regular Plan,116.5058,30-Apr-2026
Aditya Birla Sun Life Corporate Bond Fund -DIRECT - IDCW,10.3855,30-Apr-2026
Aditya Birla Sun Life Corporate Bond Fund -DIRECT - MONTHLY IDCW,12.6924,30-Apr-2026
Aditya Birla Sun Life Corporate Bond Fund -REGULAR - IDCW,11.6461,30-Apr-2026
Aditya Birla Sun Life Corporate Bond Fund -REGULAR - MONTHLY IDCW,12.4779,30-Apr-2026
Axis Corporate Bond Fund - Direct Plan - Daily IDCW,10.2095,30-Apr-2026
Axis Corporate Bond Fund - Direct Plan - Monthly IDCW,10.1703,30-Apr-2026
Axis Corporate Bond Fund - Direct Plan - Regular IDCW,14.7245,30-Apr-2026
Axis Corporate Bond Fund - Direct Plan - Weekly IDCW,10.3385,30-Apr-2026
Axis Corporate Bond Fund - Direct Plan Growth,18.8738,30-Apr-2026
Axis Corporate Bond Fund - Regular Plan - Daily IDCW,10.2077,30-Apr-2026
Axis Corporate Bond Fund - Regular Plan - Monthly IDCW,10.167,30-Apr-2026
Axis Corporate Bond Fund - Regular Plan - Regular IDCW,13.7112,30-Apr-2026
Axis Corporate Bond Fund - Regular Plan - Weekly IDCW,10.2191,30-Apr-2026
Axis Corporate Bond Fund - Regular Plan Growth,17.747,30-Apr-2026
BANDHAN Corporate Bond Fund - Direct Annual IDCW,10.2738,30-Apr-2026
BANDHAN Corporate Bond Fund - Direct Growth,20.6216,30-Apr-2026
BANDHAN Corporate Bond Fund - Direct Half Yearly IDCW,11.5606,30-Apr-2026
BANDHAN Corporate Bond Fund - Direct Monthly IDCW,10.3274,30-Apr-2026
BANDHAN Corporate Bond Fund - Direct Periodic IDCW,13.6813,30-Apr-2026
BANDHAN Corporate Bond Fund - Direct Quarterly IDCW,10.664,30-Apr-2026
BANDHAN Corporate Bond Fund - Regular Annual IDCW,10.2628,30-Apr-2026
BANDHAN Corporate Bond Fund - Regular Growth,19.973,30-Apr-2026
BANDHAN Corporate Bond Fund - Regular Half Yearly IDCW,10.9522,30-Apr-2026
BANDHAN Corporate Bond Fund - Regular Monthly IDCW,10.5806,30-Apr-2026
BANDHAN Corporate Bond Fund - Regular Periodic IDCW,13.4644,30-Apr-2026
BANDHAN Corporate Bond Fund - Regular Quarterly IDCW,10.694,30-Apr-2026
BARODA BNP PARIBAS Corporate Bond Fund - Defunct Plan - Annual-IDCW Option,11.9212,30-Apr-2026
BARODA BNP PARIBAS Corporate Bond Fund - Defunct Plan - Growth Option,33.1176,30-Apr-2026
BARODA BNP PARIBAS Corporate Bond Fund - Defunct Plan - Monthly-IDCW Option,10.2477,30-Apr-2026
BARODA BNP PARIBAS Corporate Bond Fund - Defunct Plan - Quarterly-IDCW Option,10.3014,30-Apr-2026
BARODA BNP PARIBAS Corporate Bond Fund - Direct Plan - Annual IDCW Option,12.2084,30-Apr-2026
BARODA BNP PARIBAS Corporate Bond Fund - Direct Plan - Growth Option,30.4575,30-Apr-2026
BARODA BNP PARIBAS Corporate Bond Fund - Direct Plan - Monthly IDCW Option,10.4527,30-Apr-2026
BARODA BNP PARIBAS Corporate Bond Fund - Direct Plan - Quarterly IDCW Option,10.5422,30-Apr-2026
BARODA BNP PARIBAS CORPORATE BOND FUND - Regular Plan - ANNUAL IDCW OPTION,11.844,30-Apr-2026
BARODA BNP PARIBAS CORPORATE BOND FUND - Regular Plan - GROWTH OPTION,28.6133,30-Apr-2026
BARODA BNP PARIBAS CORPORATE BOND FUND - Regular Plan - MONTHLY IDCW OPTION,10.2917,30-Apr-2026
BARODA BNP PARIBAS CORPORATE BOND FUND - Regular Plan - QUARTERLY IDCW OPTION,10.3137,30-Apr-2026
CANARA ROBECO CORPORATE BOND FUND - DIRECT PLAN - GROWTH OPTION,24.1137,30-Apr-2026
CANARA ROBECO CORPORATE BOND FUND - DIRECT PLAN - IDCW (Payout/Reinvestment),12.5157,30-Apr-2026
CANARA ROBECO CORPORATE BOND FUND - REGULAR PLAN - GROWTH OPTION,22.3849,30-Apr-2026
CANARA ROBECO CORPORATE BOND FUND - REGULAR PLAN - IDCW (Payout/Reinvestment),11.6351,30-Apr-2026
DSP Corporate Bond Fund - Direct - Growth,17.0453,30-Apr-2026
DSP Corporate Bond Fund - Direct - IDCW,11.3292,30-Apr-2026
DSP Corporate Bond Fund - Direct - IDCW - Monthly,10.587,30-Apr-2026
DSP Corporate Bond Fund - Direct - IDCW - Quarterly,11.4289,30-Apr-2026
DSP Corporate Bond Fund - Regular - Growth,16.7185,30-Apr-2026
DSP Corporate Bond Fund - Regular - IDCW,11.3044,30-Apr-2026
DSP Corporate Bond Fund - Regular - IDCW - Monthly,10.5629,30-Apr-2026
DSP Corporate Bond Fund - Regular - IDCW - Quarterly,10.7746,30-Apr-2026
Franklin India Corporate Debt Fund - Direct - Bonus,0.0,08-May-2015
Franklin India Corporate Debt Fund - Direct - GROWTH,113.4404,30-Apr-2026
Franklin India Corporate Debt Fund - Growth,104.2961,30-Apr-2026
Franklin India Corporate Debt Fund - Monthly Bonus,0.0,08-Jun-2015
Franklin India Corporate Debt Fund - Plan A - Annual - IDCW,16.6463,30-Apr-2026
Franklin India Corporate Debt Fund - Plan A - Direct - Annual - IDCW,18.669,30-Apr-2026
Franklin India Corporate Debt Fund - Plan A - Direct - Half yearly - IDCW,14.637,30-Apr-2026
Franklin India Corporate Debt Fund - Plan A - Direct - Monthly - IDCW,16.9485,30-Apr-2026
Franklin India Corporate Debt Fund - Plan A - Direct - Quarterly - IDCW,13.6255,30-Apr-2026
Franklin India Corporate Debt Fund - Plan B - Half yearly - IDCW,12.4123,30-Apr-2026
Franklin India Corporate Debt Fund - Plan B - Monthly - IDCW,15.1608,30-Apr-2026
Franklin India Corporate Debt Fund - Plan B - Quarterly - IDCW,12.0002,30-Apr-2026
HDFC Corporate Bond Fund - Growth Option,33.5373,30-Apr-2026
HDFC Corporate Bond Fund - Growth Option - Direct Plan,34.3419,30-Apr-2026
HDFC Corporate Bond Fund - IDCW Option,20.3024,30-Apr-2026
HDFC Corporate Bond Fund - IDCW Option - Direct Plan,21.0423,30-Apr-2026
HDFC Corporate Bond Fund - Quarterly IDCW Option,10.5068,30-Apr-2026
HDFC Corporate Bond Fund - Quarterly IDCW Option - Direct Plan,10.4077,30-Apr-2026
HSBC Corporate Bond Fund - Direct Annual IDCW,11.5211,30-Apr-2026
HSBC Corporate Bond Fund - Direct Growth,81.1105,30-Apr-2026
HSBC Corporate Bond Fund - Direct Quarterly IDCW,11.251,30-Apr-2026
HSBC Corporate Bond Fund - Direct Semi Annual IDCW,19.6047,30-Apr-2026
HSBC Corporate Bond Fund - Regular Annual IDCW,11.2459,30-Apr-2026
HSBC Corporate Bond Fund - Regular Growth,75.9738,30-Apr-2026
HSBC Corporate Bond Fund - Regular Quarterly IDCW,10.8381,30-Apr-2026
HSBC Corporate Bond Fund - Regular Semi Annual IDCW,16.3561,30-Apr-2026
HSBC Corporate Bond Fund -Regular Plan - Bonus,28.8589,30-Apr-2026
ICICI Prudential Corporate Bond Fund - Bonus,14.9782,24-Apr-2020
ICICI Prudential Corporate Bond Fund - Daily IDCW,10.1065,16-Sep-2022
ICICI Prudential Corporate Bond Fund - Direct Plan - Daily IDCW,10.1008,16-Sep-2022
ICICI Prudential Corporate Bond Fund - Direct Plan - Fortnightly IDCW,12.1669,16-Sep-2022
ICICI Prudential Corporate Bond Fund - Direct Plan - Growth,32.6592,30-Apr-2026
ICICI Prudential Corporate Bond Fund - Direct Plan - Half Yearly IDCW Option,12.8827,16-Sep-2022
ICICI Prudential Corporate Bond Fund - Direct Plan - Monthly IDCW,10.2491,30-Apr-2026
ICICI Prudential Corporate Bond Fund - Direct Plan - Quarterly IDCW,15.4449,30-Apr-2026
ICICI Prudential Corporate Bond Fund - Direct Plan - Weekly IDCW,10.2332,16-Sep-2022
ICICI Prudential Corporate Bond Fund - Fortnightly IDCW,10.2243,16-Sep-2022
ICICI Prudential Corporate Bond Fund - Growth,31.1234,30-Apr-2026
ICICI Prudential Corporate Bond Fund - Half Yearly IDCW Option,12.6555,16-Sep-2022
ICICI Prudential Corporate Bond Fund - Monthly IDCW,10.4007,30-Apr-2026
ICICI Prudential Corporate Bond Fund - Premium Daily Dividend,10.0277,24-Apr-2020
ICICI Prudential Corporate Bond Fund - Premium Monthly Dividend,10.077,04-Aug-2015
ICICI Prudential Corporate Bond Fund - Weekly IDCW,10.304,16-Sep-2022
ICICI Prudential Corporate Bond Fund -Quarterly IDCW,11.1624,30-Apr-2026
ICICI Prudential Corporate Bond Fund Retail Daily Dividend,10.0275,24-Apr-2020
ICICI Prudential Corporate Bond Fund Retail Fort Nightly Dividend,10.3041,24-Apr-2020
ICICI Prudential Corporate Bond Fund Retail Growth,22.7853,24-Apr-2020
ICICI Prudential Corporate Bond Fund Retail Monthly Dividend,10.3008,24-Apr-2020
ICICI Prudential Corporate Bond Fund Retail Quarterly Dividend,10.9335,24-Apr-2020
ICICI Prudential Corporate Bond Fund Retail Weekly Dividend,10.2202,24-Apr-2020
Invesco India Corporate Bond Fund - Direct Plan - Annual IDCW (Payout / Reinvestment),1212.1149,30-Apr-2026
Invesco India Corporate Bond Fund - Direct Plan - Discretionary IDCW (Payout / Reinvestment),3529.4783,30-Apr-2026
Invesco India Corporate Bond Fund - Direct Plan - Growth,3528.3513,30-Apr-2026
Invesco India Corporate Bond Fund - Direct Plan - Monthly IDCW (Payout / Reinvestment),1253.5612,30-Apr-2026
Invesco India Corporate Bond Fund - Direct Plan - Quarterly IDCW (Payout / Reinvestment),1156.1424,30-Apr-2026
Invesco India Corporate Bond Fund - Regular Plan - Annual IDCW (Payout / Reinvestment),1306.363,30-Apr-2026
Invesco India Corporate Bond Fund - Regular Plan - Discretionary IDCW (Payout / Reinvestment),3447.7238,30-Apr-2026
Invesco India Corporate Bond Fund - Regular Plan - Growth,3281.6369,30-Apr-2026
Invesco India Corporate Bond Fund - Regular Plan - Monthly IDCW (Payout / Reinvestment),1880.9243,30-Apr-2026
Invesco India Corporate Bond Fund - Regular Plan - Quarterly IDCW (Payout / Reinvestment),1150.7515,30-Apr-2026
Kotak Coporate Bond Fund- Retail Plan-Growth Option,2034.9063,21-Oct-2016
Kotak Corporate Bond Fund- Direct Plan- Growth Option,4099.8737,30-Apr-2026
Kotak Corporate Bond Fund- Direct Plan- Monthly Payout of Income Distribution cum capital withdrawal option,1071.3304,30-Apr-2026
Kotak Corporate Bond Fund- Institutional Plan-Growth Option,2090.4924,21-Oct-2016
Kotak Corporate Bond Fund- Regular Plan-Growth Option,3915.7494,30-Apr-2026
Kotak Corporate Bond Fund- Regular Plan-Monthly Dividend Option,1275.6016,30-Apr-2026
Kotak Corporate Bond Fund- Regular Plan-Quarterly Dividend Option,1066.6837,15-Sep-2017
Kotak Corporate Bond Fund- Retail Plan- Monthly Dividend Option,1040.0538,21-Oct-2016
Kotak Corporate Bond Fund- Retail Plan- Weekly Dividend Option,1052.3061,21-Oct-2016
Kotak Corporate Bond Fund- Retail Plan-Daily Dividend Option,1052.6393,21-Oct-2016
Kotak Corporate Bond Fund- Standard Plan-Daily Dividend Option,1052.7994,21-Oct-2016
Kotak Corporate Bond Fund- Standard Plan-Weekly Dividend Option,1202.9939,21-Oct-2016
Mirae Asset Corporate Bond Fund Direct Growth Plan,13.4791,30-Apr-2026
Mirae Asset Corporate Bond Fund Direct IDCW,13.4757,30-Apr-2026
Mirae Asset Corporate Bond Fund Regular Growth,13.1794,30-Apr-2026
Mirae Asset Corporate Bond Fund Regular IDCW,13.1794,30-Apr-2026
NIPPON INDIA CORPORATE BOND FUND - DAILY IDCW Option,17.0443,30-Apr-2026
NIPPON INDIA CORPORATE BOND FUND - DIRECT Plan - DAILY IDCW Option,17.0461,30-Apr-2026
NIPPON INDIA CORPORATE BOND FUND - DIRECT Plan - IDCW Option,20.7498,30-Apr-2026
NIPPON INDIA CORPORATE BOND FUND - DIRECT Plan - MONTHLY IDCW Option,11.739,30-Apr-2026
NIPPON INDIA CORPORATE BOND FUND - DIRECT Plan - QUARTERLY IDCW Option,12.1325,30-Apr-2026
NIPPON INDIA CORPORATE BOND FUND - DIRECT Plan - WEEKLY IDCW Option,17.0461,30-Apr-2026
Nippon India Corporate Bond Fund - Direct Plan Growth Plan - Bonus,46.7515,30-Apr-2026
Nippon India Corporate Bond Fund - Direct Plan Growth Plan - Growth Option,65.4828,30-Apr-2026
Nippon India Corporate Bond Fund - Growth Plan - Bonus Option,44.4192,30-Apr-2026
Nippon India Corporate Bond Fund - Growth Plan - Growth Option,62.195,30-Apr-2026
NIPPON INDIA CORPORATE BOND FUND - IDCW Option,19.9256,30-Apr-2026
NIPPON INDIA CORPORATE BOND FUND - MONTHLY IDCW Option,11.6077,30-Apr-2026
NIPPON INDIA CORPORATE BOND FUND - QUARTERLY IDCW Option,11.9716,30-Apr-2026
NIPPON INDIA CORPORATE BOND FUND - WEEKLY IDCW Option,17.0443,30-Apr-2026
PGIM India Corporate Bond Fund - Annual Dividend,10.0657,30-Apr-2026
PGIM India Corporate Bond Fund - Direct Plan - Annual Dividend,15.5492,30-Apr-2026
PGIM India Corporate Bond Fund - Direct Plan - Growth,49.9239,30-Apr-2026
PGIM India Corporate Bond Fund - Direct Plan - Monthly Dividend,14.4569,30-Apr-2026
PGIM India Corporate Bond Fund - Direct Plan - Quarterly Dividend,12.86,30-Apr-2026
PGIM India Corporate Bond Fund - Growth,44.5383,30-Apr-2026
PGIM India Corporate Bond Fund - Monthly Dividend,12.3835,30-Apr-2026
PGIM India Corporate Bond Fund - Premium Plus Plan - Growth,21.588,21-Jan-2022
PGIM India Corporate Bond Fund - Quarterly Dividend,11.2957,30-Apr-2026
PGIM India Premier Bond Fund - Annual Bonus,24.9334,01-Aug-2016
PGIM India Premier Bond Fund - Bonus,15.226,01-Aug-2016
PGIM India Premier Bond Fund - Direct Plan - Half-Yearly Bonus,13.2164,01-Aug-2016
PGIM India Premier Bond Fund - Half-Yearly Bonus,13.5688,24-May-2019
SBI Corporate Bond Fund - Direct Plan - Growth,16.598,30-Apr-2026
SBI Corporate Bond Fund - Direct Plan - Monthly Income Distribution cum Capital Withdrawal Option (IDCW),15.6669,30-Apr-2026
SBI Corporate Bond Fund - Direct Plan - Quarterly Income Distribution cum Capital Withdrawal Option (IDCW),16.1356,30-Apr-2026
SBI Corporate Bond Fund - Regular Plan - Growth,16.0564,30-Apr-2026
SBI Corporate Bond Fund - Regular Plan - Monthly Income Distribution cum Capital Withdrawal Option (IDCW),15.1532,30-Apr-2026
SBI Corporate Bond Fund - Regular Plan - Quarterly Income Distribution cum Capital Withdrawal Option (IDCW),15.6006,30-Apr-2026
Sundaram Banking and PSU Debt Fund Direct Plan - Weekly Reinvestment of Income Distribution cum Capital Withdrawal (IDCW),13.0091,28-Jun-2024
Sundaram Corporate Bond Fund Direct Plan - Growth,43.0717,30-Apr-2026
Sundaram Corporate Bond Fund Direct Plan - Income Distribution cum Capital Withdrawal (IDCW),17.7706,27-Jun-2025
Sundaram Corporate Bond Fund Direct Plan - Income Distribution cum Capital Withdrawal(IDCW),17.9673,27-Jun-2025
Sundaram Corporate Bond Fund Direct Plan -Income Distribution cum Capital Withdrawal (IDCW),18.5296,27-Jun-2025
Sundaram Corporate Bond Fund Direct Plan-Income Distribution cum Capital Withdrawal(IDCW),19.2271,30-Apr-2026
Sundaram Corporate Bond Fund Regular Plan - Income Distribution cum Capital Withdrawal (IDCW ),18.5862,30-Apr-2026
Sundaram Corporate Bond Fund Regular Plan -Income Distribution cum Capital Withdrawal(IDCW),16.9548,27-Jun-2025
Sundaram Corporate Bond Fund Regular Plan- Growth,41.5643,30-Apr-2026
Sundaram Corporate Bond Fund Regular Plan- Income Distribution cum Capital Withdrawal (IDCW),17.9561,27-Jun-2025
Sundaram Corporate Bond Fund Regular Plan-Income Distribution cum Capital Withdrawal (IDCW),17.6302,27-Jun-2025
Tata Corporate Bond Fund-Direct Plan-Growth,13.0961,30-Apr-2026
Tata Corporate Bond Fund-Direct Plan-IDCW Monthly Payout,13.0961,30-Apr-2026
Tata Corporate Bond Fund-Direct Plan-IDCW Monthly Reinvestment,13.0961,30-Apr-2026
Tata Corporate Bond Fund-Direct Plan-IDCW Periodic Payout,13.0961,30-Apr-2026
Tata Corporate Bond Fund-Direct Plan-IDCW Periodic Reinvestment,13.0961,30-Apr-2026
Tata Corporate Bond Fund-Direct Plan-IDCW Quarterly Payout,13.0961,30-Apr-2026
Tata Corporate Bond Fund-Direct Plan-IDCW Quarterly Reinvestment,13.0961,30-Apr-2026
Tata Corporate Bond Fund-Regular Plan-Growth,12.7743,30-Apr-2026
Tata Corporate Bond Fund-Regular Plan-IDCW Monthly Payout,12.7743,30-Apr-2026
Tata Corporate Bond Fund-Regular Plan-IDCW Monthly Reinvestment,12.7743,30-Apr-2026
Tata Corporate Bond Fund-Regular Plan-IDCW Periodic Payout,12.7743,30-Apr-2026
Tata Corporate Bond Fund-Regular Plan-IDCW Periodic Reinvestment,12.7743,30-Apr-2026
Tata Corporate Bond Fund-Regular Plan-IDCW Quarterly Payout,12.7743,30-Apr-2026
Tata Corporate Bond Fund-Regular Plan-IDCW Quarterly Reinvestment,12.7743,30-Apr-2026
TRUSTMF CORPORATE BOND FUND-DIRECT PLAN-GROWTH,1246.1386,30-Apr-2026
TRUSTMF CORPORATE BOND FUND-DIRECT PLAN-MONTHLY IDCW,1170.0707,30-Apr-2026
TRUSTMF CORPORATE BOND FUND-REGULAR PLAN-GROWTH,1229.8376,30-Apr-2026
TRUSTMF CORPORATE BOND FUND-REGULAR PLAN-MONTHLY IDCW,1151.9685,30-Apr-2026
Union Corporate Bond Fund - Direct Plan - Growth Option,16.1611,30-Apr-2026
Union Corporate Bond Fund - Direct Plan - IDCW Option,16.1611,30-Apr-2026
Union Corporate Bond Fund - Regular Plan - Growth Option,15.7637,30-Apr-2026
Union Corporate Bond Fund - Regular Plan - IDCW Option,15.7637,30-Apr-2026
UTI - Bond Fund ( Segregated - 17022020) - Regular Plan - Growth Option,6.8146,27-Jan-2022
UTI - Bond Fund (Segregated - 17022020) - Direct Plan - Growth Option,7.3484,27-Jan-2022
UTI Bond Fund ( Segregated - 17022020) - Direct Plan - Annual IDCW,1.504,27-Jan-2022
UTI Bond Fund ( Segregated - 17022020) - Direct Plan - Flexi IDCW,1.4941,27-Jan-2022
UTI Bond Fund ( Segregated - 17022020) - Direct Plan - Half-Yearly IDCW,1.4429,27-Jan-2022
UTI Bond Fund ( Segregated - 17022020) - Direct Plan - Quarterly IDCW,2.3467,27-Jan-2022
UTI Bond Fund ( Segregated - 17022020) - Regular Plan - Annual IDCW,1.4416,27-Jan-2022
UTI Bond Fund ( Segregated - 17022020) - Regular Plan - Flexi IDCW,1.4408,27-Jan-2022
UTI Bond Fund ( Segregated - 17022020) - Regular Plan - Half-Yearly IDCW,1.4131,27-Jan-2022
UTI Bond Fund ( Segregated - 17022020) - Regular Plan - Quarterly IDCW,1.8744,27-Jan-2022
UTI Corporate Bond Fund - Direct Plan - Annual IDCW,13.5711,30-Apr-2026
UTI Corporate Bond Fund - Direct Plan - Flexi IDCW,15.3702,30-Apr-2026
UTI Corporate Bond Fund - Direct Plan - Growth Option,17.4387,30-Apr-2026
UTI Corporate Bond Fund - Direct Plan - Half-Yearly IDCW,14.9009,30-Apr-2026
UTI Corporate Bond Fund - Direct Plan - Quarterly IDCW,15.2519,30-Apr-2026
UTI Corporate Bond Fund - Regular Plan - Annual IDCW,13.1991,30-Apr-2026
UTI Corporate Bond Fund - Regular Plan - Flexi IDCW,14.9898,30-Apr-2026
UTI Corporate Bond Fund - Regular Plan - Growth Option,17.0231,30-Apr-2026
UTI Corporate Bond Fund - Regular Plan - Half-Yearly IDCW,14.3833,30-Apr-2026
UTI Corporate Bond Fund - Regular Plan - Quarterly IDCW,14.8027,30-Apr-2026
Aditya Birla Sun Life Credit Risk Fund - Direct - IDCW,14.2021,30-Apr-2026
Aditya Birla Sun Life Credit Risk Fund - Direct Plan - Bonus,27.1486,30-Apr-2026
Aditya Birla Sun Life Credit Risk Fund - Direct Plan - Growth,27.1498,30-Apr-2026
Aditya Birla Sun Life Credit Risk Fund - Regular - IDCW,12.8566,30-Apr-2026
Aditya Birla Sun Life Credit Risk Fund - Regular Plan - Bonus,17.7004,23-May-2023
Aditya Birla Sun Life Credit Risk Fund - Regular Plan - Growth,24.5994,30-Apr-2026
Axis Credit Risk Fund - Direct Plan - Growth,25.4861,30-Apr-2026
Axis Credit Risk Fund - Direct Plan - Monthly IDCW,10.1324,30-Apr-2026
Axis Credit Risk Fund - Direct Plan - Weekly IDCW,10.28,30-Apr-2026
Axis Credit Risk Fund - Regular Plan - Growth,22.6455,30-Apr-2026
Axis Credit Risk Fund - Regular Plan - Monthly IDCW,10.0818,30-Apr-2026
Axis Credit Risk Fund - Regular Plan - Weekly IDCW,10.1518,30-Apr-2026
BANDHAN CREDIT RISK FUND - DIRECT PLAN HALF YEARLY IDCW,10.4517,25-Aug-2020
BANDHAN Credit Risk Fund - Regular Plan Annual IDCW,10.2326,30-Apr-2026
BANDHAN Credit Risk Fund - Regular Plan Growth,16.9457,30-Apr-2026
BANDHAN Credit Risk Fund - Regular Plan Half Yearly IDCW,10.1838,30-Apr-2026
BANDHAN Credit Risk Fund - Regular Plan Periodic IDCW,13.1591,30-Apr-2026
BANDHAN Credit Risk Fund - Regular Plan Quarterly IDCW,10.5615,30-Apr-2026
BANDHAN Credit Risk Fund-Direct Plan-Annual IDCW,10.3106,30-Apr-2026
BANDHAN Credit Risk Fund-Direct Plan-Growth,18.5476,30-Apr-2026
BANDHAN Credit Risk Fund-Direct Plan-Periodic IDCW,13.7162,30-Apr-2026
BANDHAN Credit Risk Fund-Direct Plan-Quarterly IDCW,10.7707,30-Apr-2026
BANK OF INDIA Credit Risk  Fund - Direct Plan,14.5265,30-Apr-2026
BANK OF INDIA Credit Risk Fund - Regular Plan,14.1313,30-Apr-2026
Baroda BNP Paribas Credit Risk fund - Regular-Quarterly- IDCW option -Seg. Portfolio 2 (erstwhile BBNPP Medium Duration Fund Regular-Quarterly IDCW option Seg. Portfolio 1),0.0,30-Apr-2026
Baroda BNP Paribas Credit Risk fund - Regular-Weekly-IDCW option -Seg. Portfolio 2 (erstwhile BBNPP Medium Duration Fund Regular-Weekly IDCW option Seg. Portfolio 1),0.0,30-Apr-2026
Baroda BNP Paribas Credit risk fund -Defunct -Growth option -Seg-Portfolio 2 (erstwhile BBNPP Medium Duration Fund-Defunct Growth Option Seg.Portfolio1),0.0,30-Apr-2026
Baroda BNP Paribas Credit Risk fund -Defunct -Monthly IDCW option -Seg. Portfolio 2 (erstwhile BBNPP Medium Duration Fund Defunct-Monthly IDCW option Seg. Portfolio 1),0.0,30-Apr-2026
Baroda BNP Paribas Credit Risk fund -Defunct -Weekly IDCW option -Seg. Portfolio 2 (erstwhile BBNPP Medium Duration Fund Defunct-Weekly IDCW option Seg. Portfolio 1),0.0,30-Apr-2026
Baroda BNP Paribas Credit Risk fund -Direct - Growth option -Seg. Portfolio 2 (erstwhile BBNPP Medium Duration Fund Direct-Growth option Seg. Portfolio 1),0.0,30-Apr-2026
Baroda BNP Paribas Credit Risk fund -Direct -Monthly IDCW option -Seg. Portfolio 2 (erstwhile BBNPP Medium Duration Fund Direct-Monthly IDCW option Seg. Portfolio 1),0.0,30-Apr-2026
Baroda BNP Paribas Credit Risk fund -Direct -Quarterly IDCW option -Seg. Portfolio 2 (erstwhile BBNPP Medium Duration Fund Direct-Quarterly IDCW option Seg. Portfolio 1),0.0,30-Apr-2026
Baroda BNP Paribas Credit Risk fund -Direct -Weekly IDCW option -Seg. Portfolio 2 (erstwhile BBNPP Medium Duration Fund Direct-weekly IDCW option Seg. Portfolio 1),0.0,30-Apr-2026
Baroda BNP Paribas Credit Risk Fund -Direct- Monthly IDCW,14.2434,30-Apr-2026
Baroda BNP Paribas Credit Risk Fund -Direct- Quarterly IDCW,12.676,30-Apr-2026
Baroda BNP Paribas Credit Risk fund -Direct-Daily IDCW option -Seg. Portfolio 2 (erstwhile BBNPP Medium Duration Fund Direct-daily-IDCW option Seg. Portfolio 1),0.0,30-Apr-2026
Baroda BNP Paribas Credit Risk Fund -Direct-Growth Option,25.8243,30-Apr-2026
Baroda BNP Paribas Credit Risk fund -Regular -Daily-IDCW option -Seg. Portfolio 2 (erstwhile BBNPP Medium Duration Fund Regular-Daily-IDCW option Seg. Portfolio 1),0.0,30-Apr-2026
Baroda BNP Paribas Credit Risk fund -Regular -Monthly IDCW option -Seg. Portfolio 2 (erstwhile BBNPP Medium Duration Fund Regular-Monthly IDCW option Seg. Portfolio 1),0.0,30-Apr-2026
Baroda BNP Paribas Credit Risk fund -Regular-Growth -Seg. Portfolio 2 (erstwhile BBNPP Medium Duration Fund Regular Growth Seg. Portfolio 1),0.0,30-Apr-2026
Baroda BNP Paribas Credit Risk Fund -Regular-Growth Option,23.3141,30-Apr-2026
Baroda BNP Paribas Credit Risk Fund -Regular-Monthly IDCW,11.165,30-Apr-2026
Baroda BNP Paribas Credit Risk Fund -Regular-Quarterly IDCW,11.6137,30-Apr-2026
Baroda BNP Paribas Credit Risk Fund- Direct - Bonus Option- Segregated Portfolio- 1,0.0,14-Mar-2022
Baroda BNP Paribas Credit Risk Fund- Direct- Growth Option- Segregated Portfolio- 1,0.0,30-Apr-2026
Baroda BNP Paribas Credit Risk Fund- Direct- Monthly IDCW Option- Segregated Portfolio- 1,0.0,30-Apr-2026
Baroda BNP Paribas Credit Risk Fund- Regular- Bonus Option- Segregated Portfolio- 1,0.0,14-Mar-2022
Baroda BNP Paribas Credit Risk Fund- Regular- Growth Option- Segregated Portfolio- 1,0.0,30-Apr-2026
Baroda BNP Paribas Credit Risk Fund- Regular- Monthly IDCW Option- Segregated Portfolio- 1,0.0,30-Apr-2026
Baroda BNP Paribas Credit Risk Fund- Regular- Quarterly IDCW Option- Segregated Portfolio- 1,0.0,30-Apr-2026
Baroda BNP Paribas Credit Risk Fund-Defunct -Daily IDCW option - seg Portfolio 2 (erstwhile BBNPP Medium Duration fund Defunct Daily IDCW daily option Seg Portfolio 1),0.0,30-Apr-2026
Baroda BNP Paribas Credit Risk Fund-Direct- Quarterly IDCW Option- Segregated Portfolio- 1,0.0,30-Apr-2026
DSP Credit Risk Fund - Direct Plan -  IDCW - Monthly,11.0808,30-Apr-2026
DSP Credit Risk Fund - Direct Plan - Growth,58.7126,30-Apr-2026
DSP Credit Risk Fund - Direct Plan - IDCW,12.3072,30-Apr-2026
DSP Credit Risk Fund - Direct Plan - IDCW - Daily,11.0215,30-Apr-2026
DSP Credit Risk Fund - Direct Plan - IDCW - Quarterly,12.0999,30-Apr-2026
DSP Credit Risk Fund - Direct Plan - IDCW - Weekly,11.0302,30-Apr-2026
DSP Credit Risk Fund - Regular Plan - IDCW,12.2439,30-Apr-2026
DSP Credit Risk Fund - Regular Plan - IDCW - Daily,11.0195,30-Apr-2026
DSP Credit Risk Fund - Regular Plan - IDCW - Monthly,11.1441,30-Apr-2026
DSP Credit Risk Fund - Regular Plan - IDCW - Quarterly,11.9458,30-Apr-2026
DSP Credit Risk Fund - Regular Plan - IDCW - Weekly,11.0273,30-Apr-2026
DSP Credit Risk Fund - Regular Plan -Growth,53.4322,30-Apr-2026
Franklin India Credit Risk Fund - Direct - Growth,25.565,11-Jun-2023
Franklin India Credit Risk Fund - Direct - IDCW,14.0105,11-Jun-2023
Franklin India Credit Risk Fund - Growth,25.3348,11-Jun-2023
Franklin India Credit Risk Fund - IDCW,13.5858,11-Jun-2023
Franklin India Credit Risk Fund - Segregated Portfolio 3 (9.50% Yes bank Ltd CO 23Dec21) - Direct Growth Plan,0.0,30-Apr-2026
Franklin India Credit Risk Fund - Segregated Portfolio 3 (9.50% Yes Bank Ltd CO 23Dec21) - Growth Plan,0.0,30-Apr-2026
Franklin India Credit Risk Fund- Segregated Portfolio 1- 8.25% Vodafone Idea Ltd-10JUL20-Direct-Dividend Plan,0.0,20-Jul-2020
Franklin India Credit Risk Fund- Segregated Portfolio 1- 8.25% Vodafone Idea Ltd-10JUL20-Direct-Growth Plan,0.0,20-Jul-2020
Franklin India Credit Risk Fund- Segregated Portfolio 1- 8.25% Vodafone Idea Ltd-10JUL20-Dividend Plan,0.0,20-Jul-2020
Franklin India Credit Risk Fund- Segregated Portfolio 1- 8.25% Vodafone Idea Ltd-10JUL20-Growth Plan,0.0,20-Jul-2020
Franklin India Credit Risk Fund- Segregated Portfolio 2 - 10.90% Vodafone Idea Ltd (02-Sep-2023) - IDCW,0.0,11-Sep-2023
Franklin India Credit Risk Fund- Segregated Portfolio 2- 10.90% Vodafone Idea Ltd 02Sep2023-Direct Growth Plan,0.0,11-Sep-2023
Franklin India Credit Risk Fund- Segregated Portfolio 2- 10.90% Vodafone Idea Ltd 02Sep2023-Growth Plan,0.0,11-Sep-2023
Franklin India Credit Risk Fund- Segregated Portfolio 3 (9.50% Yes Bank Ltd CO 23Dec21) - IDCW,0.0,30-Apr-2026
Franklin India Credit Risk Fund-Segregated Portfolio 2 - 10.90% Vodafone Idea Ltd (02-Sep-2023) - Direct IDCW,0.0,11-Sep-2023
Franklin India Credit Risk Fund-Segregated Portfolio 3 (9.50% Yes Bank Ltd CO 23Dec21) - Direct IDCW,0.0,30-Apr-2026
HDFC Credit Risk Debt Fund - Growth Option,25.277,30-Apr-2026
HDFC Credit Risk Debt Fund - Growth Option - Direct Plan,27.4404,30-Apr-2026
HDFC Credit Risk Debt Fund - IDCW Option,23.2759,30-Apr-2026
HDFC Credit Risk Debt Fund - IDCW Option - Direct Plan,24.0544,30-Apr-2026
HDFC Credit Risk Debt Fund - Quarterly IDCW - Direct Plan,10.7982,30-Apr-2026
HDFC Credit Risk Debt Fund - Quarterly IDCW Option,10.4457,30-Apr-2026
HSBC Credit Risk Fund - Direct Annual IDCW,13.312,30-Apr-2026
HSBC Credit Risk Fund - Direct Growth,36.703,30-Apr-2026
HSBC Credit Risk Fund - Direct IDCW,12.2568,30-Apr-2026
HSBC Credit Risk Fund - Regular Annual IDCW,12.2071,30-Apr-2026
HSBC Credit Risk Fund - Regular Growth,33.6621,30-Apr-2026
HSBC Credit Risk Fund - Regular IDCW,11.1859,30-Apr-2026
HSBC Credit Risk Fund- Regular Plan - Bonus,33.1304,30-Apr-2026
ICICI Prudential Credit Risk Fund - Annual IDCW,10.3035,16-Sep-2022
ICICI Prudential Credit Risk Fund - Bonus,15.7498,24-Apr-2020
ICICI Prudential Credit Risk Fund - Direct Plan - Annual IDCW,10.4846,16-Sep-2022
ICICI Prudential Credit Risk Fund - Direct Plan - Growth,37.3787,30-Apr-2026
ICICI Prudential Credit Risk Fund - Direct Plan - Half Yearly IDCW,10.975,16-Sep-2022
ICICI Prudential Credit Risk Fund - Direct Plan - Quarterly IDCW,11.9112,30-Apr-2026
ICICI Prudential Credit Risk Fund - Direct Plan Bonus,14.6853,06-Feb-2019
ICICI Prudential Credit Risk Fund - Growth,33.7401,30-Apr-2026
ICICI Prudential Credit Risk Fund - Half Yearly IDCW,10.5892,16-Sep-2022
ICICI Prudential Credit Risk Fund - Quarterly IDCW,11.2158,30-Apr-2026
Invesco India Credit Risk Fund - Direct Plan - Discretionary IDCW (Payout / Reinvestment),2299.3157,30-Apr-2026
Invesco India Credit Risk Fund - Direct Plan - Growth,2282.278,30-Apr-2026
Invesco India Credit Risk Fund - Direct Plan - Monthly IDCW (Payout / Reinvestment),1176.328,30-Apr-2026
Invesco India Credit Risk Fund - Regular Plan - Discretionary IDCW (Payout / Reinvestment),2030.2828,30-Apr-2026
Invesco India Credit Risk Fund - Regular Plan - Growth,2030.9147,30-Apr-2026
Invesco India Credit Risk Fund - Regular Plan - Monthly IDCW (Payout / Reinvestment),1187.5782,30-Apr-2026
Kotak Credit Risk Fund - Direct Plan - Standard Income Distribution cum capital withdrawal option,26.4059,30-Apr-2026
Kotak Credit Risk Fund - Growth,31.0166,30-Apr-2026
Kotak Credit Risk Fund - Growth - Direct,35.1566,30-Apr-2026
Kotak Credit Risk Fund - Regular Plan - Standard Income Distribution cum capital withdrawal option,13.4887,30-Apr-2026
Nippon India Credit Risk Fund  - Growth Plan,37.0037,30-Apr-2026
Nippon India Credit Risk Fund  - Institutional Growth Plan,38.8934,30-Apr-2026
NIPPON INDIA CREDIT RISK FUND -  SEGREGATED PORTFOLIO 2 - DIRECT Plan - IDCW Option,0.0,30-Apr-2026
NIPPON INDIA CREDIT RISK FUND -  SEGREGATED PORTFOLIO 2 - DIRECT Plan - QUARTERLY IDCW Option,0.0,30-Apr-2026
NIPPON INDIA CREDIT RISK FUND -  SEGREGATED PORTFOLIO 2 - IDCW Option,0.0,30-Apr-2026
NIPPON INDIA CREDIT RISK FUND -  SEGREGATED PORTFOLIO 2 - QUARTERLY IDCW Option,0.0,30-Apr-2026
Nippon India Credit Risk Fund - Direct Plan - Growth Plan,40.9781,30-Apr-2026
NIPPON INDIA CREDIT RISK FUND - DIRECT Plan - IDCW Option,22.1866,30-Apr-2026
NIPPON INDIA CREDIT RISK FUND - DIRECT Plan - QUARTERLY IDCW Option,13.668,30-Apr-2026
NIPPON INDIA CREDIT RISK FUND - IDCW Option,20.2975,30-Apr-2026
NIPPON INDIA CREDIT RISK FUND - QUARTERLY IDCW Option,13.0625,30-Apr-2026
Nippon India Credit Risk Fund - Segregated Portfolio 1 - Direct Plan - Growth Plan,0.5342,27-Jan-2022
NIPPON INDIA CREDIT RISK FUND - SEGREGATED PORTFOLIO 1 - Direct Plan - IDCW Option,0.2893,27-Jan-2022
NIPPON INDIA CREDIT RISK FUND - SEGREGATED PORTFOLIO 1 - Direct Plan - QUARTERLY IDCW Option,0.2477,27-Jan-2022
Nippon India Credit Risk Fund - Segregated Portfolio 1 - Growth Plan,0.5036,27-Jan-2022
NIPPON INDIA CREDIT RISK FUND - SEGREGATED PORTFOLIO 1 - IDCW Option,0.2763,27-Jan-2022
Nippon India Credit Risk Fund - Segregated Portfolio 1 - Institutional Growth Plan,0.4333,27-Jan-2022
NIPPON INDIA CREDIT RISK FUND - SEGREGATED PORTFOLIO 1 - QUARTERLY IDCW Option,0.2405,27-Jan-2022
Nippon India Credit Risk Fund - Segregated Portfolio 2 - Direct Plan - Growth Plan,0.0,30-Apr-2026
Nippon India Credit Risk Fund - Segregated Portfolio 2 - Growth Plan,0.0,30-Apr-2026
Nippon India Credit Risk Fund - Segregated Portfolio 2 - Institutional Growth Plan,0.0,30-Apr-2026
SBI Credit Risk Fund - Direct Plan - Daily Income Distribution cum Capital Withdrawal Option (IDCW),16.5256,30-Apr-2026
SBI Credit Risk Fund - Direct Plan - Income Distribution cum Capital Withdrawal Option (IDCW),24.2358,30-Apr-2026
SBI CREDIT RISK FUND - DIRECT PLAN -GROWTH,52.0798,30-Apr-2026
SBI Credit Risk Fund - Regular Plan - Daily Income Distribution cum Capital Withdrawal Option (IDCW),15.8766,30-Apr-2026
SBI CREDIT RISK FUND - REGULAR PLAN - GROWTH,47.9691,30-Apr-2026
SBI Credit Risk Fund - Regular Plan - Income Distribution cum Capital Withdrawal Option (IDCW),21.6861,30-Apr-2026
UTI - Credit Risk Fund (Segregated - 06032020) - Direct Plan - Annual Dividend Option,0.0,30-Apr-2026
UTI - Credit Risk Fund (Segregated - 06032020) - Direct Plan - Flexi Dividend Option,0.0,30-Apr-2026
UTI - Credit Risk Fund (Segregated - 06032020) - Direct Plan - Growth Option,0.0,30-Apr-2026
UTI - Credit Risk Fund (Segregated - 06032020) - Direct Plan - Half Yearly Dividend Option,0.0,30-Apr-2026
UTI - Credit Risk Fund (Segregated - 06032020) - Direct Plan - Monthly Dividend Option,0.0,30-Apr-2026
UTI - Credit Risk Fund (Segregated - 06032020) - Direct Plan - Quarterly Dividend Option,0.0,30-Apr-2026
UTI - Credit Risk Fund (Segregated - 06032020) - Regular Plan - Annual Dividend Option,0.0,30-Apr-2026
UTI - Credit Risk Fund (Segregated - 06032020) - Regular Plan - Flexi Dividend Option,0.0,30-Apr-2026
UTI - Credit Risk Fund (Segregated - 06032020) - Regular Plan - Growth Option,0.0,30-Apr-2026
UTI - Credit Risk Fund (Segregated - 06032020) - Regular Plan - Half Yearly Dividend Option,0.0,30-Apr-2026
UTI - Credit Risk Fund (Segregated - 06032020) - Regular Plan - Monthly Dividend Option,0.0,30-Apr-2026
UTI - Credit Risk Fund (Segregated - 06032020) - Regular Plan - Quarterly Dividend Option,0.0,30-Apr-2026
UTI - Credit Risk Fund (Segregated - 07072020) - Direct  Plan - Quarterly Dividend Option,0.0,14-Jul-2020
UTI - Credit Risk Fund (Segregated - 07072020) - Direct Plan - Annual Dividend Option,0.0,14-Jul-2020
UTI - Credit Risk Fund (Segregated - 07072020) - Direct Plan - Flexi  Dividend Option,0.0,14-Jul-2020
UTI - Credit Risk Fund (Segregated - 07072020) - Direct Plan - Growth Option,0.0,14-Jul-2020
UTI - Credit Risk Fund (Segregated - 07072020) - Direct Plan - Half Yearly Dividend Option,0.0,14-Jul-2020
UTI - Credit Risk Fund (Segregated - 07072020) - Direct Plan - Monthly Dividend Option,0.0,14-Jul-2020
UTI - Credit Risk Fund (Segregated - 07072020) - Regular Plan - Annual Dividend Option,0.0,14-Jul-2020
UTI - Credit Risk Fund (Segregated - 07072020) - Regular Plan - Flexi  Dividend Option,0.0,14-Jul-2020
UTI - Credit Risk Fund (Segregated - 07072020) - Regular Plan - Growth Option,0.0,14-Jul-2020
UTI - Credit Risk Fund (Segregated - 07072020) - Regular Plan - Half Yearly Dividend Option,0.0,14-Jul-2020
UTI - Credit Risk Fund (Segregated - 07072020) - Regular Plan - Monthly Dividend Option,0.0,14-Jul-2020
UTI - Credit Risk Fund (Segregated - 07072020) - Regular Plan - Quarterly Dividend Option,0.0,14-Jul-2020
UTI - Credit Risk Fund (Segregated - 13092019) - Direct Plan - Annual Dividend Option,0.0,10-Mar-2022
UTI - Credit Risk Fund (Segregated - 13092019) - Direct Plan - Flexi Dividend Option,0.0,10-Mar-2022
UTI - Credit Risk Fund (Segregated - 13092019) - Direct Plan - Growth Option,0.0,10-Mar-2022
UTI - Credit Risk Fund (Segregated - 13092019) - Direct Plan - Half Yearly Dividend Option,0.0,10-Mar-2022
UTI - Credit Risk Fund (Segregated - 13092019) - Direct Plan - Monthly Dividend Option,0.0,10-Mar-2022
UTI - Credit Risk Fund (Segregated - 13092019) - Direct Plan - Quarterly Dividend Option,0.0,10-Mar-2022
UTI - Credit Risk Fund (Segregated - 13092019) - Regular Plan - Annual Dividend Option,0.0,10-Mar-2022
UTI - Credit Risk Fund (Segregated - 13092019) - Regular Plan - Flexi Dividend Option,0.0,10-Mar-2022
UTI - Credit Risk Fund (Segregated - 13092019) - Regular Plan - Growth Option,0.0,10-Mar-2022
UTI - Credit Risk Fund (Segregated - 13092019) - Regular Plan - Half Yearly Dividend Option,0.0,10-Mar-2022
UTI - Credit Risk Fund (Segregated - 13092019) - Regular Plan - Monthly Dividend Option,0.0,10-Mar-2022
UTI - Credit Risk Fund (Segregated - 13092019) - Regular Plan - Quarterly Dividend Option,0.0,10-Mar-2022
UTI - Credit Risk Fund (Segregated - 17022020) - Direct Plan - Growth Option,2.6874,31-Jan-2022
UTI - Credit Risk Fund (Segregated - 17022020) - Regular Plan - Growth Option,2.4018,31-Jan-2022
UTI Credit Risk Fund ( Segregated - 17022020 ) - Direct Plan - Annual IDCW,1.7437,31-Jan-2022
UTI Credit Risk Fund ( Segregated - 17022020 ) - Direct Plan - Flexi IDCW,1.7035,31-Jan-2022
UTI Credit Risk Fund ( Segregated - 17022020 ) - Direct Plan - Half-Yearly IDCW,1.7067,31-Jan-2022
UTI Credit Risk Fund ( Segregated - 17022020 ) - Direct Plan - Monthly IDCW,1.6036,31-Jan-2022
UTI Credit Risk Fund ( Segregated - 17022020 ) - Direct Plan - Quarterly IDCW,1.8964,31-Jan-2022
UTI Credit Risk Fund ( Segregated - 17022020 ) - Regular Plan - Annual IDCW,1.6027,31-Jan-2022
UTI Credit Risk Fund ( Segregated - 17022020 ) - Regular Plan - Flexi IDCW,1.559,31-Jan-2022
UTI Credit Risk Fund ( Segregated - 17022020 ) - Regular Plan - Half-Yearly IDCW,1.6108,31-Jan-2022
UTI Credit Risk Fund ( Segregated - 17022020 ) - Regular Plan - Monthly IDCW,1.4422,31-Jan-2022
UTI Credit Risk Fund ( Segregated - 17022020 ) - Regular Plan - Quarterly IDCW,1.706,31-Jan-2022
UTI Credit Risk Fund  - Regular Plan - Growth Option,17.8655,30-Apr-2026
UTI Credit Risk Fund - Direct Plan - Annual IDCW,12.8812,30-Apr-2026
UTI Credit Risk Fund - Direct Plan - Flexi IDCW,12.8858,30-Apr-2026
UTI Credit Risk Fund - Direct Plan - Growth Option,20.3034,30-Apr-2026
UTI Credit Risk Fund - Direct Plan - Half-Yearly IDCW,12.9329,30-Apr-2026
UTI Credit Risk Fund - Direct Plan - Monthly IDCW,11.2834,30-Apr-2026
UTI Credit Risk Fund - Direct Plan - Quarterly IDCW,14.3271,30-Apr-2026
UTI Credit Risk Fund - Regular Plan - Annual IDCW,11.9213,30-Apr-2026
UTI Credit Risk Fund - Regular Plan - Flexi IDCW,11.5976,30-Apr-2026
UTI Credit Risk Fund - Regular Plan - Half-Yearly IDCW,11.9849,30-Apr-2026
UTI Credit Risk Fund - Regular Plan - Monthly IDCW,10.7285,30-Apr-2026
UTI Credit Risk Fund - Regular Plan - Quarterly IDCW,12.6902,30-Apr-2026
360 ONE Dynamic Bond Fund - Regular Plan - Growth Option,23.4237,30-Apr-2026
360 ONE Dynamic Bond Fund Direct Plan Growth,24.7635,30-Apr-2026
360 ONE Dynamic Bond Fund Direct Plan Monthly Dividend,13.9356,30-Apr-2026
360 ONE Dynamic Bond Fund Direct Plan Quarterly Dividend,22.8476,30-Apr-2026
360 ONE Dynamic Bond Fund Regular Plan Bonus,23.4236,30-Apr-2026
360 ONE Dynamic Bond Fund Regular Plan Half Yearly Dividend,22.6037,30-Apr-2026
360 ONE Dynamic Bond Fund Regular Plan Monthly Dividend,12.858,30-Apr-2026
360 ONE Dynamic Bond Fund Regular Plan Quarterly Dividend,22.6039,30-Apr-2026
Aditya Birla Sun Life Dynamic Bond Fund - Growth - Direct Plan,51.4095,30-Apr-2026
Aditya Birla Sun Life Dynamic Bond Fund - Growth - Regular Plan,47.692,30-Apr-2026
Aditya Birla Sun Life Dynamic Bond Fund -Direct - IDCW,12.9025,30-Apr-2026
Aditya Birla Sun Life Dynamic Bond Fund -DIRECT - MONTHLY IDCW,11.0386,30-Apr-2026
Aditya Birla Sun Life Dynamic Bond Fund -Direct - Quarterly IDCW,10.923,30-Apr-2026
Aditya Birla Sun Life Dynamic Bond Fund -Regular - IDCW,11.8615,30-Apr-2026
Aditya Birla Sun Life Dynamic Bond Fund -REGULAR - MONTHLY IDCW,10.5529,30-Apr-2026
Aditya Birla Sun Life Dynamic Bond Fund -Regular - Quarterly IDCW,10.6214,30-Apr-2026
Aditya Birla Sun Life Dynamic Bond Fund-Discipline Advantage Plan-Growth,32.9799,30-Apr-2026
Axis Dynamic Bond Fund - Direct Plan - Growth Option,33.7149,30-Apr-2026
Axis Dynamic Bond Fund - Direct Plan - Half Yearly IDCW,12.7982,30-Apr-2026
Axis Dynamic Bond Fund - Direct Plan - Quarterly IDCW,11.2963,30-Apr-2026
Axis Dynamic Bond Fund - Regular Plan - Growth Option,30.6229,30-Apr-2026
Axis Dynamic Bond Fund - Regular Plan - Half Yearly IDCW,11.6432,30-Apr-2026
Axis Dynamic Bond Fund - Regular Plan - Quarterly IDCW,11.3204,30-Apr-2026
BANDHAN Dynamic Bond Fund - Regular Plan B - Quarterly IDCW,11.5063,30-Apr-2026
BANDHAN Dynamic Bond Fund - Regular Plan B - Annual IDCW,11.1625,30-Apr-2026
BANDHAN Dynamic Bond Fund - Regular Plan B - Growth,34.5043,30-Apr-2026
BANDHAN Dynamic Bond Fund - Regular Plan B - Half Yearly IDCW,10.7913,30-Apr-2026
BANDHAN Dynamic Bond Fund - Regular Plan B - IDCW,13.1931,30-Apr-2026
BANDHAN Dynamic Bond Fund - Regular Plan B - Periodic IDCW,13.7112,30-Apr-2026
BANDHAN Dynamic Bond Fund-Direct Plan-Annual IDCW,11.6601,30-Apr-2026
BANDHAN Dynamic Bond Fund-Direct Plan-Growth,38.625,30-Apr-2026
BANDHAN Dynamic Bond Fund-Direct Plan-Half Yearly IDCW,11.0029,30-Apr-2026
BANDHAN Dynamic Bond Fund-Direct Plan-IDCW,16.5827,30-Apr-2026
BANDHAN Dynamic Bond Fund-Direct Plan-Periodic IDCW,13.5433,30-Apr-2026
BANDHAN Dynamic Bond Fund-Direct Plan-Quarterly IDCW,13.4928,30-Apr-2026
Baroda BNP Paribas Dynamic Bond Fund - Direct Plan - Daily IDCW Option,10.0369,30-Apr-2026
Baroda BNP Paribas Dynamic Bond Fund - Direct Plan - Growth Option,51.2165,30-Apr-2026
Baroda BNP Paribas Dynamic Bond Fund - Direct Plan - Half Yearly IDCW Option,10.0,28-Jun-2024
Baroda BNP Paribas Dynamic Bond Fund - Direct Plan - Monthly IDCW Option,10.3214,30-Apr-2026
Baroda BNP Paribas Dynamic Bond Fund - Direct Plan - Quarterly IDCW Option,10.2926,30-Apr-2026
Baroda BNP Paribas Dynamic Bond Fund - Direct Plan - Weekly IDCW Option,10.019,30-Apr-2026
Baroda BNP Paribas Dynamic Bond Fund - Regular Plan - Daily IDCW Option,9.9492,30-Apr-2026
Baroda BNP Paribas Dynamic Bond Fund - Regular Plan - Growth Option,45.6239,30-Apr-2026
Baroda BNP Paribas Dynamic Bond Fund - Regular Plan - Half Yearly IDCW Option,10.0118,30-Apr-2026
Baroda BNP Paribas Dynamic Bond Fund - Regular Plan - Monthly IDCW Option,10.0316,30-Apr-2026
Baroda BNP Paribas Dynamic Bond Fund - Regular Plan - Quarterly IDCW Option,9.9773,30-Apr-2026
Baroda BNP Paribas Dynamic Bond Fund - Regular Plan - Weekly IDCW Option,9.9297,30-Apr-2026
Baroda BNP Paribas Dynamic Bond Fund-Defunct Plan - Growth Option,32.1291,30-Apr-2026
CANARA ROBECO DYNAMIC BOND FUND - DIRECT PLAN - GROWTH OPTION,32.5293,30-Apr-2026
CANARA ROBECO DYNAMIC BOND FUND - DIRECT PLAN - IDCW (Payout/Reinvestment),15.0552,30-Apr-2026
CANARA ROBECO DYNAMIC BOND FUND - REGULAR PLAN - GROWTH OPTION,29.2305,30-Apr-2026
CANARA ROBECO DYNAMIC BOND FUND - REGULAR PLAN - IDCW (Payout/Reinvestment),13.3772,30-Apr-2026
DSP Strategic Bond Fund - Direct Plan - Growth,3602.1453,30-Apr-2026
DSP Strategic Bond Fund - Direct Plan - IDCW,2454.231,30-Apr-2026
DSP Strategic Bond Fund - Direct Plan - IDCW - Daily,1049.5175,28-Apr-2023
DSP Strategic Bond Fund - Direct Plan - IDCW - Monthly,1064.4701,30-Apr-2026
DSP Strategic Bond Fund - Direct Plan - IDCW - Weekly,990.0,04-May-2023
DSP Strategic Bond Fund - Regular Plan - Growth,3361.3519,30-Apr-2026
DSP Strategic Bond Fund - Regular Plan - IDCW,1240.4588,30-Apr-2026
DSP Strategic Bond Fund - Regular Plan - IDCW - Daily,1046.8843,30-Apr-2026
DSP Strategic Bond Fund - Regular Plan - IDCW - Monthly,1048.4378,30-Apr-2026
DSP Strategic Bond Fund - Regular Plan - IDCW - Weekly,1034.7512,30-Apr-2026
Franklin India Dynamic Accrual Fund - Direct - Growth,84.0329,07-Aug-2022
Franklin India Dynamic Accrual Fund - Direct - IDCW,14.1635,07-Aug-2022
Franklin India Dynamic Accrual Fund - IDCW,15.6675,07-Aug-2022
Franklin India Dynamic Accrual Fund - Segregated Portfolio 3 (9.50% Yes Bank Ltd CO 23Dec21) - Direct Growth Plan,0.0,30-Apr-2026
Franklin India Dynamic Accrual Fund - Segregated Portfolio 3 (9.50% Yes Bank Ltd CO 23Dec21) - Growth Plan,0.0,30-Apr-2026
Franklin India Dynamic Accrual Fund- Segregated Portfolio 1- 8.25% Vodafone Idea Ltd-10JUL20-Direct-Dividend Plan,0.0,20-Jul-2020
Franklin India Dynamic Accrual Fund- Segregated Portfolio 1- 8.25% Vodafone Idea Ltd-10JUL20-Direct-Growth Plan,0.0,20-Jul-2020
Franklin India Dynamic Accrual Fund- Segregated Portfolio 1- 8.25% Vodafone Idea Ltd-10JUL20-Dividend Plan,0.0,20-Jul-2020
Franklin India Dynamic Accrual Fund- Segregated Portfolio 1- 8.25% Vodafone Idea Ltd-10JUL20-Growth Plan,0.0,20-Jul-2020
Franklin India Dynamic Accrual Fund- Segregated Portfolio 2 - 10.90% Vodafone Idea Ltd (02-Sep-2023) - IDCW,0.0,11-Sep-2023
Franklin India Dynamic Accrual Fund- Segregated Portfolio 2- 10.90% Vodafone Idea Ltd 02Sep2023-Direct-Growth Plan,0.0,11-Sep-2023
Franklin India Dynamic Accrual Fund- Segregated Portfolio 2- 10.90% Vodafone Idea Ltd 02Sep2023-Growth Plan,0.0,11-Sep-2023
Franklin India Dynamic Accrual Fund- Segregated Portfolio 3 (9.50% Yes Bank Ltd CO 23Dec21) - IDCW,0.0,30-Apr-2026
Franklin India Dynamic Accrual Fund-Growth,94.788,07-Aug-2022
Franklin India Dynamic Accrual Fund-Segregated Portfolio 2 - 10.90% Vodafone Idea Ltd (02-Sep-2023) - Direct IDCW,0.0,11-Sep-2023
Franklin India Dynamic Accrual Fund-Segregated Portfolio 3 (9.50% Yes Bank Ltd CO 23Dec21) - Direct IDCW,0.0,30-Apr-2026
Groww Dynamic Term Fund (formerly known as Indiabulls Dynamic Bond Fund) - Direct Plan - Growth option,1548.2715,30-Apr-2026
Groww Dynamic Term Fund (formerly known as Indiabulls Dynamic Bond Fund) - Regular Plan - Growth option,1473.3151,30-Apr-2026
Groww Dynamic Term Fund (formerly known as Indiabulls Dynamic Bond Fund)- Direct Plan- - Income Distribution cum capital withdrawal Option ( Reinvestment),1016.0528,30-Apr-2026
Groww Dynamic Term Fund (formerly known as Indiabulls Dynamic Bond Fund)- Direct Plan- Fortnightly - Income Distribution cum capital withdrawal Option (Payout & Reinvestment),1019.8873,30-Apr-2026
Groww Dynamic Term Fund (formerly known as Indiabulls Dynamic Bond Fund)- Direct Plan- Monthly - Income Distribution cum capital withdrawal Option (Payout & Reinvestment),1010.9479,30-Apr-2026
Groww Dynamic Term Fund (formerly known as Indiabulls Dynamic Bond Fund)- Direct Plan- Weekly - Income Distribution cum capital withdrawal Option (Payout & Reinvestment),1014.8535,30-Apr-2026
Groww Dynamic Term Fund (formerly known as Indiabulls Dynamic Bond Fund)- Regular Plan- - Income Distribution cum capital withdrawal Option ( Reinvestment),1014.7563,30-Apr-2026
Groww Dynamic Term Fund (formerly known as Indiabulls Dynamic Bond Fund)- Regular Plan- Fortnightly - Income Distribution cum capital withdrawal Option (Payout & Reinvestment),1012.1854,30-Apr-2026
Groww Dynamic Term Fund (formerly known as Indiabulls Dynamic Bond Fund)- Regular Plan- Monthly - Income Distribution cum capital withdrawal Option (Payout & Reinvestment),1006.4304,30-Apr-2026
Groww Dynamic Term Fund (formerly known as Indiabulls Dynamic Bond Fund)- Regular Plan- Weekly - Income Distribution cum capital withdrawal Option (Payout & Reinvestment),1011.9468,30-Apr-2026
HDFC Dynamic Debt Fund - Growth Option,90.47,30-Apr-2026
HDFC Dynamic Debt Fund - Growth Option - Direct Plan,100.426,30-Apr-2026
HDFC Dynamic Debt Fund - Half Yearly IDCW - Direct Plan,13.629,30-Apr-2026
HDFC Dynamic Debt Fund - Half Yearly IDCW Option,11.5974,30-Apr-2026
HDFC Dynamic Debt Fund - Normal IDCW - Direct Plan,21.1453,30-Apr-2026
HDFC Dynamic Debt Fund - Normal IDCW Option,19.382,30-Apr-2026
HDFC Dynamic Debt Fund - Quarterly IDCW - Direct Plan,14.032,30-Apr-2026
HDFC Dynamic Debt Fund - Quarterly IDCW Option,12.5241,30-Apr-2026
HDFC Dynamic Debt Fund - Yearly IDCW - Direct Plan,14.9736,30-Apr-2026
HDFC Dynamic Debt Fund - Yearly IDCW Option,13.3904,30-Apr-2026
HSBC Dynamic Bond Fund - Direct Annual IDCW,10.5684,30-Apr-2026
HSBC Dynamic Bond Fund - Direct Growth,32.6482,30-Apr-2026
HSBC Dynamic Bond Fund - Direct Monthly IDCW,12.665,30-Apr-2026
HSBC Dynamic Bond Fund - Regular Annual IDCW,10.0361,30-Apr-2026
HSBC Dynamic Bond Fund - Regular Growth,30.0242,30-Apr-2026
HSBC Dynamic Bond Fund - Regular Monthly IDCW,10.6345,30-Apr-2026
ICICI Prudential All Seasons Bond Fund - Annual IDCW,11.2184,30-Apr-2026
ICICI Prudential All Seasons Bond Fund - Bonus,17.0248,24-Apr-2020
ICICI Prudential All Seasons Bond Fund - Direct Plan - Annual IDCW,11.2336,30-Apr-2026
ICICI Prudential All Seasons Bond Fund - Direct Plan - Growth,41.3856,30-Apr-2026
ICICI Prudential All Seasons Bond Fund - Direct Plan - IDCW,26.8564,30-Apr-2026
ICICI Prudential All Seasons Bond Fund - Direct Plan - Quarterly IDCW,12.0438,30-Apr-2026
ICICI Prudential All Seasons Bond Fund - Direct Plan - Weekly IDCW,10.521,30-Apr-2026
ICICI Prudential All Seasons Bond Fund - Direct Plan Bonus,17.8505,24-Apr-2020
ICICI Prudential All Seasons Bond Fund - Growth,38.0978,30-Apr-2026
ICICI Prudential All Seasons Bond Fund - IDCW,23.6913,30-Apr-2026
ICICI Prudential All Seasons Bond Fund - Premium Growth Option,25.7538,24-Apr-2020
ICICI Prudential All Seasons Bond Fund - Quarterly IDCW,11.7334,30-Apr-2026
ICICI Prudential All Seasons Bond Fund - Weekly IDCW,10.9323,30-Apr-2026
ICICI Prudential All Seasons Bond Fund Retail - Annual Dividend,10.8538,21-Aug-2013
ICICI Prudential All Seasons Bond Fund Retail - Cumulative,49.3216,24-Apr-2020
ICICI Prudential All Seasons Bond Fund Retail - Quarterly Dividend,11.6831,24-Apr-2020
ITI Dynamic Bond Fund - Direct Plan - Annually IDCW Option,13.3743,30-Apr-2026
ITI Dynamic Bond Fund - Direct Plan - Growth Option,13.3746,30-Apr-2026
ITI Dynamic Bond Fund - Direct Plan - Half Yearly IDCW Option,11.1185,30-Apr-2026
ITI Dynamic Bond Fund - Direct Plan - Monthly IDCWOption,10.1219,30-Apr-2026
ITI Dynamic Bond Fund - Direct Plan - Quarterly IDCW Option,13.403,30-Apr-2026
ITI Dynamic Bond Fund - Regular Plan - Annually IDCWOption,12.714,30-Apr-2026
ITI Dynamic Bond Fund - Regular Plan - Growth Option,12.7129,30-Apr-2026
ITI Dynamic Bond Fund - Regular Plan - Half Yearly IDCW Option,12.7163,30-Apr-2026
ITI Dynamic Bond Fund - Regular Plan - Monthly IDCW Option,10.0065,30-Apr-2026
ITI Dynamic Bond Fund - Regular Plan - Quarterly IDCW Option,12.7164,30-Apr-2026
JM Dynamic Bond Fund (Direct) - Daily IDCW,10.0776,30-Apr-2026
JM Dynamic Bond Fund (Direct) - IDCW,45.729,30-Apr-2026
JM Dynamic Bond Fund (Direct) - Monthly IDCW,46.08,30-Apr-2026
JM Dynamic Bond Fund (Direct) - Weekly IDCW,10.5252,30-Apr-2026
JM Dynamic Bond Fund (Regular) - Bonus Option - Principal Units,40.0725,27-Jan-2025
JM Dynamic Bond Fund (Regular) - Daily IDCW,10.0158,30-Apr-2026
JM Dynamic Bond Fund (Regular) - Growth Option,42.449,30-Apr-2026
JM Dynamic Bond Fund (Regular) - Half Yearly Bonus Option - Principal Units,40.4031,27-Jan-2025
JM Dynamic Bond Fund (Regular) - IDCW,42.5822,30-Apr-2026
JM Dynamic Bond Fund (Regular) - Monthly IDCW,42.7842,30-Apr-2026
JM Dynamic Bond Fund (Regular) - Weekly IDCW,10.5129,30-Apr-2026
JM Dynamic Bond Fund (Regular)- Premium Plan IDCW,10.2458,16-Mar-2021
JM Dynamic Bond Fund - (Direct) - Bonus Option-Principal Units,42.4963,27-Jan-2025
JM Dynamic Bond Fund - (Direct) - Growth Option,45.4845,30-Apr-2026
JM Dynamic Bond Fund - (Direct) - Half Yearly Bonus Option - Principal Units,42.9228,27-Jan-2025
JM Dynamic Bond Fund - Premium Plan - Daily Dividend Option,10.047,06-May-2020
JM Dynamic Bond Fund - Premium Plan - Growth Option,29.152,14-Jan-2020
Kotak Dynamic Bond Fund - Direct Plan - Standard Income Distribution cum capital withdrawal option,14.7717,30-Apr-2026
Kotak Dynamic Bond Fund - Growth - Direct,42.0899,30-Apr-2026
Kotak Dynamic Bond Fund Regular Plan - Standard Income Distribution cum capital withdrawal option,14.4469,30-Apr-2026
Kotak Dynamic Bond Fund Regular Plan Growth,38.3466,30-Apr-2026
Mahindra Manulife Dynamic Bond Fund - Direct Plan - Growth,15.9333,30-Apr-2026
Mahindra Manulife Dynamic Bond Fund - Direct Plan - IDCW,12.5469,30-Apr-2026
Mahindra Manulife Dynamic Bond Fund - Direct Plan - Quarterly IDCW,11.3426,30-Apr-2026
Mahindra Manulife Dynamic Bond Fund - Regular Plan - Growth,14.6118,30-Apr-2026
Mahindra Manulife Dynamic Bond Fund - Regular Plan - IDCW,11.3245,30-Apr-2026
Mahindra Manulife Dynamic Bond Fund - Regular Plan - Quarterly IDCW,10.2055,30-Apr-2026
Mirae Asset Dynamic Bond Fund -Direct Plan -Growth,18.5557,30-Apr-2026
Mirae Asset Dynamic Bond Fund Direct IDCW,18.5342,30-Apr-2026
Mirae Asset Dynamic Bond Fund Regular IDCW,16.8538,30-Apr-2026
Mirae Asset Dynamic Bond Fund-Regular Plan Growth,16.8535,30-Apr-2026
NIPPON INDIA DYNAMIC BOND FUND - Direct Plan - IDCW Option,29.8229,30-Apr-2026
NIPPON INDIA DYNAMIC BOND FUND - Direct Plan - QUARTERLY IDCW Option,10.318,30-Apr-2026
Nippon India Dynamic Bond Fund - Direct Plan Growth Plan - Growth Option,41.2787,30-Apr-2026
NIPPON INDIA DYNAMIC BOND FUND - IDCW Option,25.7953,30-Apr-2026
NIPPON INDIA DYNAMIC BOND FUND - QUARTERLY IDCW Option,10.2168,30-Apr-2026
Nippon India Dynamic Bond Fund-Growth Plan-Growth Option,38.3504,30-Apr-2026
PGIM India Dynamic Bond Fund - Direct Plan-Growth Option,3046.1967,30-Apr-2026
PGIM India Dynamic Bond Fund - Direct Plan-Monthly Dividend Option,1564.4811,05-Mar-2021
PGIM India Dynamic Bond Fund - Direct Plan-Quarterly Dividend Option,1170.0448,30-Apr-2026
PGIM India Dynamic Bond Fund - Dividend Option - Monthly,1075.7507,05-Mar-2021
PGIM India Dynamic Bond Fund - Dividend Option - Quarterly,1049.5125,30-Apr-2026
PGIM India Dynamic Bond Fund - Growth Option,2654.8938,30-Apr-2026
PGIM India Dynamic Bond Fund-Bonus Option,1631.8015,21-Jun-2017
Quantum Dynamic Bond Fund - Direct Plan Growth Option,22.1938,30-Apr-2026
Quantum Dynamic Bond Fund - Direct Plan Monthly IDCW,10.1787,30-Apr-2026
Quantum Dynamic Bond Fund - Regular Plan Growth Option,21.7517,30-Apr-2026
Quantum Dynamic Bond Fund - Regular Plan Monthly IDCW,10.2382,30-Apr-2026
SBI Dynamic Bond Fund - DIRECT PLAN - Growth,40.4871,30-Apr-2026
SBI Dynamic Bond Fund - Direct Plan - Income Distribution cum Capital Withdrawal Option (IDCW),22.6145,30-Apr-2026
SBI Dynamic Bond Fund - REGULAR PLAN - Growth,36.7755,30-Apr-2026
SBI Dynamic Bond Fund - Regular Plan - Income Distribution cum Capital Withdrawal Option (IDCW),19.2798,30-Apr-2026
Tata Dynamic Bond Fund- Direct Plan-Growth Option,38.2366,23-Sep-2022
Tata Dynamic Bond Fund- Regular Plan - Growth Option,34.9217,23-Sep-2022
Tata Dynamic Bond Fund- Regular Plan - Payout of IDCW Option,20.1116,23-Sep-2022
Tata Dynamic Bond- Direct Plan - Payout of IDCW Option,22.6907,23-Sep-2022
Union Dynamic Bond Fund - Direct Plan - Growth Option,24.3572,30-Apr-2026
Union Dynamic Bond Fund - Direct Plan - IDCW Option,16.3152,30-Apr-2026
Union Dynamic Bond Fund - Growth Option,23.0049,30-Apr-2026
Union Dynamic Bond Fund - IDCW Option,15.3374,30-Apr-2026
UTI - Dynamic Bond Fund (Segregated - 17022020) - Direct Plan - Growth Option,1.3473,27-Jan-2022
UTI - Dynamic Bond Fund (Segregated - 17022020) - Regular Plan - Growth Option,1.2708,27-Jan-2022
UTI Dynamic Bond Fund ( Segregated - 17022020 ) - Direct Plan - Annual IDCW,0.7238,27-Jan-2022
UTI Dynamic Bond Fund ( Segregated - 17022020 ) - Direct Plan - Flexi IDCW,0.7329,27-Jan-2022
UTI Dynamic Bond Fund ( Segregated - 17022020 ) - Direct Plan - Half-Yearly IDCW,0.7258,27-Jan-2022
UTI Dynamic Bond Fund ( Segregated - 17022020 ) - Direct Plan - Quarterly IDCW,1.0369,27-Jan-2022
UTI Dynamic Bond Fund ( Segregated - 17022020 ) - Regular Plan - Annual IDCW,0.6989,27-Jan-2022
UTI Dynamic Bond Fund ( Segregated - 17022020 ) - Regular Plan - Flexi IDCW,0.7036,27-Jan-2022
UTI Dynamic Bond Fund ( Segregated - 17022020 ) - Regular Plan - Half-Yearly IDCW,0.6896,27-Jan-2022
UTI Dynamic Bond Fund ( Segregated - 17022020 ) - Regular Plan - Quarterly IDCW,0.7527,27-Jan-2022
UTI Dynamic Bond Fund - Direct Plan - Annual IDCW,14.7922,30-Apr-2026
UTI Dynamic Bond Fund - Direct Plan - Flexi IDCW,17.498,30-Apr-2026
UTI Dynamic Bond Fund - Direct Plan - Growth Option,34.8671,30-Apr-2026
UTI Dynamic Bond Fund - Direct Plan - Half-Yearly IDCW,17.1631,30-Apr-2026
UTI Dynamic Bond Fund - Direct Plan - Quarterly IDCW,26.8317,30-Apr-2026
UTI Dynamic Bond Fund - Regular Plan - Annual IDCW,13.6703,30-Apr-2026
UTI Dynamic Bond Fund - Regular Plan - Flexi IDCW,16.887,30-Apr-2026
UTI Dynamic Bond Fund - Regular Plan - Growth Option,31.8597,30-Apr-2026
UTI Dynamic Bond Fund - Regular Plan - Half-Yearly IDCW,15.6997,30-Apr-2026
UTI Dynamic Bond Fund - Regular Plan - Quarterly IDCW,17.3473,30-Apr-2026
Aditya Birla Sun Life Floating Rate Fund-Direct - daily IDCW,99.9804,30-Apr-2026
Aditya Birla Sun Life Floating Rate Fund-Direct - weekly IDCW,100.9866,30-Apr-2026
Aditya Birla Sun Life Floating Rate Fund-Direct Plan-Growth,375.9366,30-Apr-2026
Aditya Birla Sun Life Floating Rate Fund-Regular - DAILY IDCW,100.3439,30-Apr-2026
Aditya Birla Sun Life Floating Rate Fund-REGULAR - WEEKLY IDCW,100.9175,30-Apr-2026
Aditya Birla Sun Life Floating Rate Fund-Regular Plan-Growth,365.1729,30-Apr-2026
Aditya Birla Sun Life Floating Rate Fund-RETAIL - WEEKLY IDCW,101.0741,30-Apr-2026
Aditya Birla Sun Life Floating Rate Fund-Retail Plan-Growth,528.1766,30-Apr-2026
Axis Floater Fund - Direct Plan - Annual IDCW,1340.4218,30-Apr-2026
Axis Floater Fund - Direct Plan - Daily IDCW,999.656,30-Apr-2026
Axis Floater Fund - Direct Plan - Growth,1377.5331,30-Apr-2026
Axis Floater Fund - Direct Plan - Monthly IDCW,1004.7131,30-Apr-2026
Axis Floater Fund - Direct Plan - Quarterly IDCW,1302.2154,30-Apr-2026
Axis Floater Fund - Regular Plan - Annual IDCW,1319.4541,30-Apr-2026
Axis Floater Fund - Regular Plan - Daily IDCW,1009.9889,30-Apr-2026
Axis Floater Fund - Regular Plan - Growth,1354.4671,30-Apr-2026
Axis Floater Fund - Regular Plan - Monthly IDCW,1004.1441,30-Apr-2026
Axis Floater Fund - Regular Plan - Quarterly IDCW,1281.5187,30-Apr-2026
BANDHAN FLOATER FUND  - DIRECT PLAN DAILY IDCW,10.101,30-Apr-2026
BANDHAN FLOATER FUND  - DIRECT PLAN GROWTH,13.805,30-Apr-2026
BANDHAN FLOATER FUND  - DIRECT PLAN MONTHLY IDCW,10.127,30-Apr-2026
BANDHAN FLOATER FUND  - DIRECT PLAN PERIODIC IDCW,13.5021,30-Apr-2026
BANDHAN FLOATER FUND  - DIRECT PLAN QUARTERLY IDCW,10.4082,30-Apr-2026
BANDHAN FLOATER FUND  - DIRECT PLAN WEEKLY IDCW,10.1022,30-Apr-2026
BANDHAN FLOATER FUND  - REGULAR PLAN ANNUAL IDCW,10.1859,30-Apr-2026
BANDHAN FLOATER FUND  - REGULAR PLAN DAILY IDCW,10.0995,30-Apr-2026
BANDHAN FLOATER FUND  - REGULAR PLAN GROWTH,13.4435,30-Apr-2026
BANDHAN FLOATER FUND  - REGULAR PLAN MONTHLY IDCW,10.1265,30-Apr-2026
BANDHAN FLOATER FUND  - REGULAR PLAN PERIODIC IDCW,13.4451,30-Apr-2026
BANDHAN FLOATER FUND  - REGULAR PLAN QUARTERLY IDCW,10.3805,30-Apr-2026
BANDHAN FLOATER FUND  - REGULAR PLAN WEEKLY IDCW,10.1,30-Apr-2026
BANDHAN FLOATER FUND- DIRECT PLAN ANNUAL IDCW,10.2038,30-Apr-2026
DSP Floater Fund - Direct Plan - Growth,13.9125,30-Apr-2026
DSP Floater Fund - Direct Plan - IDCW,13.9125,30-Apr-2026
DSP Floater Fund - Regular Plan - Growth,13.717,30-Apr-2026
DSP Floater Fund - Regular Plan - IDCW,13.717,30-Apr-2026
Franklin India Floating Rate Fund - Direct - Growth,47.0205,30-Apr-2026
Franklin India Floating Rate Fund - Direct - IDCW,10.0863,30-Apr-2026
Franklin India Floating Rate Fund - Growth Plan,42.8199,30-Apr-2026
Franklin India Floating Rate Fund - IDCW,10.1821,30-Apr-2026
HDFC Floating Rate Debt Fund - Daily IDCW Option,10.0674,30-Apr-2026
HDFC Floating Rate Debt Fund - Direct Plan - Daily IDCW,10.0679,30-Apr-2026
HDFC Floating Rate Debt Fund - Direct Plan - Growth Option,53.5225,30-Apr-2026
HDFC Floating Rate Debt Fund - Direct Plan - Monthly IDCW,10.1317,30-Apr-2026
HDFC Floating Rate Debt Fund - Direct Plan - Weekly IDCW,10.0277,30-Apr-2026
HDFC Floating Rate Debt Fund - Growth Option,52.3674,30-Apr-2026
HDFC Floating Rate Debt Fund - Monthly IDCW Option,10.1315,30-Apr-2026
HDFC Floating Rate Debt Fund - Weekly IDCW Option,10.0275,30-Apr-2026
ICICI Prudential Floating Interest Fund - Bonus,151.7062,24-Apr-2020
ICICI Prudential Floating Interest Fund - Daily IDCW,100.6981,30-Apr-2026
ICICI Prudential Floating Interest Fund - Direct Plan - Daily IDCW,100.0232,30-Apr-2026
ICICI Prudential Floating Interest Fund - Direct Plan - Fortnightly IDCW,101.9935,16-Sep-2022
ICICI Prudential Floating Interest Fund - Direct Plan - Growth,488.9481,30-Apr-2026
ICICI Prudential Floating Interest Fund - Direct Plan - IDCW Others,209.042,30-Apr-2026
ICICI Prudential Floating Interest Fund - Direct Plan - Monthly IDCW,102.6565,16-Sep-2022
ICICI Prudential Floating Interest Fund - Direct Plan - Quarterly IDCW,108.6397,16-Sep-2022
ICICI Prudential Floating Interest Fund - Direct Plan - Weekly IDCW,102.1111,30-Apr-2026
ICICI Prudential Floating Interest Fund - Fortnightly IDCW,101.9908,16-Sep-2022
ICICI Prudential Floating Interest Fund - Growth,445.4433,30-Apr-2026
ICICI Prudential Floating Interest Fund - IDCW Others,196.6304,30-Apr-2026
ICICI Prudential Floating Interest Fund - Monthly IDCW,103.1015,16-Sep-2022
ICICI Prudential Floating Interest Fund - Quarterly IDCW,107.1895,16-Sep-2022
ICICI Prudential Floating Interest Fund - Weekly IDCW,102.0955,30-Apr-2026
ICICI Prudential Floating Interest Fund Plan A - Dividend Daily,100.0251,24-Apr-2020
ICICI Prudential Floating Interest Fund Plan A - Fortnightly Dividend,101.3988,24-Apr-2020
ICICI Prudential Floating Interest Fund Plan A - Growth,300.7518,24-Apr-2020
ICICI Prudential Floating Interest Fund Plan A - Weekly Dividend Option,101.1821,24-Apr-2020
ICICI Prudential Floating Interest Fund Plan B - Dividend Daily,100.025,24-Apr-2020
ICICI Prudential Floating Interest Fund Plan B - Fortnightly Dividend,101.397,24-Apr-2020
ICICI Prudential Floating Interest Fund Plan B - Growth,324.7401,24-Apr-2020
ICICI Prudential Floating Interest Fund Plan B - Weekly Dividend Option,101.1822,24-Apr-2020
ICICI Prudential Floating Interest Fund Plan C - Dividend Daily,100.9403,27-Feb-2020
ICICI Prudential Floating Interest Fund Plan C - Fortnightly Dividend,101.3966,24-Apr-2020
ICICI Prudential Savings Fund Plan C - Growth,218.1632,15-Jun-2015
ICICI Prudential Savings Fund Plan C - Weekly Dividend Option,101.3043,15-Feb-2017
KOTAK FLOATING RATE FUND-DIRECT PLAN-GROWTH OPTION,1626.0642,30-Apr-2026
KOTAK FLOATING RATE FUND-DIRECT PLAN-Standard Reinvestment of Income Distribution cum capital withdrawal option,1416.553,30-Apr-2026
KOTAK FLOATING RATE FUND-REGULAR PLAN-GROWTH OPTION,1583.3258,30-Apr-2026
KOTAK FLOATING RATE FUND-REGULAR PLAN-STANDARD Reinvestment of Income Distribution cum capital withdrawal option,1411.0833,30-Apr-2026
NIPPON INDIA FLOATER  FUND - DIRECT Plan - WEEKLY IDCW Option,10.238,30-Apr-2026
Nippon India Floater Fund  - Direct Plan Growth Plan - Growth Option,49.6881,30-Apr-2026
NIPPON INDIA FLOATER FUND - DAILY IDCW REINVESTMENT Option,10.2311,30-Apr-2026
NIPPON INDIA FLOATER FUND - DIRECT Plan - DAILY IDCW Option,10.2534,30-Apr-2026
NIPPON INDIA FLOATER FUND - DIRECT Plan - IDCW Option,22.1686,30-Apr-2026
NIPPON INDIA FLOATER FUND - DIRECT Plan - MONTHLY IDCW Option,11.2897,30-Apr-2026
NIPPON INDIA FLOATER FUND - DIRECT Plan - QUARTERLY IDCW Option,10.888,30-Apr-2026
Nippon India Floater Fund - Growth Plan-Growth Option,47.1085,30-Apr-2026
NIPPON INDIA FLOATER FUND - IDCW Option,21.2706,30-Apr-2026
NIPPON INDIA FLOATER FUND - MONTHLY IDCW Option,11.0889,30-Apr-2026
NIPPON INDIA FLOATER FUND - QUARTERLY IDCW Option,10.9879,30-Apr-2026
NIPPON INDIA FLOATER FUND - WEEKLY IDCW Option,10.2339,30-Apr-2026
SBI Floating Rate Debt Fund - Direct Plan - Growth,14.1043,30-Apr-2026
SBI Floating Rate DEBT Fund - Direct Plan - Monthly Income Distribution cum Capital Withdrawal Option (IDCW),14.1035,30-Apr-2026
SBI Floating Rate DEBT Fund - Direct Plan - Quarterly Income Distribution cum Capital Withdrawal Option (IDCW),14.1047,30-Apr-2026
SBI Floating Rate Debt Fund - Regular Plan - Growth,13.9584,30-Apr-2026
SBI Floating Rate DEBT Fund - Regular Plan - Monthly Income Distribution cum Capital Withdrawal Option (IDCW),13.962,30-Apr-2026
SBI Floating Rate DEBT Fund - Regular Plan - Quarterly Income Distribution cum Capital Withdrawal Option (IDCW),13.9594,30-Apr-2026
Tata Floating Rate Fund -Direct Plan-Growth,13.6248,30-Apr-2026
Tata Floating Rate Fund-Direct Plan-IDCW Monthly Dividend Reinvestment,13.6248,30-Apr-2026
Tata Floating Rate Fund-Direct Plan-IDCW Monthly Payout,13.6248,30-Apr-2026
Tata Floating Rate Fund-Direct Plan-IDCW Periodic Dividend Reinvestment,13.6248,30-Apr-2026
Tata Floating Rate Fund-Direct Plan-IDCW Periodic Payout,13.6248,30-Apr-2026
Tata Floating Rate Fund-Direct Plan-IDCW Quarterly Dividend Reinvestment,13.6248,30-Apr-2026
Tata Floating Rate Fund-Direct Plan-IDCW Quarterly Payout,13.6248,30-Apr-2026
Tata Floating Rate Fund-Regular Plan-Growth,13.344,30-Apr-2026
Tata Floating Rate Fund-Regular Plan-IDCW Monthly Dividend Reinvestment,13.344,30-Apr-2026
Tata Floating Rate Fund-Regular Plan-IDCW Monthly Payout,13.344,30-Apr-2026
Tata Floating Rate Fund-Regular Plan-IDCW Periodic Dividend Reinvestment,13.344,30-Apr-2026
Tata Floating Rate Fund-Regular Plan-IDCW Periodic Payout,13.344,30-Apr-2026
Tata Floating Rate Fund-Regular Plan-IDCW Quarterly Dividend Reinvestment,13.344,30-Apr-2026
Tata Floating Rate Fund-Regular Plan-IDCW Quarterly Payout,13.344,30-Apr-2026
UTI - Floater Fund - Direct Plan - Growth Option,1644.7466,30-Apr-2026
UTI - Floater Fund - Regular Plan  - Growth Option,1566.1928,30-Apr-2026
UTI Floater Fund - Direct Plan - Annual IDCW,1505.6331,30-Apr-2026
UTI Floater Fund - Direct Plan - Flexi IDCW,1549.4765,30-Apr-2026
UTI Floater Fund - Direct Plan - Half-Yearly IDCW,1499.1894,30-Apr-2026
UTI Floater Fund - Direct Plan - Quarterly IDCW,1405.6396,30-Apr-2026
UTI Floater Fund - Regular Plan - Annual IDCW,1487.3992,30-Apr-2026
UTI Floater Fund - Regular Plan - Flexi IDCW,1431.7772,30-Apr-2026
UTI Floater Fund - Regular Plan - Half-Yearly IDCW,1383.1878,30-Apr-2026
UTI Floater Fund - Regular Plan - Quarterly IDCW,1273.6674,30-Apr-2026
Aditya Birla Sun Life Govenment Securities Fund -DIRECT - Quarterly IDCW,11.3877,30-Apr-2026
Aditya Birla Sun Life Govenment Securities Fund -Regular - Quarterly IDCW,10.6222,30-Apr-2026
Aditya Birla Sun Life Government Securities Fund  - Growth - Regular Plan,79.5692,30-Apr-2026
Aditya Birla Sun Life Government Securities Fund - Growth - Direct Plan,85.9419,30-Apr-2026
Axis Gilt Fund - Direct Plan - Bonus Option,14.7352,06-Oct-2016
Axis Gilt Fund - Direct Plan - Growth Option,27.6834,30-Apr-2026
Axis Gilt Fund - Direct Plan - Half Yearly IDCW,12.2465,30-Apr-2026
Axis Gilt Fund - Direct Plan - Regular IDCW,9.9745,30-Apr-2026
Axis Gilt Fund - Regular Plan - Growth Option,25.8983,30-Apr-2026
Axis Gilt Fund - Regular Plan - Half Yearly IDCW,11.7218,30-Apr-2026
Axis Gilt Fund - Regular Plan - Regular IDCW,9.9711,30-Apr-2026
Bajaj Finserv Gilt Fund - Direct - Growth,1045.457,30-Apr-2026
Bajaj Finserv Gilt Fund - Direct - IDCW,1045.457,30-Apr-2026
Bajaj Finserv Gilt Fund - Regular - Growth,1034.7128,30-Apr-2026
Bajaj Finserv Gilt Fund - Regular - IDCW,1034.7128,30-Apr-2026
Bandhan Gilt Fund - Regular Plan - Quarterly IDCW,11.8134,30-Apr-2026
Bandhan Gilt Fund - Direct Plan - Annual IDCW,12.1679,30-Apr-2026
Bandhan Gilt Fund - Direct Plan - Growth,39.1007,30-Apr-2026
Bandhan Gilt Fund - Direct Plan - Half Yearly IDCW,12.1672,30-Apr-2026
Bandhan Gilt Fund - Direct Plan - IDCW,15.076,30-Apr-2026
Bandhan Gilt Fund - Direct Plan - Periodic IDCW,18.5073,30-Apr-2026
Bandhan Gilt Fund - Direct Plan - Quarterly IDCW,11.5216,30-Apr-2026
Bandhan Gilt Fund - Regular Plan - Growth,35.9835,30-Apr-2026
Bandhan Gilt Fund - Regular Plan - IDCW,13.5605,30-Apr-2026
Bandhan Gilt Fund - Regular Plan B - Periodic IDCW,16.9029,30-Apr-2026
Bandhan Gilt Fund - Regular Plan - Annual IDCW,11.1037,30-Apr-2026
Bandhan Gilt Fund - Regular - Plan B - Half Yearly IDCW,11.2153,30-Apr-2026
Baroda BNP Paribas GILT FUND - Direct Plan - Growth Option,47.0323,30-Apr-2026
Baroda BNP Paribas GILT FUND - Direct Plan - IDCW Option,34.5266,30-Apr-2026
Baroda BNP Paribas GILT FUND - Regular Plan - Growth Option,42.7552,30-Apr-2026
Baroda BNP Paribas GILT FUND - Regular Plan - IDCW Option,25.3774,30-Apr-2026
CANARA ROBECO GILT FUND - DIRECT PLAN - GROWTH OPTION,81.4989,30-Apr-2026
CANARA ROBECO GILT FUND - DIRECT PLAN - IDCW (Payout/Reinvestment),16.2545,30-Apr-2026
CANARA ROBECO GILT FUND - REGULAR PLAN - GROWTH OPTION,75.2136,30-Apr-2026
CANARA ROBECO GILT FUND - REGULAR PLAN - IDCW (Payout/Reinvestment),14.8192,30-Apr-2026
DSP Gilt Fund - Direct Plan - Growth,102.3846,30-Apr-2026
DSP Gilt Fund - Direct Plan - IDCW,12.5126,30-Apr-2026
DSP Gilt Fund - Direct Plan - IDCW - Monthly,10.7049,30-Apr-2026
DSP Gilt Fund - Regular Plan - Growth,95.6203,30-Apr-2026
DSP Gilt Fund - Regular Plan - IDCW,12.3927,30-Apr-2026
DSP Gilt Fund - Regular Plan - IDCW - Monthly,10.5969,30-Apr-2026
Edelweiss Government Securities Fund - Direct Plan - Annual Dividend Option,26.0128,30-Apr-2026
Edelweiss Government Securities Fund - Direct Plan - Growth Option,26.0029,30-Apr-2026
Edelweiss Government Securities Fund - Direct Plan - IDCW Option,25.8992,30-Apr-2026
Edelweiss Government Securities Fund - Direct Plan Fortnightly - IDCW Option,22.4051,30-Apr-2026
Edelweiss Government Securities Fund - Direct Plan Monthly - IDCW Option,16.2927,30-Apr-2026
Edelweiss Government Securities Fund - Direct Plan weekly - IDCW Option,13.8341,30-Apr-2026
Edelweiss Government Securities Fund - Regular Plan - Annual - IDCW Option,24.3195,30-Apr-2026
Edelweiss Government Securities Fund - Regular Plan - Growth Option,24.3088,30-Apr-2026
Edelweiss Government Securities Fund - Regular Plan - IDCW Option,24.3248,30-Apr-2026
Edelweiss Government Securities Fund - Regular Plan Fortnightly - IDCW Option,23.8036,30-Apr-2026
Edelweiss Government Securities Fund - Regular Plan Monthly - IDCW Option,10.1198,30-Apr-2026
Edelweiss Government Securities Fund - Regular Plan Weekly - IDCW Option,10.038,30-Apr-2026
Franklin India Government Securities Fund - Direct - Growth,66.1414,30-Apr-2026
Franklin India Government Securities Fund - Direct - IDCW,11.8029,30-Apr-2026
Franklin India Government Securities Fund - Growth,60.0868,30-Apr-2026
Franklin India Government Securities Fund - IDCW,10.6161,30-Apr-2026
Groww Gilt Fund - Direct - Growth,9.8726,30-Apr-2026
Groww Gilt Fund - Direct - IDCW,9.8708,30-Apr-2026
Groww Gilt Fund - Regular - Growth,9.7755,30-Apr-2026
Groww Gilt Fund - Regular - IDCW,9.7756,30-Apr-2026
HDFC Gilt Fund - Growth Option - Direct Plan,58.8248,30-Apr-2026
HDFC Gilt Fund - Growth Plan,55.6799,30-Apr-2026
HDFC Gilt Fund - IDCW Option - Direct Plan,12.8786,30-Apr-2026
HDFC Gilt Fund - IDCW Plan,12.0407,30-Apr-2026
HSBC Gilt Fund - Direct Growth,75.5033,30-Apr-2026
HSBC Gilt Fund - Direct Quarterly IDCW,11.8802,30-Apr-2026
HSBC Gilt Fund - Regular Growth,65.2447,30-Apr-2026
HSBC Gilt Fund - Regular Quarterly IDCW,10.1702,30-Apr-2026
ICICI Prudential Gilt Fund - Bonus,12.8414,18-Aug-2016
ICICI Prudential Gilt Fund - Direct Plan - Growth,113.298,30-Apr-2026
ICICI Prudential Gilt Fund - Direct Plan - IDCW,18.0804,30-Apr-2026
ICICI Prudential Gilt Fund - Direct Plan Bonus,18.0717,24-Apr-2020
ICICI Prudential Gilt Fund - Growth,104.7044,30-Apr-2026
ICICI Prudential Gilt Fund - IDCW,17.153,30-Apr-2026
ICICI Prudential Short Term Gilt Fund - Bonus,10.0481,12-May-2015
ICICI Prudential Short Term Gilt Fund - Direct Plan -  Dividend,12.2962,25-May-2018
ICICI Prudential Short Term Gilt Fund - Direct Plan -  Growth,44.688,25-May-2018
ICICI Prudential Short Term Gilt Fund - Direct Plan -  Half Yearly Dividend,10.7239,06-Oct-2017
ICICI Prudential Short Term Gilt Fund - Direct Plan Bonus,12.8615,27-Mar-2018
ICICI Prudential Short Term Gilt Fund - Dividend,12.1349,25-May-2018
ICICI Prudential Short Term Gilt Fund - Growth,43.635,25-May-2018
ICICI Prudential Short Term Gilt Fund - Half Yearly Dividend,11.2589,25-May-2018
Invesco India Gilt Fund - Direct  Plan - Growth,3137.3423,30-Apr-2026
Invesco India Gilt Fund - Direct Plan - Annual IDCW (Payout / Reinvestment),1174.9049,30-Apr-2026
Invesco India Gilt Fund - Direct Plan - Monthly IDCW (Reinvestment),2448.2084,30-Apr-2026
Invesco India Gilt Fund - Direct Plan - Quarterly IDCW (Payout / Reinvestment),1087.2038,30-Apr-2026
Invesco India Gilt Fund - Regular Plan - Annual IDCW (Payout / Reinvestment),1135.6228,30-Apr-2026
Invesco India Gilt Fund - Regular Plan - Growth,2820.535,30-Apr-2026
Invesco India Gilt Fund - Regular Plan - Monthly IDCW (Reinvestment),1588.7285,30-Apr-2026
Invesco India Gilt Fund - Regular Plan - Quarterly IDCW (Payout / Reinvestment),1285.9643,30-Apr-2026
Kotak Gilt-Investment  Provident Fund and Trust-Growth,96.6482,30-Apr-2026
Kotak Gilt-Investment  Provident Fund and Trust-Growth - Direct,110.7352,30-Apr-2026
Kotak Gilt-Investment  Provident Fund and Trust-Payout of Income Distribution cum capital withdrawal option,11.6099,30-Apr-2026
Kotak Gilt-Investment Regular-Growth,94.4687,30-Apr-2026
Kotak Gilt-Investment Regular-Growth - Direct,108.1151,30-Apr-2026
Kotak Gilt-Investment Regular-Payout of Income Distribution cum capital withdrawal option,18.4594,30-Apr-2026
Kotak Gilt-Investment Regular-Payout of Income Distribution cum capital withdrawal option - Direct,23.7909,30-Apr-2026
LIC MF Gilt Fund-Direct Plan-Growth,64.8125,30-Apr-2026
LIC MF Gilt Fund-Direct Plan-IDCW,18.6711,30-Apr-2026
LIC MF Gilt Fund-PF Plan-Growth,33.7945,30-Apr-2026
LIC MF Gilt Fund-PF Plan-IDCW,21.8685,30-Apr-2026
LIC MF Gilt Fund-Regular Plan-Growth,58.5121,30-Apr-2026
LIC MF Gilt Fund-Regular Plan-IDCW,16.8661,30-Apr-2026
NIPPON INDIA GILT  FUND - Direct Plan - MONTHLY IDCW Option,11.5438,30-Apr-2026
Nippon India Gilt  Fund - Direct Plan - P F Option - Automatic Capital Appreciation Payout Option,42.9382,30-Apr-2026
Nippon India Gilt  Fund - Direct Plan - P F Option - Defined Maturity Date Option,43.1661,30-Apr-2026
Nippon India Gilt  Fund - Direct Plan Growth Plan - Growth Option,43.0498,30-Apr-2026
Nippon India Gilt  Fund - Institutional Plan-Growth Plan -Growth Option,38.6602,30-Apr-2026
NIPPON INDIA GILT  FUND - MONTHLY IDCW Option,10.522,30-Apr-2026
Nippon India Gilt  Fund -Growth Plan - Growth Option,37.9395,30-Apr-2026
Nippon India Gilt  Fund -P F Option-Automatic Annual Reinvest Option,31.8145,30-Apr-2026
Nippon India Gilt  Fund -P F Option-Defined Maturity Date Option,37.9395,30-Apr-2026
Nippon India Gilt  Fund- Direct Plan- Growth Plan- Bonus Option,24.0606,30-Apr-2026
Nippon India Gilt  Fund- Growth Plan- Bonus Option,13.0522,02-Jul-2018
Nippon India Gilt  Fund-Institutional Plan-P F Option-Automatic Capital Appreciation Payout Option,23.0785,31-Jul-2017
Nippon India Gilt  Fund-P F Option-Automatic Capital Appreciation Payout Option,37.9395,30-Apr-2026
Nippon India Gilt Fund - Direct Plan - P F Option - Automatic Annual Reinvest Option,23.3011,30-Apr-2026
PGIM India Gilt Fund - Bonus,13.8662,01-Aug-2016
PGIM India Gilt Fund - Direct Plan - Growth,32.6776,30-Apr-2026
PGIM India Gilt Fund - Direct Plan - Half Yearly Bonus,12.8877,03-Apr-2018
PGIM India Gilt Fund - Direct Plan - Quarterly Dividend,14.0729,30-Apr-2026
PGIM India Gilt Fund - Growth,29.9924,30-Apr-2026
PGIM India Gilt Fund - Half Yearly Bonus,12.6178,05-Jul-2018
PGIM India Gilt Fund - Quarterly Dividend,13.1959,30-Apr-2026
quant Gilt Fund - Growth Option - Direct Plan,12.2476,30-Apr-2026
quant Gilt Fund - Growth Option - Regular Plan,11.8665,30-Apr-2026
quant Gilt Fund - IDCW Option - Direct Plan,12.244,30-Apr-2026
quant Gilt Fund - IDCW Option - Regular Plan,11.8769,30-Apr-2026
SBI GILT FUND -  GROWTH - PF (Fixed Period - 3 Yrs) Option,40.1094,30-Apr-2026
SBI GILT FUND -  GROWTH - PF (Regular) Option,42.9387,30-Apr-2026
SBI GILT FUND - DIRECT PLAN - GROWTH,71.1059,30-Apr-2026
SBI Gilt Fund - Direct Plan - Income Distribution cum Capital Withdrawal Option (IDCW),22.6938,30-Apr-2026
SBI Gilt Fund - Income Distribution cum Capital Withdrawal Option (IDCW) - PF (Fixed Period - 1 Yr),20.659,30-Apr-2026
SBI Gilt Fund - Income Distribution cum Capital Withdrawal Option (IDCW) - PF (Fixed Period - 2 Yrs),20.9064,30-Apr-2026
SBI Gilt Fund - Income Distribution cum Capital Withdrawal Option (IDCW) - PF (Fixed Period - 3 Yrs),20.2704,30-Apr-2026
SBI GILT FUND - REGULAR PLAN - GROWTH,66.8696,30-Apr-2026
SBI Gilt Fund - Regular Plan - Income Distribution cum Capital Withdrawal Option (IDCW),20.5622,30-Apr-2026
Tata Gilt Retirement Plan (28/2/25) - Payout of IDCW Option,34.1747,28-Feb-2025
Tata Gilt Retirement Plan- 28/2/25 Growth Option,34.2334,28-Feb-2025
Tata Gilt Securities Fund - Direct Plan - Payout of IDCW Option,24.6584,30-Apr-2026
Tata Gilt Securities Fund - Regular Plan - Payout of IDCW Option,21.4882,30-Apr-2026
Tata Gilt Securities Fund -Regular Plan- Growth Option,77.5162,30-Apr-2026
Tata Gilt Securities Fund- Direct Plan - Growth Option,87.5681,30-Apr-2026
Union Gilt Fund - Direct Plan - Annual IDCW Option,12.1541,30-Apr-2026
Union Gilt Fund - Direct Plan - Growth Option,12.1541,30-Apr-2026
Union Gilt Fund - Direct Plan - Half-yearly IDCW Option,12.1541,30-Apr-2026
Union Gilt Fund - Regular Plan - Annual IDCW Option,11.9339,30-Apr-2026
Union Gilt Fund - Regular Plan - Growth Option,11.9339,30-Apr-2026
Union Gilt Fund - Regular Plan - Half-yearly IDCW Option,11.9339,30-Apr-2026
UTI - GILT FUND - Direct Plan - Growth Option,67.2268,30-Apr-2026
UTI - GILT FUND - Discontinued PF Plan - Growth Option,48.1422,30-Apr-2026
UTI - GILT FUND - Discontinued PF Plan Prescribed Date Auto Redemption Option,48.169,30-Apr-2026
UTI - GILT FUND - Regular Plan - Growth Option,64.748,30-Apr-2026
UTI - GILT FUND -Discontinued PF Plan -Dividend Option,26.4976,30-Apr-2026
UTI Gilt Fund - Direct Plan - IDCW,31.1116,30-Apr-2026
UTI Gilt Fund - Regular Plan - IDCW,38.8162,30-Apr-2026
Bandhan Gilt Fund with 10 year constant duration Fund - Direct Plan - Growth,47.677,30-Apr-2026
Bandhan Gilt Fund with 10 year constant duration Fund - Direct Plan - Monthly IDCW,10.3617,30-Apr-2026
Bandhan Gilt Fund with 10 year constant duration Fund - Direct Plan - Periodic IDCW,14.202,30-Apr-2026
Bandhan Gilt Fund with 10 year constant duration Fund - Direct Plan - Quarterly IDCW,11.7117,30-Apr-2026
Bandhan Gilt Fund with 10 year constant duration Fund - Direct Plan - Weekly IDCW,17.7615,30-Apr-2026
Bandhan Gilt Fund with 10 year constant duration Fund - Regular Plan - Monthly IDCW,10.319,30-Apr-2026
Bandhan Gilt Fund with 10 year constant duration Fund - Regular Plan - Periodic IDCW,16.7561,30-Apr-2026
Bandhan Gilt Fund with 10 year constant duration Fund - Regular Plan - Growth,46.8079,30-Apr-2026
Bandhan Gilt Fund with 10 year constant duration Fund - Regular Plan - Weekly IDCW,10.2053,30-Apr-2026
Bandhan Gilt Fund with 10 year constant duration Fund - Regular Plan - Quarterly IDCW,11.4149,30-Apr-2026
DSP 10Y G-Sec Fund - Direct Plan - Growth,22.4676,30-Apr-2026
DSP 10Y G-Sec Fund - Direct Plan - IDCW,10.5331,30-Apr-2026
DSP 10Y G-Sec Fund - Direct Plan - IDCW - Monthly,10.4334,30-Apr-2026
DSP 10Y G-Sec Fund - Direct Plan - IDCW - Quarterly,10.7705,30-Apr-2026
DSP 10Y G-Sec Fund - Regular Plan - Growth,21.8926,30-Apr-2026
DSP 10Y G-Sec Fund - Regular Plan - IDCW,10.3356,30-Apr-2026
DSP 10Y G-Sec Fund - Regular Plan - IDCW - Monthly,10.5818,30-Apr-2026
DSP 10Y G-Sec Fund - Regular Plan - IDCW - Quarterly,10.8226,30-Apr-2026
ICICI Prudential Constant Maturity Gilt Fund - Annual IDCW,10.4889,16-Sep-2022
ICICI Prudential Constant Maturity Gilt Fund - Direct Plan - Annual IDCW,10.6928,16-Sep-2022
ICICI Prudential Constant Maturity Gilt Fund - Direct Plan - Growth,25.7748,30-Apr-2026
ICICI Prudential Constant Maturity Gilt Fund - Direct Plan - Half Yearly IDCW,10.679,16-Sep-2022
ICICI Prudential Constant Maturity Gilt Fund - Direct Plan - Monthly IDCW,11.387,16-Sep-2022
ICICI Prudential Constant Maturity Gilt Fund - Direct Plan - Quarterly IDCW,11.4744,30-Apr-2026
ICICI Prudential Constant Maturity Gilt Fund - Growth,25.1822,30-Apr-2026
ICICI Prudential Constant Maturity Gilt Fund - Half Yearly IDCW,10.3816,16-Sep-2022
ICICI Prudential Constant Maturity Gilt Fund - Monthly IDCW,11.1867,16-Sep-2022
ICICI Prudential Constant Maturity Gilt Fund - quarterly IDCW,11.2162,30-Apr-2026
SBI CONSTANT MATURITY 10 YEAR GILT FUND - DIRECT PLAN - GROWTH,67.3193,30-Apr-2026
SBI Constant Maturity 10 Year Gilt Fund - Direct Plan - Income Distribution cum Capital Withdrawal Option (IDCW),21.8979,30-Apr-2026
SBI CONSTANT MATURITY 10 Year GILT FUND - REGULAR PLAN - GROWTH,64.5755,30-Apr-2026
SBI Constant Maturity 10 Year Gilt Fund - Regular Plan - Income Distribution cum Capital Withdrawal Option (IDCW),21.0021,30-Apr-2026
UTI Gilt Fund with 10 year Constant Duration - Direct Plan - Annual IDCW Option,11.3077,30-Apr-2026
UTI Gilt Fund with 10 year Constant Duration - Direct Plan - Flexi IDCW Option,12.9704,30-Apr-2026
UTI Gilt Fund with 10 year Constant Duration - Direct Plan - Growth Option,12.9703,30-Apr-2026
UTI Gilt Fund with 10 year Constant Duration - Direct Plan - Half Yearly IDCW Option,12.8423,30-Apr-2026
UTI Gilt Fund with 10 year Constant Duration - Direct Plan - Quarterly IDCW Option,12.9705,30-Apr-2026
UTI Gilt Fund with 10 year Constant Duration - Regular Plan - Annual IDCW Option,11.0874,30-Apr-2026
UTI Gilt Fund with 10 year Constant Duration - Regular Plan - Flexi IDCW Option,12.7378,30-Apr-2026
UTI Gilt Fund with 10 year Constant Duration - Regular Plan - Growth Option,12.7383,30-Apr-2026
UTI Gilt Fund with 10 year Constant Duration - Regular Plan - Half Yearly IDCW Option,12.738,30-Apr-2026
UTI Gilt Fund with 10 year Constant Duration - Regular Plan - Quarterly IDCW Option,12.7383,30-Apr-2026
360 ONE LIQUID FUND DIRECT PLAN  DAILY DIVIDEND REINVESTMENT,1000.911,03-May-2026
360 ONE LIQUID FUND DIRECT PLAN  GROWTH,2125.8145,03-May-2026
360 ONE LIQUID FUND DIRECT PLAN  WEEKLY DIVIDEND,1005.6617,03-May-2026
360 ONE LIQUID FUND REGULAR PLAN  DAILY DIVIDEND REINVESTMENT,1000.911,03-May-2026
360 ONE LIQUID FUND REGULAR PLAN  GROWTH,2110.8677,03-May-2026
360 ONE LIQUID FUND REGULAR PLAN  WEEKLY DIVIDEND,1005.6344,03-May-2026
Abakkus Liquid Fund - Direct Plan - Daily IDCW Reinvestment,100.0527,03-May-2026
Abakkus Liquid Fund - Direct Plan - Growth,102.1753,03-May-2026
Abakkus Liquid Fund - Direct Plan - Monthly IDCW Reinvestment,100.2888,03-May-2026
Abakkus Liquid Fund - Direct Plan - Quarterly IDCW Reinvestment,100.49,03-May-2026
Abakkus Liquid Fund - Direct Plan - Weekly IDCW Reinvestment,100.1365,03-May-2026
Abakkus Liquid Fund - Regular Plan - Daily IDCW Reinvestment,100.0527,03-May-2026
Abakkus Liquid Fund - Regular Plan - Growth,102.1431,03-May-2026
Abakkus Liquid Fund - Regular Plan - Monthly IDCW Reinvestment,100.2855,03-May-2026
Abakkus Liquid Fund - Regular Plan - Quarterly IDCW Reinvestment,100.4589,03-May-2026
Abakkus Liquid Fund - Regular Plan - Weekly IDCW Reinvestment,100.1326,03-May-2026
Aditya Birla Sun Life Liquid Fund - Growth,442.4558,03-May-2026
Aditya Birla Sun Life Liquid Fund - Growth - Direct Plan,448.295,03-May-2026
Aditya Birla Sun Life Liquid Fund -Daily IDCW,100.195,03-May-2026
Aditya Birla Sun Life Liquid Fund -Direct - daily IDCW,100.195,03-May-2026
Aditya Birla Sun Life Liquid Fund -DIRECT - IDCW,143.4501,03-May-2026
Aditya Birla Sun Life Liquid Fund -Direct - weekly IDCW,100.3445,03-May-2026
Aditya Birla Sun Life Liquid Fund -Institutional - IDCW,108.023,03-May-2026
Aditya Birla Sun Life Liquid Fund -Institutional - weekly  IDCW,108.327,03-May-2026
Aditya Birla Sun Life Liquid Fund -Regular - IDCW,109.1168,03-May-2026
Aditya Birla Sun Life Liquid Fund -Retail - IDCW,163.694,03-May-2026
Aditya Birla Sun Life Liquid Fund -weekly IDCW,100.341,03-May-2026
Aditya Birla Sun Life Liquid Fund- Discipline Advantage Plan,299.9818,03-May-2026
Aditya Birla Sun Life Liquid Fund-Institutional (Growth),736.8309,03-May-2026
Aditya Birla Sun Life Liquid Fund-Retail (Growth),718.014,03-May-2026
Axis Liquid Fund - Direct plan - Bonus Option,2215.5705,05-May-2020
Axis Liquid Fund - Direct Plan - Daily IDCW,1000.956,03-May-2026
Axis Liquid Fund - Direct Plan - Growth Option,3086.8753,03-May-2026
Axis Liquid Fund - Direct Plan - Monthly IDCW,1001.5563,03-May-2026
Axis Liquid Fund - Direct Plan - Weekly IDCW,1002.9383,03-May-2026
Axis Liquid Fund - Regular Plan - Daily IDCW,1001.3998,03-May-2026
Axis Liquid Fund - Regular Plan - Growth Option,3058.1995,03-May-2026
Axis Liquid Fund - Regular Plan - Monthly IDCW,1002.1087,03-May-2026
Axis Liquid Fund - Regular Plan - Weekly IDCW,1002.9227,03-May-2026
Axis Liquid Fund - Retail Plan - Daily IDCW,1000.9559,03-May-2026
Axis Liquid Fund - Retail Plan - Growth Option,2788.8348,03-May-2026
Axis Liquid Fund - Retail Plan - Monthly IDCW,1001.4677,03-May-2026
Axis Liquid Fund - Retail Plan - Weekly IDCW,1001.9608,03-May-2026
Bajaj Finserv Liquid Fund - Direct Plan - Daily - IDCW,1034.6939,03-May-2026
Bajaj Finserv Liquid Fund - Direct Plan - Fortnightly - IDCW,1036.3566,03-May-2026
Bajaj Finserv Liquid Fund - Direct Plan - Growth,1210.8217,03-May-2026
Bajaj Finserv Liquid Fund - Direct Plan - Monthly - IDCW,1037.1963,03-May-2026
Bajaj Finserv Liquid Fund - Direct Plan - Weekly - IDCW,1035.558,03-May-2026
Bajaj Finserv Liquid Fund - Regular Plan - Daily - IDCW,1033.8241,03-May-2026
Bajaj Finserv Liquid Fund - Regular Plan - Fortnightly - IDCW,1035.4373,03-May-2026
Bajaj Finserv Liquid Fund - Regular Plan - Growth,1204.8632,03-May-2026
Bajaj Finserv Liquid Fund - Regular Plan - Monthly - IDCW,1036.2205,03-May-2026
Bajaj Finserv Liquid Fund - Regular Plan - Weekly - IDCW,1034.6526,03-May-2026
BANDHAN LIQUID FUND - Inst Plan B - Periodic Div,0.0,02-Oct-2008
BANDHAN LIQUID Fund - Regular Plan - Daily IDCW,1001.4161,03-May-2026
BANDHAN LIQUID Fund - Regular Plan - Growth,3314.4914,03-May-2026
BANDHAN LIQUID Fund - Regular Plan - Monthly IDCW,1001.4038,03-May-2026
BANDHAN LIQUID Fund - Regular Plan - Periodic IDCW,1430.9985,03-May-2026
BANDHAN LIQUID Fund - Regular Plan - Weekly IDCW,1001.8658,03-May-2026
BANDHAN LIQUID Fund - Unclaimed IDCW Less than 3 years,1.7846,03-May-2026
BANDHAN LIQUID Fund - Unclaimed IDCW More than 3 years,1.0,03-May-2026
BANDHAN LIQUID Fund - Unclaimed Redemption Less than 3 years,1.7846,03-May-2026
BANDHAN LIQUID Fund - Unclaimed Redemption More than 3 years,1.0,03-May-2026
BANDHAN LIQUID Fund -Direct Plan -Monthly IDCW,1007.6489,03-May-2026
BANDHAN LIQUID Fund -Direct Plan -Weekly IDCW,1007.6174,03-May-2026
BANDHAN LIQUID Fund -Direct Plan-Daily IDCW,1001.6663,03-May-2026
BANDHAN LIQUID Fund -Direct Plan-Growth,3350.722,03-May-2026
BANDHAN LIQUID Fund -Direct Plan-Periodic IDCW,1349.8901,03-May-2026
BANK OF INDIA Liquid Fund  Unclaimed Dividend greater than  3 years,1000.0,30-Nov-2021
BANK OF INDIA Liquid Fund  Unclaimed Dividend Upto 3 years,1226.9964,30-Nov-2021
BANK OF INDIA Liquid Fund  Unclaimed Redemption greater than  3 years,1000.0,30-Nov-2021
BANK OF INDIA Liquid Fund  Unclaimed Redemption Upto 3 years,1226.8682,30-Nov-2021
BANK OF INDIA Liquid Fund- Direct Plan- Daily IDCW,1005.0,03-May-2026
BANK OF INDIA Liquid Fund- Direct Plan- Growth,3195.3588,03-May-2026
BANK OF INDIA Liquid Fund- Direct Plan- Weekly IDCW,1005.8352,03-May-2026
BANK OF INDIA Liquid Fund- Regular Plan- Daily IDCW,1005.0,03-May-2026
BANK OF INDIA Liquid Fund- Regular Plan- Growth,3162.8985,03-May-2026
BANK OF INDIA Liquid Fund- Regular Plan- Weekly IDCW,1005.8254,03-May-2026
Baroda BNP Paribas LIQUID FUND - DIRECT PLAN - DAILY IDCW OPTION,1002.0849,03-May-2026
Baroda BNP Paribas LIQUID FUND - DIRECT PLAN - GROWTH OPTION,3198.2541,03-May-2026
Baroda BNP Paribas LIQUID FUND - DIRECT PLAN - WEEKLY IDCW OPTION,1221.3002,03-May-2026
Baroda BNP Paribas Liquid Fund - Plan C,1422.9738,14-Mar-2022
Baroda BNP Paribas Liquid Fund - Regular - Weekly IDCW Option,0.0,03-May-2013
Baroda BNP Paribas LIQUID FUND - Regular Plan - DAILY IDCW OPTION,1001.1996,03-May-2026
Baroda BNP Paribas LIQUID FUND - Regular Plan - GROWTH OPTION,3155.1953,03-May-2026
Baroda BNP Paribas LIQUID FUND - Regular Plan - WEEKLY IDCW OPTION,1001.6035,03-May-2026
BARODA BNP PARIBAS LIQUID FUND PLAN C IDCW ABOVE 3 YRS,1000.0,14-Mar-2022
BARODA BNP PARIBAS LIQUID FUND PLAN C IDCW UPTO 3YRS,1391.4327,14-Mar-2022
BARODA BNP PARIBAS LIQUID FUND PLAN C REDEMPTION ABOVE 3 YRS,1000.0,14-Mar-2022
BARODA BNP PARIBAS LIQUID FUND PLAN C REDEMPTION UPTO 3YRS,1387.3652,14-Mar-2022
Baroda BNP Paribas LIQUID FUND- Defunct Plan -Growth Option,4645.1831,03-May-2026
Baroda BNP Paribas LIQUID FUND-Defunct Plan- IDCW Option,3832.6908,03-May-2026
Baroda BNP Paribas LIQUID FUND-Defunct Plan-Daily IDCW Option,1006.0602,04-Aug-2022
CANARA ROBECO LIQUID FUND - DIRECT PLAN - DAILY IDCW (Reinvestment),1005.5,03-May-2026
CANARA ROBECO LIQUID FUND - DIRECT PLAN - GROWTH OPTION,3326.2457,03-May-2026
CANARA ROBECO LIQUID FUND - DIRECT PLAN - IDCW (Payout/Reinvestment),2380.3527,03-May-2026
CANARA ROBECO LIQUID FUND - DIRECT PLAN - MONTHLY IDCW (Payout/Reinvestment),1001.6088,03-May-2026
CANARA ROBECO LIQUID FUND - DIRECT PLAN - WEEKLY IDCW (Payout/Reinvestment),1001.4562,03-May-2026
CANARA ROBECO LIQUID FUND - REGULAR PLAN - DAILY IDCW (Reinvestment),1005.5,03-May-2026
CANARA ROBECO LIQUID FUND - REGULAR PLAN - GROWTH OPTION,3304.987,03-May-2026
CANARA ROBECO LIQUID FUND - REGULAR PLAN - MONTHLY IDCW (Payout/Reinvestment),1001.4526,03-May-2026
CANARA ROBECO LIQUID FUND - REGULAR PLAN - WEEKLY IDCW (Payout/Reinvestment),1001.4472,03-May-2026
Canara Robeco Liquid Fund -Unclaimed Redemption and Dividend Plan -Direct Growth Option,1815.1798,03-May-2026
Capitalmind Liquid Fund - Direct-Growth,1029.2522,03-May-2026
Capitalmind Liquid Fund - Regular-Growth,1028.3619,03-May-2026
DSP Liquidity Fund - Direct Plan - Growth,3968.7662,03-May-2026
DSP Liquidity Fund - Direct Plan - IDCW - Daily,1001.4663,03-May-2026
DSP Liquidity Fund - Direct Plan - IDCW - Weekly,1001.9566,03-May-2026
DSP Liquidity Fund - Regular Plan - Growth,3920.7033,03-May-2026
DSP Liquidity Fund - Regular Plan - IDCW - Weekly,1001.9492,03-May-2026
DSP Liquidity Fund- Regular Plan - IDCW - Daily,1001.4663,03-May-2026
Edelweiss Liquid Fund - Direct Plan - Bonus Option,2086.6788,03-May-2026
Edelweiss Liquid Fund - Direct Plan - Growth Option,3586.7067,03-May-2026
Edelweiss Liquid Fund - Direct Plan - IDCW Option,3586.7202,03-May-2026
Edelweiss Liquid Fund - Direct Plan Annual - IDCW Option,3586.6813,03-May-2026
Edelweiss Liquid Fund - Direct Plan daily - IDCW Option,1194.4512,03-May-2026
Edelweiss Liquid Fund - Direct Plan Fortnightly - IDCW Option,2474.7511,03-May-2026
Edelweiss Liquid Fund - Direct Plan Monthly - IDCW Option,1005.2982,03-May-2026
Edelweiss Liquid Fund - Direct Plan weekly - IDCW Option,2174.6064,03-May-2026
Edelweiss Liquid Fund - Regular Plan - Bonus Option,2045.8974,03-May-2026
Edelweiss Liquid Fund - Regular Plan - Growth Option,3512.0603,03-May-2026
Edelweiss Liquid Fund - Regular Plan - IDCW Option,3512.0632,03-May-2026
Edelweiss Liquid Fund - Regular Plan Annual - IDCW Option,2430.0429,03-May-2026
Edelweiss Liquid Fund - Regular Plan Daily - IDCW Option,1300.4147,03-May-2026
Edelweiss Liquid Fund - Regular Plan Fortnightly - IDCW Option,2154.2024,03-May-2026
Edelweiss Liquid Fund - Regular Plan Monthly - IDCW Option,1083.5131,03-May-2026
Edelweiss Liquid Fund - Regular Plan Weekly - IDCW Option,1216.0595,03-May-2026
Edelweiss Liquid Fund - Retail Plan - Growth Option,3193.9315,03-May-2026
Edelweiss Liquid Fund - Retail Plan - Weekly Dividend Option,1231.8314,03-May-2026
Edelweiss Liquid Fund - Retail Plan Daily - IDCW Option,1144.5153,03-May-2026
Edelweiss Liquid Fund - Retail Plan Monthly - IDCW Option,1244.8318,03-May-2026
Franklin India Liquid Fund - Regular Plan - Daily - IDCW,1509.0075,03-May-2026
Franklin India Liquid Fund - Regular Plan - Growth,6182.685,03-May-2026
Franklin India Liquid Fund - Regular Plan - Weekly - IDCW,1244.2967,03-May-2026
Franklin India Liquid Fund - Super Institutional - Direct - Growth,4169.9779,03-May-2026
Franklin India Liquid Fund - Super Institutional Plan - Daily - IDCW,1000.0,03-May-2026
Franklin India Liquid Fund - Super Institutional Plan - Direct - Daily - IDCW,1002.8152,03-May-2026
Franklin India Liquid Fund - Super Institutional Plan - Direct - Weekly - IDCW,1021.9698,03-May-2026
Franklin India Liquid Fund - Super Institutional Plan - Growth,4133.542,03-May-2026
Franklin India Liquid Fund - Super Institutional Plan - Weekly - IDCW,1036.444,03-May-2026
Franklin India Liquid Fund - Unclaimed IDCW Investor Education Plan - Growth,10.0,03-May-2026
Franklin India Liquid Fund - Unclaimed IDCW Plan - Growth,17.5962,03-May-2026
Franklin India Liquid Fund - Unclaimed Redemption Investor Education Plan - Growth,10.0,03-May-2026
Franklin India Liquid Fund - Unclaimed Redemption Plan - Growth,17.5962,03-May-2026
Franklin India Liquid Fund - Institution-Growth,0.0,08-Jul-2020
Franklin India Liquid Fund - Institutional Plan - Daily - IDCW,1000.0,03-May-2026
Franklin India Liquid Fund - Institutional Plan - Weekly - IDCW,1054.7184,03-May-2026
Groww Liquid Fund ( formerly known as Indiabulls Liquid )Fund - Direct Plan - Growth Option,2689.5996,03-May-2026
Groww Liquid Fund (formerly known as Indiabulls Liquid Fund) - Direct Plan- - Income Distribution cum capital withdrawal Option ( Reinvestment),1002.0907,03-May-2026
Groww Liquid Fund (formerly known as Indiabulls Liquid Fund) - Regular Plan - Growth Option,2654.8617,03-May-2026
Groww Liquid Fund (formerly known as Indiabulls Liquid Fund)- Direct Plan- Fortnightly - Income Distribution cum capital withdrawal Option (Payout & Reinvestment),1002.605,03-May-2026
Groww Liquid Fund (formerly known as Indiabulls Liquid Fund)- Direct Plan- Monthly - Income Distribution cum capital withdrawal Option (Payout & Reinvestment),1034.7767,03-May-2026
Groww Liquid Fund (formerly known as Indiabulls Liquid Fund)- Direct Plan- Weekly - Income Distribution cum capital withdrawal Option (Payout & Reinvestment),1002.6237,03-May-2026
Groww Liquid Fund (formerly known as Indiabulls Liquid Fund)- Regular Plan- - Income Distribution cum capital withdrawal Option (Reinvestment),1002.0894,03-May-2026
Groww Liquid Fund (formerly known as Indiabulls Liquid Fund)- Regular Plan- Monthly - Income Distribution cum capital withdrawal Option (Payout & Reinvestment),1006.8964,03-May-2026
Groww Liquid Fund (formerly known as Indiabulls Liquid Fund)- Regular Plan- Weekly - Income Distribution cum capital withdrawal Option (Payout & Reinvestment),1002.6048,03-May-2026
Groww Liquid Fund (formerly known as Indiabulls Liquid) Fund- Regular Plan- Fortnightly - Income Distribution cum capital withdrawal Option (Payout & Reinvestment),1002.5857,03-May-2026
HDFC Liquid Fund - Growth Option - Direct Plan,5448.8411,03-May-2026
HDFC Liquid Fund - Growth Plan,5386.5256,03-May-2026
HDFC Liquid Fund - IDCW Daily,1019.82,03-May-2026
HDFC Liquid Fund - IDCW Daily - Direct Plan,1019.82,03-May-2026
HDFC Liquid Fund - IDCW Monthly,1027.0947,03-May-2026
HDFC Liquid Fund - IDCW Monthly - Direct Plan,1027.1208,03-May-2026
HDFC Liquid Fund - IDCW Plan Weekly,1031.828,03-May-2026
HDFC Liquid Fund - IDCW Weekly - Direct Plan,1031.8441,03-May-2026
HDFC Liquid Fund-Premium Plan - Dividend-Weekly,10.0,14-Apr-2015
HDFC Liquid Fund-Premium Plus Plan - Dividend-Weekly,10.0,14-May-2012
HDFC Liquid Fund-PREMIUM PLUS- Growth,10.0,17-Dec-2012
HSBC Liquid Fund -  Growth Direct,2764.3824,03-May-2026
HSBC Liquid Fund - Direct Daily IDCW,1001.576,03-May-2026
HSBC Liquid Fund - Direct Monthly IDCW,1038.7271,03-May-2026
HSBC Liquid Fund - Direct Weekly IDCW,1195.9943,03-May-2026
HSBC Liquid Fund - Growth,3948.5897,03-May-2026
HSBC Liquid Fund - IDCW,1019.3,03-May-2026
HSBC Liquid Fund - Institutional Daily IDCW,1562.8262,03-May-2026
HSBC Liquid Fund - Regular Daily IDCW,1001.3789,03-May-2026
HSBC Liquid Fund - Regular Growth,2736.7468,03-May-2026
HSBC Liquid Fund - Regular Monthly IDCW,1003.098,03-May-2026
HSBC Liquid Fund - Regular Weekly IDCW,1108.2294,03-May-2026
HSBC Liquid Fund - Weekly IDCW,1001.9947,03-May-2026
ICICI Prudential Liquid Fund -Quarterly IDCW,101.4288,16-Sep-2022
ICICI Prudential Liquid Institutional Plus Fund - Div - Daily,118.5152,24-Apr-2020
ICICI Prudential Liquid Fund - Bonus,121.0704,08-Mar-2017
ICICI Prudential Liquid Fund - Daily IDCW,100.1482,03-May-2026
ICICI Prudential Liquid Fund - Direct Plan -  Annual IDCW,103.985,16-Sep-2022
ICICI Prudential Liquid Fund - Direct Plan -  Half Yearly IDCW,106.7325,16-Sep-2022
ICICI Prudential Liquid Fund - Direct Plan -  IDCW Others,190.4184,03-May-2026
ICICI Prudential Liquid Fund - Direct Plan - Daily IDCW,100.1082,03-May-2026
ICICI Prudential Liquid Fund - Direct Plan - Growth,410.563,03-May-2026
ICICI Prudential Liquid Fund - Direct Plan - Monthly IDCW,100.4287,16-Sep-2022
ICICI Prudential Liquid Fund - Direct Plan - Quarterly IDCW,102.2043,16-Sep-2022
ICICI Prudential Liquid Fund - Direct Plan - Weekly IDCW,100.2643,03-May-2026
ICICI Prudential Liquid Fund - Direct Plan Bonus,149.1904,24-Apr-2020
ICICI Prudential Liquid Fund - Growth,406.2673,03-May-2026
ICICI Prudential Liquid Fund - Half Yearly IDCW,105.6475,16-Sep-2022
ICICI Prudential Liquid Fund - IDCW Others,188.8118,03-May-2026
ICICI Prudential Liquid Fund - Institutional Option - I,275.6151,24-Apr-2020
ICICI Prudential Liquid Fund - Unclaimed IDCW,137.2884,30-Nov-2021
ICICI Prudential Liquid Fund - Unclaimed IDCW Investor Education,100.0,30-Nov-2021
ICICI Prudential Liquid Fund - Unclaimed Redemption,137.2884,30-Nov-2021
ICICI Prudential Liquid Fund - Unclaimed Redemption Investor Education,100.0,30-Nov-2021
ICICI Prudential Liquid Fund - Weekly IDCW,100.2375,03-May-2026
ICICI Prudential Liquid Fund -Monthly IDCW,100.3202,16-Sep-2022
ICICI Prudential Liquid Fund-Annual IDCW,103.8506,16-Sep-2022
ICICI Prudential Liquid Fund - Institutional - Daily - Div,118.5022,24-Apr-2020
ICICI Prudential Liquid Fund - Institutional - Weekly - Div,118.6133,28-Sep-2015
ICICI Prudential Liquid Fund Retail Daily Dividend,118.5142,24-Apr-2020
ICICI Prudential Liquid Fund Retail Growth,450.7797,24-Apr-2020
ICICI Prudential Liquid Fund Retail Monthly Dividend,100.5372,24-Apr-2020
ICICI Prudential Liquid Fund Retail Weekly Dividend,118.9171,24-Apr-2020
ICICI Prudential Liquid Institutional Fund - Growth,462.33,24-Apr-2020
Invesco India Liquid Fund - Daily IDCW (Reinvestment),1002.7594,03-May-2026
Invesco India Liquid Fund - Direct Plan - Growth,3807.8886,03-May-2026
Invesco India Liquid Fund - Direct Plan - Monthly IDCW (Payout / Reinvestment),1082.7313,03-May-2026
Invesco India Liquid Fund - Direct Plan - Weekly IDCW (Reinvestment),1075.4436,03-May-2026
Invesco India Liquid Fund - Direct Plan- Daily IDCW (Reinvestment),1005.8604,03-May-2026
Invesco India Liquid Fund - Growth,3773.7129,03-May-2026
Invesco India Liquid Fund - Monthly IDCW (Payout / Reinvestment),1003.5229,03-May-2026
Invesco India Liquid Fund - Regular - Growth,3327.1046,03-May-2026
Invesco India Liquid Fund - Regular - Weekly IDCW (Reinvestment),1004.8458,03-May-2026
Invesco India Liquid Fund - Unclaimed Dividend Plan - Above 3 Years,1000.0,03-May-2026
Invesco India Liquid Fund - Unclaimed Dividend Plan - Below 3 Years,1804.8638,03-May-2026
Invesco India Liquid Fund - Unclaimed Redemption Plan - Above 3 Years,1000.0,03-May-2026
Invesco India Liquid Fund - Unclaimed Redemption Plan - Below 3 years,1804.4608,03-May-2026
Invesco India Liquid Fund - Weekly IDCW (Reinvestment),1019.4222,03-May-2026
ITI Liquid Fund - Direct Plan - Annually IDCW Option,1443.9569,03-May-2026
ITI Liquid Fund - Direct Plan - Daily IDCW Option,1001.2065,03-May-2026
ITI Liquid Fund - Direct Plan - Fortnightly IDCW Option,1002.4685,03-May-2026
ITI Liquid Fund - Direct Plan - Growth Option,1442.0432,03-May-2026
ITI Liquid Fund - Direct Plan - Monthly IDCW Option,1002.5538,03-May-2026
ITI Liquid Fund - Direct Plan - Weekly IDCW Option,1002.1114,03-May-2026
ITI Liquid Fund - Regular Plan - Annually IDCW Option,1436.7532,03-May-2026
ITI Liquid Fund - Regular Plan - Daily IDCW Option,1001.2065,03-May-2026
ITI Liquid Fund - Regular Plan - Fortnightly Income Distribution cum capital withdrawal option Option,1003.0784,16-Apr-2026
ITI Liquid Fund - Regular Plan - Growth Option,1428.0447,03-May-2026
ITI Liquid Fund - Regular Plan - Monthly IDCW Option,1001.9231,03-May-2026
ITI Liquid Fund - Regular Plan - Weekly IDCW Option,1002.1952,03-May-2026
JioBlackRock Liquid Fund - Direct Plan - Growth Option,1052.1186,03-May-2026
JM Liquid Fund (Direct) - Bonus Option - Bonus Option - Principal units,22.4898,27-Jan-2025
JM Liquid Fund (Direct) - Daily IDCW,10.4302,03-May-2026
JM Liquid Fund (Direct) - Growth Option,75.7001,03-May-2026
JM Liquid Fund (Direct) - Quarterly IDCW,42.978,03-May-2026
JM Liquid Fund (Direct) - Weekly IDCW,11.0139,03-May-2026
JM Liquid Fund (Regular) - Quarterly IDCW,42.3578,03-May-2026
JM Liquid Fund (Regular) - Super Institutional Plan - Growth Option,43.0265,03-May-2026
JM Liquid Fund (Regular) - Weekly IDCW,11.0112,03-May-2026
JM Liquid Fund - Growth Option,74.8357,03-May-2026
JM Liquid Fund - Unclaimed Application Refund Amount I.E.F. (Direct) - Growth Plan,41.4437,03-May-2026
JM Liquid Fund - Unclaimed Brokerage I.E.F. (Direct) - Growth Plan,41.4437,03-May-2026
JM Liquid Fund - Withheld Brokerage I.E.F. (Direct) - Growth Plan,41.4437,27-Mar-2025
JM Liquid Fund Unclaimed Dividend (Direct) Growth Plan,57.8229,24-Jan-2022
JM Liquid Fund Unclaimed Dividend IEF (Direct) Growth Plan,41.4437,24-Jan-2022
JM Liquid Fund Unclaimed Redemption (Direct) Growth Plan,57.823,24-Jan-2022
JM Liquid Fund Unclaimed Redemption IEF (Direct) Growth Plan,41.4437,24-Jan-2022
JM Liquid Fund (Regular) - Bonus Option - Principal Units,23.9627,03-May-2026
JM Liquid Fund (Regular) - Daily IDCW,10.4302,03-May-2026
Kotak Liquid Fund - Direct Plan - Daily Reinvestment of Income Distribution cum capital withdrawal option,1222.81,03-May-2026
Kotak Liquid Fund - Direct Plan - Growth,5605.3727,03-May-2026
Kotak Liquid Fund - Direct Plan - Weekly - Reinvestment & Payout of Income Distribution cum capital withdrawal option,1001.527,10-Jul-2025
Kotak Liquid Fund - Regular  - Daily Reinvestment of Income Distribution cum capital withdrawal option,1255.9915,03-May-2026
Kotak Liquid Fund - Regular Plan - Growth,5547.4443,03-May-2026
Kotak Liquid Fund - Regular Plan - Weekly - Reinvestment & Payout of Income Distribution cum capital withdrawal option,1030.5746,03-May-2026
LIC MF Liquid Fund-Direct Plan-Daily IDCW,1035.2975,03-May-2026
LIC MF Liquid Fund-Direct Plan-Growth,5037.5699,03-May-2026
LIC MF Liquid Fund-Direct Plan-Monthly IDCW,1222.848,03-May-2026
LIC MF Liquid Fund-Direct Plan-Weekly IDCW,1092.2568,03-May-2026
LIC MF Liquid Fund-Regular Plan-Daily IDCW,1000.1751,03-May-2026
LIC MF Liquid Fund-Regular Plan-Growth,4962.34,03-May-2026
LIC MF Liquid Fund-Regular Plan-Monthly IDCW,1202.1864,03-May-2026
LIC MF Liquid Fund-Regular Plan-Weekly IDCW,1002.9165,03-May-2026
Mahindra Manulife Liquid Fund - Direct Plan - Daily IDCW,1268.9515,03-May-2026
Mahindra Manulife Liquid Fund - Direct Plan - Weekly IDCW,1003.6583,03-May-2026
Mahindra Manulife Liquid Fund - Direct Plan -Growth,1807.3659,03-May-2026
Mahindra Manulife Liquid Fund - Regular Plan - Daily IDCW,1001.7781,03-May-2026
Mahindra Manulife Liquid Fund - Regular Plan - Growth,1786.523,03-May-2026
Mahindra Manulife Liquid Fund - Regular Plan - Weekly IDCW,1010.0678,03-May-2026
Mahindra Manulife Liquid Fund - Unclaimed Redemption / IDCW Beyond 3 years,1000.0,30-Nov-2021
Mahindra Manulife Liquid Fund - Unclaimed Redemption / IDCW Upto three years,1218.6343,30-Nov-2021
Mirae Asset Liquid Fund - Direct Plan - Growth,2930.246,03-May-2026
Mirae Asset Liquid Fund - Direct Plan - Weekly IDCW,1216.8942,03-May-2026
Mirae Asset Liquid Fund - Direct Plan -Daily IDCW,1075.8332,03-May-2026
Mirae Asset Liquid Fund - Direct Plan -Monthly IDCW,1135.9205,03-May-2026
Mirae Asset Liquid Fund - Regular - Daily IDCW,1066.4347,03-May-2026
Mirae Asset Liquid Fund - Regular Plan - Growth,2877.9324,03-May-2026
Mirae Asset Liquid Fund - Regular Plan - Monthly IDCW,1153.5674,03-May-2026
Mirae Asset Liquid Fund - Regular Plan - Weekly IDCW,1153.1858,03-May-2026
Motilal Oswal Liquid Fund - Direct Growth,14.6264,03-May-2026
Motilal Oswal Liquid Fund - Regular Growth,14.4602,03-May-2026
Motilal Oswal Liquid Fund - Unclaimed Dividend - Greater than 3 years,10.0,03-May-2026
Motilal Oswal Liquid Fund - Unclaimed Dividend- Upto 3 years,14.2454,03-May-2026
Motilal Oswal Liquid Fund - Unclaimed Redemption - Greater than 3 years,10.0,03-May-2026
Motilal Oswal Liquid Fund - Unclaimed Redemption - Upto 3 years,13.9619,03-May-2026
Motilal Oswal Liquid Fund Direct - IDCW  Quarterly Payout/Reinvestment,10.1874,03-May-2026
Motilal Oswal Liquid Fund Direct - IDCW Fortnightly Reinvestment,10.0195,03-May-2026
Motilal Oswal Liquid Fund Direct - IDCW Monthly Payout/Reinvestment,10.0418,03-May-2026
Motilal Oswal Liquid Fund Direct - IDCW Reinvestment,10.0077,03-May-2026
Motilal Oswal Liquid Fund Direct - IDCW Weekly Reinvestment,10.0195,03-May-2026
Motilal Oswal Liquid Fund Regular - IDCW Daily Reinvestment,10.0055,03-May-2026
Motilal Oswal Liquid Fund Regular - IDCW Fortnightly Reinvestment,10.019,03-May-2026
Motilal Oswal Liquid Fund Regular - IDCW Monthly Payout/Reinvestment,10.0413,03-May-2026
Motilal Oswal Liquid Fund Regular - IDCW Quarterly Payout/Reinvestment,10.181,03-May-2026
Motilal Oswal Liquid Fund Regular - IDCW Weekly Reinvestment,10.0243,03-May-2026
Navi Liquid Fund - Direct Plan Daily IDCW - ReInvestment,10.0129,03-May-2026
Navi Liquid Fund - Direct Plan Monthly IDCW - Payout,10.0241,03-May-2026
Navi Liquid Fund - Direct Plan Weekly IDCW - Payout,10.0121,03-May-2026
Navi Liquid Fund - Regular Plan Daily IDCW,10.0129,03-May-2026
Navi Liquid Fund - Regular Plan Monthly IDCW,10.0239,03-May-2026
Navi Liquid Fund - Regular Plan Weekly IDCW,10.0124,03-May-2026
Navi Liquid Fund-Direct Plan-Growth Option,30.0085,03-May-2026
Navi Liquid Fund-Regular Plan-Growth Option,29.7311,03-May-2026
Navi Liquid Fund-Unclaimed Redemption and Dividend Plan greater than 3 years,10.0,03-May-2026
Navi Liquid Fund-Unclaimed Redemption and Dividend Plan less than 3 years,29.9072,03-May-2026
NIPPON INDIA LIQUID FUND - DAILY IDCW OPTION,1528.74,03-May-2026
NIPPON INDIA LIQUID FUND - DIRECT Plan - DAILY IDCW OPTION,1528.74,03-May-2026
NIPPON INDIA LIQUID FUND - DIRECT Plan - MONTHLY IDCW OPTION,1588.4449,03-May-2026
NIPPON INDIA LIQUID FUND - DIRECT Plan - QUARTERLY IDCW OPTION,1012.9199,03-May-2026
NIPPON INDIA LIQUID FUND - DIRECT Plan - WEEKLY IDCW OPTION,1531.2082,03-May-2026
Nippon India Liquid Fund - Direct Plan Growth Plan - Growth Option,6792.8952,03-May-2026
NIPPON INDIA LIQUID FUND - MONTHLY IDCW OPTION,1585.1055,03-May-2026
NIPPON INDIA LIQUID FUND - QUARTERLY IDCW OPTION,1012.6706,03-May-2026
Nippon India Liquid Fund - Retail Option - Growth Plan,5937.2224,03-May-2026
NIPPON INDIA LIQUID FUND - RETAIL Plan - DAILY IDCW OPTION,1524.28,03-May-2026
NIPPON INDIA LIQUID FUND - RETAIL plan - MONTHLY IDCW OPTION,1327.509,03-May-2026
NIPPON INDIA LIQUID FUND - RETAIL Plan - QUARTERLY IDCW OPTION,1230.3534,03-May-2026
NIPPON INDIA LIQUID FUND - RETAIL Plan - WEEKLY IDCW OPTION,1034.7524,03-May-2026
NIPPON INDIA LIQUID FUND - WEEKLY IDCW OPTION,1531.1865,03-May-2026
Nippon India Liquid Fund -Growth Plan,6699.5317,03-May-2026
Reliance Liquid Fund-Cash Plan-Daily Dividend Reinvestment Option,1114.15,20-May-2018
Reliance Liquid Fund-Cash Plan-Growth Plan,2714.7678,20-May-2018
Reliance Liquid Fund-Cash Plan-Monthly Dividend Plan,1004.4865,20-May-2018
Reliance Liquid Fund-Cash Plan-Quarterly Dividend Plan,1013.831,20-May-2018
Reliance Liquid Fund-Cash Plan-Weekly Dividend Reinvestment Option,1092.0644,20-May-2018
PGIM India INSTA CASH FUND - Annual Bonus Option,144.9174,08-May-2019
PGIM India Insta Cash Fund - Direct Plan -  Annual Bonus Option,148.9974,11-Jun-2019
PGIM India Insta Cash Fund - Direct Plan -  Regular Bonus,138.2962,01-Aug-2016
PGIM India Insta Cash Fund - Direct Plan - Annual Dividend,144.7765,28-Jul-2019
PGIM India Insta Cash Fund - Direct Plan - Quarterly Dividend,145.6889,28-Jul-2019
PGIM India Insta Cash Fund - Direct Plan -Monthly Bonus,132.9596,01-Aug-2016
PGIM India Insta Cash Fund - Quarterly Dividend Option,143.9385,28-Jul-2019
PGIM India INSTA CASH FUND - Regular Plan BONUS OPTION,13.7989,11-Sep-2018
PGIM India Insta Cash Fund- Annual Dividend Option,144.7569,28-Jul-2019
PGIM India Insta Cash Fund-DIVIDEND-WEEKLY DIVIDEND,10.3577,28-Jul-2019
PGIM India Insta Cash Fund-Institutional Plan-Daily Dividend,10.0516,28-Jul-2019
PGIM India Insta Cash Fund-Institutional Plan-Growth,26.2743,28-Jul-2019
PGIM India INSTA CASH FUND-Monthly Bonus Option,140.0664,28-Jul-2019
PGIM India Liquid Fund - Bonus Option,186.8975,21-Jan-2022
PGIM India Liquid Fund - Daily Dividend,100.304,03-May-2026
PGIM India Liquid Fund - Direct Plan - Daily Dividend,129.0201,03-May-2026
PGIM India Liquid Fund - Direct Plan - Growth,362.019,03-May-2026
PGIM India Liquid Fund - Direct Plan - Monthly Dividend,116.1894,03-May-2026
PGIM India Liquid Fund - Direct Plan - Weekly Dividend,100.5542,03-May-2026
PGIM India Liquid Fund - Growth,357.4209,03-May-2026
PGIM India Liquid Fund - Monthly Dividend,116.637,03-May-2026
PGIM India Liquid Fund - Weekly Dividend,100.5533,03-May-2026
PGIM India Liquid Fund-DIVIDEND-Daily Dividend,10.301,28-Jul-2019
PGIM India Liquid Fund-DIVIDEND-MONTHLY DIVIDEND,10.0577,30-Jul-2018
PGIM India Liquid Fund-Growth-GROWTH,27.706,28-Jul-2019
Parag Parikh Liquid Fund- Direct Plan- Daily Reinvestment of IDCW,1000.8829,03-May-2026
Parag Parikh Liquid Fund- Direct Plan- Growth,1534.4022,03-May-2026
Parag Parikh Liquid Fund- Direct Plan- Monthly IDCW,1003.7685,03-May-2026
Parag Parikh Liquid Fund- Direct Plan- Weekly Reinvestment of IDCW,1001.9493,03-May-2026
Parag Parikh Liquid Fund- Regular Plan- Daily Reinvestment of IDCW,1000.8829,03-May-2026
Parag Parikh Liquid Fund- Regular Plan- Growth,1522.0981,03-May-2026
Parag Parikh Liquid Fund- Regular Plan- Monthly IDCW,1003.7537,03-May-2026
Parag Parikh Liquid Fund- Regular Plan- Weekly Reinvestment of IDCW,1001.9339,03-May-2026
quant Liquid Fund - Growth Option - Direct Plan,44.5077,03-May-2026
quant Liquid Fund - Growth Option - Regular Plan,43.2655,03-May-2026
quant Liquid Fund - Monthly IDCW Option - Direct Plan,15.7407,03-May-2026
quant Liquid Fund - Monthly IDCW Option - Regular Plan,15.1549,03-May-2026
quant Liquid Fund - Weekly IDCW Option - Direct Plan,14.6812,03-May-2026
quant Liquid Fund - Weekly IDCW Option - Regular Plan,14.5064,03-May-2026
quant Liquid Fund-Daily IDCW Option - Direct Plan,13.201,03-May-2026
quant Liquid Fund-Daily IDCW Option - Regular Plan,12.6801,03-May-2026
quant Liquid Fund-Unclaimed Dividend Investor Education Plan-Growth Option,10.0,15-Dec-2025
quant Liquid Fund-Unclaimed Dividend-Growth Option,13.5232,15-Dec-2025
quant Liquid Fund-Unclaimed Redemption Investor Education Plan-Growth Option,10.0,15-Dec-2025
quant Liquid Fund-Unclaimed Redemption Plan-Growth Option,13.3371,15-Dec-2025
Quantum Liquid Fund - Direct Plan Daily IDCW,10.0095,03-May-2026
Quantum Liquid Fund - Direct Plan Growth Option,36.9367,03-May-2026
Quantum Liquid Fund - Direct Plan Monthly IDCW,10.0236,03-May-2026
Quantum Liquid Fund - Regular Plan Daily IDCW,10.0002,03-May-2026
Quantum Liquid Fund - Regular Plan Growth Option,36.6448,03-May-2026
Quantum Liquid Fund - Regular Plan Monthly IDCW,10.0209,03-May-2026
Quantum Liquid Fund - Unclaimed IDCW Plan Above 3 years,10.0,03-May-2026
Quantum Liquid Fund - Unclaimed IDCW Plan Below 3 years,11.6131,03-May-2026
Quantum Liquid Fund - Unclaimed Redemption Plan Above 3 years,10.0,03-May-2026
Quantum Liquid Fund - Unclaimed Redemption Plan Below 3 years,11.1504,03-May-2026
SBI Liquid Fund - Direct Paln - Fortnightly Income Distribution cum Capital Withdrawal Option (IDCW),1416.2784,03-May-2026
SBI Liquid Fund - Direct Plan - Daily Income Distribution cum Capital Withdrawal Option (IDCW),1144.0484,03-May-2026
SBI Liquid Fund - Direct Plan - Weekly Income Distribution cum Capital Withdrawal Option (IDCW),1386.1818,03-May-2026
SBI Liquid Fund - DIRECT PLAN -Growth,4337.0917,03-May-2026
SBI Liquid Fund - Institutional - Growth,4330.1546,03-May-2026
SBI Liquid Fund - Institutional Daily Income Distribution cum Capital Withdrawal Option (IDCW),1391.1189,03-May-2026
SBI Liquid Fund - Regular Plan - Daily Income Distribution cum Capital Withdrawal Option (IDCW),1140.7391,03-May-2026
SBI Liquid Fund - Regular Plan - Fortnightly Income Distribution cum Capital Withdrawal Option (IDCW),1407.7599,03-May-2026
SBI Liquid Fund - Regular Plan - Weekly Income Distribution cum Capital Withdrawal Option (IDCW),1379.2764,03-May-2026
SBI Liquid Fund - REGULAR PLAN -Growth,4289.5801,03-May-2026
Shriram Liquid Fund - Direct Plan Growth Option,1095.9028,03-May-2026
Shriram Liquid Fund - Regular Plan Growth Option,1093.6756,03-May-2026
Shriram Unclaimed IDCW Liquid Fund,1068.3688,03-May-2026
Shriram Unclaimed IDCW Stable Scheme Liquid Fund,1000.0,03-May-2026
Shriram Unclaimed Redemption Liquid Fund,1081.2712,03-May-2026
Shriram Unclaimed Redemption Stable Scheme Liquid Fund,1000.0,03-May-2026
Sundaram  Liquid Fund (Formerly Known as Principal Cash Management Fund) Direct IDCW,1152.6698,27-Jun-2025
Sundaram Liquid Fund (Formerly Known as  Principal Cash Management Fund) Regular Plan Principal Units,1274.1205,27-Jun-2025
Sundaram Liquid Fund (Formerly Known as Principal Cash Management Fund )- Direct Plan - Income Distribution CUM Capital Withdrawal Option - Daily,1000.6367,13-Sep-2024
Sundaram Liquid Fund (Formerly Known as Principal Cash Management Fund) - Daily Income Distribution CUM Capital Withdrawal,1000.8893,13-Sep-2024
Sundaram Liquid Fund (Formerly Known as Principal Cash Management Fund) - Direct Plan - Growth Option,2451.4657,03-May-2026
Sundaram Liquid Fund (Formerly Known as Principal Cash Management Fund) - Regular Plan IDCW,1036.1914,03-May-2026
Sundaram Liquid Fund (Formerly Known as Principal Cash Management Fund) -Direct Plan - IDCW,1038.731,03-May-2026
Sundaram Liquid Fund (Formerly Known as Principal Cash Management Fund) -Growth Option,2419.0978,03-May-2026
Sundaram Liquid Fund (Formerly Known as Principal Cash Management Fund) Direct Fortnightly IDCW,1028.192,13-Sep-2024
Sundaram Liquid Fund (Formerly Known as Principal Cash Management Fund) Direct Principal Units,1280.5417,27-Jun-2025
Sundaram Liquid Fund (Formerly Known as Principal Cash Management Fund) Regular Fortnightly IDCW,1028.0322,13-Sep-2024
Sundaram Liquid Fund (Formerly Known as Principal Cash Management Fund) Regular IDCW,1147.0639,27-Jun-2025
Sundaram Liquid Fund (Formerly Known as Principal Cash Management Fund) Unclaimed Redemption More 3 Years,1000.0,21-Jan-2022
Sundaram Liquid Fund (Formerly Principal Cash Management Fund) - Weekly Income Distribution CUM Capital Withdrawal Option,1007.8472,13-Sep-2024
Sundaram Liquid Fund(Formerly Known as Principal Cash Management Fund)- Direct Plan - Income Distribution CUM Capital Withdrawal Option - Weekly,1008.3385,13-Sep-2024
Tata Liquid Fund - Direct Plan - Weekly IDCW Reinvestment,1053.0348,03-May-2026
Tata Liquid Fund - Regular Plan - Weekly IDCW Reinvestment,1048.315,03-May-2026
Tata Liquid Fund -Regular Plan - Growth Option,4323.7257,03-May-2026
Tata Liquid Fund- Direct Plan - Daily Reinvestment of IDCW Option,1001.5187,03-May-2026
Tata Liquid Fund- Direct Plan-Growth Option,4380.0424,03-May-2026
Tata Liquid Fund- Regular Plan - Daily Reinvestment of IDCW Option,1001.5157,03-May-2026
Taurus Liquid Fund-Dividend,1013.9743,03-Nov-2020
Taurus Liquid Fund-Growth,2368.5909,03-Nov-2020
THE WEALTH COMPANY LIQUID FUND DIRECT DAILY ICDW,1002.0,03-May-2026
THE WEALTH COMPANY LIQUID FUND DIRECT GROWTH,1035.9024,03-May-2026
THE WEALTH COMPANY LIQUID FUND DIRECT MONTHLY IDCW,1002.859,03-May-2026
THE WEALTH COMPANY LIQUID FUND DIRECT WEEKLY,1002.807,03-May-2026
THE WEALTH COMPANY LIQUID FUND REGULAR DAILY IDCW,1002.0,03-May-2026
THE WEALTH COMPANY LIQUID FUND REGULAR GROWTH,1035.0179,03-May-2026
THE WEALTH COMPANY LIQUID FUND REGULAR MONTHLY IDCW,1002.8078,03-May-2026
THE WEALTH COMPANY LIQUID FUND REGULAR WEEKLY IDCW,1002.7856,03-May-2026
TRUSTMF Liquid Fund-Direct Plan-Daily Income Distribution cum Capital Withdrawal,1275.2186,03-May-2026
TRUSTMF Liquid Fund-Direct Plan-Growth,1343.0499,03-May-2026
TRUSTMF Liquid Fund-Direct Plan-Monthly Income Distribution cum Capital Withdrawal,1204.0374,03-May-2026
TRUSTMF Liquid Fund-Direct Plan-Weekly Income Distribution cum Capital Withdrawal,1232.0783,03-May-2026
TRUSTMF Liquid Fund-Regular Plan-Daily Income Distribution cum Capital Withdrawal,1204.9339,03-May-2026
TRUSTMF Liquid Fund-Regular Plan-Growth,1332.8695,03-May-2026
TRUSTMF Liquid Fund-Regular Plan-Monthly Income Distribution cum Capital Withdrawal,1194.9562,03-May-2026
TRUSTMF Liquid Fund-Regular Plan-Weekly Income Distribution cum Capital Withdrawal,1180.382,03-May-2026
Unifi Liquid Fund- Direct Growth,1055.0875,03-May-2026
Unifi Liquid Fund- Regular Growth,1054.5201,03-May-2026
Union Liquid Fund - Daily IDCW Option,1001.4576,03-May-2026
Union Liquid Fund - Direct Plan - Daily IDCW Option,1001.552,03-May-2026
Union Liquid Fund - Direct Plan - Fortnightly IDCW Option,1002.0124,03-May-2026
Union Liquid Fund - Direct Plan - Growth Option,2676.5883,03-May-2026
Union Liquid Fund - Direct Plan - Monthly IDCW Option,1001.8994,03-May-2026
Union Liquid Fund - Direct Plan - Weekly IDCW Option,1002.0299,03-May-2026
Union Liquid Fund - Fortnightly IDCW Option,1001.9841,03-May-2026
Union Liquid Fund - Growth Option,2641.9432,03-May-2026
Union Liquid Fund - Monthly IDCW Option,1001.4694,03-May-2026
Union Liquid Fund - Unclaimed Amounts Plan - IDCW Beyond 3 years,1000.0,30-Nov-2021
Union Liquid Fund - Unclaimed Amounts Plan - IDCW Upto 3 years,1167.6169,30-Nov-2021
Union Liquid Fund - Unclaimed Amounts Plan - Redemption Beyond 3 years,1000.0,30-Nov-2021
Union Liquid Fund - Unclaimed Amounts Plan - Redemption Upto 3 years,1167.329,30-Nov-2021
Union Liquid Fund - Weekly IDCW Option,1002.3106,03-May-2026
UTI Liquid Fund - Direct Plan - Annual IDCW,2000.7087,03-May-2026
UTI Liquid Fund - Direct Plan - Daily IDCW (Reinvestment),1065.3034,03-May-2026
UTI Liquid Fund - Direct Plan - Flexi IDCW,1647.8736,03-May-2026
UTI Liquid Fund - Direct Plan - Fortnightly IDCW,1155.7868,03-May-2026
UTI Liquid Fund - Direct Plan - Half-Yearly IDCW,1562.8146,03-May-2026
UTI Liquid Fund - Direct Plan - Monthly IDCW,1049.8248,03-May-2026
UTI Liquid Fund - Direct Plan - Quarterly IDCW,1889.5326,03-May-2026
UTI Liquid Fund - Direct Plan - Weekly IDCW,1073.226,03-May-2026
UTI Liquid Fund - Regular Plan - Annual IDCW,1986.4026,03-May-2026
UTI Liquid Fund - Regular Plan - Daily IDCW (Reinvestment),1185.8459,03-May-2026
UTI Liquid Fund - Regular Plan - Flexi IDCW,1637.1493,03-May-2026
UTI Liquid Fund - Regular Plan - Fortnightly IDCW,1154.9481,03-May-2026
UTI Liquid Fund - Regular Plan - Half-Yearly IDCW,1383.166,03-May-2026
UTI Liquid Fund - Regular Plan - Monthly IDCW,1123.6767,03-May-2026
UTI Liquid Fund - Regular Plan - Quarterly IDCW,1875.6053,03-May-2026
UTI Liquid Fund - Regular Plan - Weekly IDCW,1053.4969,03-May-2026
UTI-  Liquid Cash Plan - Direct Plan - Growth Option,4549.2652,03-May-2026
UTI-  Liquid Cash Plan - Regular Plan - Growth Option,4504.9194,03-May-2026
UTI-  Liquid Cash Plan- Discontinued - Regular Plan - Monthly Dividend Option,1070.1611,03-May-2026
UTI-  Liquid Cash Plan- Discontinued - Regular Plan -Growth,4087.9443,03-May-2026
UTI-  Liquid Cash Plan- Discontinued -Regular Plan Periodic Dividend Option,1137.7154,03-May-2026
WhiteOak Capital Liquid Fund- Direct plan-Daily Reinvestment of Income Distribution cum capital withdrawal option (IDCW),1001.9025,03-May-2026
WhiteOak Capital Liquid Fund- Direct plan-Fortnightly Payout/ Reinvestment of Income Distribution cum capital withdrawal option (IDCW),1003.047,03-May-2026
WhiteOak Capital Liquid Fund- Direct plan-Growth Option,1485.4858,03-May-2026
WhiteOak Capital Liquid Fund- Direct plan-Monthly  Payout/ Reinvestment of Income Distribution cum capital withdrawal option (IDCW),1004.4182,03-May-2026
WhiteOak Capital Liquid Fund- Direct plan-Weekly Payout/ Reinvestment of Income Distribution cum capital withdrawal option (IDCW),1002.6417,03-May-2026
WhiteOak Capital Liquid Fund- Regular plan-Daily Reinvestment of Income Distribution cum capital withdrawal option (IDCW),1001.9023,03-May-2026
WhiteOak Capital Liquid Fund- Regular plan-Fortnightly Payout/ Reinvestment of Income Distribution cum capital withdrawal option (IDCW),1004.1575,03-May-2026
WhiteOak Capital Liquid Fund- Regular plan-Growth Option,1475.3741,03-May-2026
WhiteOak Capital Liquid Fund- Regular plan-Monthly Payout/ Reinvestment of Income Distribution cum capital withdrawal option (IDCW),1003.9676,03-May-2026
WhiteOak Capital Liquid Fund- Regular plan-Weekly Payout/ Reinvestment of Income Distribution cum capital withdrawal option (IDCW),1002.5747,03-May-2026
Aditya Birla Sun Life Long Duration Fund-Direct Growth,13.0236,30-Apr-2026
Aditya Birla Sun Life Long Duration Fund-Direct IDCW Payout,10.6328,30-Apr-2026
Aditya Birla Sun Life Long Duration Fund-Regular Growth,12.7197,30-Apr-2026
Aditya Birla Sun Life Long Duration Fund-Regular IDCW Payout,10.3799,30-Apr-2026
Axis Long Duration Fund - Direct Plan - Annual IDCW,1217.7437,30-Apr-2026
Axis Long Duration Fund - Direct Plan - Growth,1228.6041,30-Apr-2026
Axis Long Duration Fund - Direct Plan - Monthly IDCW,1007.6747,30-Apr-2026
Axis Long Duration Fund - Direct Plan - Quarterly IDCW,1193.9451,30-Apr-2026
Axis Long Duration Fund - Direct Plan -Daily IDCW,988.9794,30-Apr-2026
Axis Long Duration Fund - Regular Plan - Annual IDCW,1200.0312,30-Apr-2026
Axis Long Duration Fund - Regular Plan - Daily IDCW,986.5387,30-Apr-2026
Axis Long Duration Fund - Regular Plan - Growth,1210.8688,30-Apr-2026
Axis Long Duration Fund - Regular Plan - Monthly IDCW,1008.2422,30-Apr-2026
Axis Long Duration Fund - Regular Plan - Quarterly IDCW,1176.2115,30-Apr-2026
Bandhan Long Duration Fund - Direct Plan - Growth,11.1082,30-Apr-2026
Bandhan Long Duration Fund - Direct Plan - IDCW,10.2354,30-Apr-2026
Bandhan Long Duration Fund - Regular Plan - Growth,11.0128,30-Apr-2026
Bandhan Long Duration Fund - Regular Plan - IDCW,10.0555,30-Apr-2026
Franklin India Long Duration Fund - Direct - Growth,10.5966,30-Apr-2026
Franklin India Long Duration Fund - Direct - IDCW,10.3114,30-Apr-2026
Franklin India Long Duration Fund - Growth,10.5247,30-Apr-2026
Franklin India Long Duration Fund - IDCW,10.2805,30-Apr-2026
HDFC Long Duration Debt Fund - Growth Option,12.081,30-Apr-2026
HDFC Long Duration Debt Fund - Growth Option - Direct Plan,12.2195,30-Apr-2026
HDFC Long Duration Debt Fund - IDCW Option,10.4682,30-Apr-2026
HDFC Long Duration Debt Fund - IDCW Option - Direct Plan,10.2394,30-Apr-2026
ICICI Prudential Long Term Bond Fund - Annual IDCW,10.472,16-Sep-2022
ICICI Prudential Long Term Bond Fund - Bonus,68.2598,24-Apr-2020
ICICI Prudential Long Term Bond Fund - Direct Plan - Growth,98.3831,30-Apr-2026
ICICI Prudential Long Term Bond Fund - Direct Plan - Half Yearly IDCW,11.9879,16-Sep-2022
ICICI Prudential Long Term Bond Fund - Direct Plan - Quarterly IDCW,12.5856,30-Apr-2026
ICICI Prudential Long Term Bond Fund - Growth,89.5222,30-Apr-2026
ICICI Prudential Long Term Bond Fund - Half Yearly IDCW,11.1771,16-Sep-2022
ICICI Prudential Long Term Bond Fund - Quarterly IDCW,12.2359,30-Apr-2026
ICICI Prudential Long Term Bond Fund Direct Plan - Annual IDCW,11.5873,16-Sep-2022
ICICI Prudential Long Term Bond Fund-Institutional Quarterly Dividend,11.7562,24-Apr-2020
ICICI Prudential Long Term Bond Fund - Institutional Dividend Halfyearly,10.8508,24-Apr-2020
ICICI Prudential Long Term Bond Fund-Institutional Option-Growth,73.5439,24-Apr-2020
Kotak Long Duration Fund - Direct Plan - Growth,10.9158,30-Apr-2026
Kotak Long Duration Fund - Direct Plan - IDCW,10.9161,30-Apr-2026
Kotak Long Duration Fund - Regular Plan - Growth,10.848,30-Apr-2026
Kotak Long Duration Fund - Regular Plan - IDCW,10.8482,30-Apr-2026
Mirae Asset Long Duration Fund - Direct Plan - Growth,10.249,30-Apr-2026
Mirae Asset Long Duration Fund - Direct Plan - IDCW,10.2429,30-Apr-2026
Mirae Asset Long Duration Fund - Regular Plan - Growth,10.1766,30-Apr-2026
Mirae Asset Long Duration Fund - Regular Plan - IDCW,10.1765,30-Apr-2026
NIPPON INDIA NIVESH LAKSHYA LONG DURATION  FUND - DIRECT Plan - QUARTERLY IDCW Option,11.4449,30-Apr-2026
NIPPON INDIA NIVESH LAKSHYA LONG DURATION FUND - ANNUAL IDCW Option,11.6261,30-Apr-2026
NIPPON INDIA NIVESH LAKSHYA LONG DURATION FUND - DIRECT Plan - ANNUAL IDCW Option,11.6383,30-Apr-2026
NIPPON INDIA NIVESH LAKSHYA LONG DURATION FUND - DIRECT Plan - HALF YEARLY IDCW Option,12.1006,30-Apr-2026
NIPPON INDIA NIVESH LAKSHYA LONG DURATION FUND - DIRECT Plan - IDCW Option,18.1017,30-Apr-2026
NIPPON INDIA NIVESH LAKSHYA LONG DURATION FUND - DIRECT Plan - MONTHLY IDCW Option,11.4926,30-Apr-2026
NIPPON INDIA NIVESH LAKSHYA LONG DURATION FUND - IDCW Option,17.6587,30-Apr-2026
NIPPON INDIA NIVESH LAKSHYA LONG DURATION FUND - MONTHLY IDCW Option,11.4455,30-Apr-2026
NIPPON INDIA NIVESH LAKSHYA LONG DURATION FUND - QUARTERLY IDCW Option,11.4323,30-Apr-2026
NIPPON INDIA NIVESH LAKSHYA LONG DURATION FUND LONG DURATION - HALF YEARLY IDCW Option,12.0639,30-Apr-2026
Nippon India Nivesh Lakshya Long Duration Fund- Direct Plan- Growth Option,18.1016,30-Apr-2026
Nippon India Nivesh Lakshya Long Duration Fund- Growth Option,17.6598,30-Apr-2026
SBI Long Duration Fund - Direct Plan - Growth,12.4561,30-Apr-2026
SBI Long Duration Fund - Direct Plan - Income Distribution cum Capital Withdrawal Option (IDCW),12.4565,30-Apr-2026
SBI Long Duration Fund - Regular Plan - Growth,12.284,30-Apr-2026
SBI Long Duration Fund - Regular Plan - Income Distribution cum Capital Withdrawal Option (IDCW),12.2842,30-Apr-2026
UTI Long Duration Fund - Direct Plan - Annual IDCW Option,11.1103,30-Apr-2026
UTI Long Duration Fund - Direct Plan - Flexi IDCW Option,11.8983,30-Apr-2026
UTI Long Duration Fund - Direct Plan - Growth Option,12.0509,30-Apr-2026
UTI Long Duration Fund - Direct Plan - Half Yearly IDCW Option,12.0509,30-Apr-2026
UTI Long duration Fund - Direct Plan - Quarterly IDCW Option,12.0509,30-Apr-2026
UTI Long Duration Fund - Regular Plan - Annual IDCW Option,10.7791,30-Apr-2026
UTI Long Duration Fund - Regular Plan - Flexi IDCW Option,11.7059,30-Apr-2026
UTI Long Duration Fund - Regular Plan - Growth Option,11.7058,30-Apr-2026
UTI Long Duration Fund - Regular Plan - Half Yearly IDCW Option,11.7059,30-Apr-2026
UTI Long Duration Fund - Regular Plan - Quarterly IDCW Option,11.7058,30-Apr-2026
Aditya Birla Sun Life Low duration Fund - Growth - Direct Plan,764.8315,30-Apr-2026
Aditya Birla Sun Life Low Duration Fund - Growth Plan,685.8392,30-Apr-2026
Aditya Birla Sun Life Low Duration Fund - Institutional Plan - Growth,480.8892,30-Apr-2026
Aditya Birla Sun Life Low Duration Fund -Direct - daily IDCW,100.2141,30-Apr-2026
Aditya Birla Sun Life Low Duration Fund -Direct - weekly IDCW,100.8312,30-Apr-2026
Aditya Birla Sun Life Low Duration Fund -INSTITUTIONAL - DAILY IDCW,100.1599,30-Apr-2026
Aditya Birla Sun Life Low Duration Fund -Institutional - weekly  IDCW,99.9054,30-Apr-2020
Aditya Birla Sun Life Low Duration Fund -Regular - DAILY IDCW,100.1197,30-Apr-2026
Aditya Birla Sun Life Low Duration Fund -REGULAR - WEEKLY IDCW,100.7462,30-Apr-2026
Axis Treasury Advantage Fund - Direct Plan - Bonus Option,1847.5931,10-Apr-2017
Axis Treasury Advantage Fund - Direct Plan - Daily IDCW,1011.9708,30-Apr-2026
Axis Treasury Advantage Fund - Direct Plan - Growth Option,3414.8922,30-Apr-2026
Axis Treasury Advantage Fund - Direct Plan - Monthly IDCW,1009.197,30-Apr-2026
Axis Treasury Advantage Fund - Direct Plan - Weekly IDCW,1011.2226,30-Apr-2026
Axis Treasury Advantage Fund - Regular Plan - Daily IDCW,1012.6856,30-Apr-2026
Axis Treasury Advantage Fund - Regular Plan - Growth Option,3248.2371,30-Apr-2026
Axis Treasury Advantage Fund - Regular Plan - Monthly IDCW,1009.1624,30-Apr-2026
Axis Treasury Advantage Fund - Regular Plan - Weekly IDCW,1011.1899,30-Apr-2026
Axis Treasury Advantage Fund - Retail Plan - Daily IDCW,1011.9114,30-Apr-2026
Axis Treasury Advantage Fund - Retail Plan - Growth Option,3045.4042,30-Apr-2026
Axis Treasury Advantage Fund - Retail Plan - Monthly IDCW,1009.1628,30-Apr-2026
Axis Treasury Advantage Fund - Retail Plan - Weekly IDCW,1011.1899,30-Apr-2026
Bajaj Finserv Low Duration Fund - Direct - Growth,1010.3831,30-Apr-2026
Bajaj Finserv Low Duration Fund - Direct - IDCW,1010.3831,30-Apr-2026
Bajaj Finserv Low Duration Fund - Regular - Growth,1008.8735,30-Apr-2026
Bajaj Finserv Low Duration Fund - Regular - IDCW,1008.8735,30-Apr-2026
BANDHAN Low Duration Fund - Regular Plan - Daily IDCW,10.0931,30-Apr-2026
BANDHAN Low Duration Fund - Regular Plan - Growth,40.3888,30-Apr-2026
BANDHAN Low Duration Fund - Regular Plan - Monthly IDCW,10.0984,30-Apr-2026
BANDHAN Low Duration Fund - Regular Plan - Periodic IDCW,13.411,30-Apr-2026
BANDHAN Low Duration Fund - Regular Plan - Quarterly IDCW,11.1954,30-Apr-2026
BANDHAN Low Duration Fund - Regular Plan - Weekly IDCW,10.1048,30-Apr-2026
BANDHAN Low Duration Fund-Direct Plan-Daily IDCW,10.1034,30-Apr-2026
BANDHAN Low Duration Fund-Direct Plan-Growth,41.4783,30-Apr-2026
BANDHAN Low Duration Fund-Direct Plan-Monthly IDCW,10.1118,30-Apr-2026
BANDHAN Low Duration Fund-Direct Plan-Periodic IDCW,13.5871,30-Apr-2026
BANDHAN Low Duration Fund-Direct Plan-Quarterly IDCW,11.1388,30-Apr-2026
BANDHAN Low Duration Fund-Direct Plan-Weekly IDCW,10.0937,30-Apr-2026
BARODA BNP PARIBAS LOW DURATION Fund - Direct Plan - Daily IDCW Option,10.0876,30-Apr-2026
BARODA BNP PARIBAS LOW DURATION Fund - Direct Plan - Growth Option,46.1696,30-Apr-2026
BARODA BNP PARIBAS LOW DURATION Fund - Direct Plan - Monthly IDCW Option,10.3622,30-Apr-2026
BARODA BNP PARIBAS LOW DURATION Fund - Direct Plan - Weekly IDCW Option,10.0044,30-Apr-2026
BARODA BNP PARIBAS LOW DURATION FUND - Regular Plan - DAILY IDCW OPTION,10.0521,30-Apr-2026
BARODA BNP PARIBAS LOW DURATION FUND - Regular Plan - GROWTH OPTION,41.8994,30-Apr-2026
BARODA BNP PARIBAS LOW DURATION FUND - Regular Plan - MONTHLY IDCW OPTION,10.2194,30-Apr-2026
BARODA BNP PARIBAS LOW DURATION FUND - Regular Plan - WEEKLY IDCW OPTION,10.0032,30-Apr-2026
BARODA BNP PARIBAS LOW DURATION Fund-Defunct Plan- Daily IDCW Option,10.0416,30-Apr-2026
BARODA BNP PARIBAS LOW DURATION Fund-Defunct Plan-Growth Option,41.9721,30-Apr-2026
BARODA BNP PARIBAS LOW DURATION Fund-Defunct Plan-Monthly IDCW Option,10.4451,30-Apr-2026
BARODA BNP PARIBAS LOW DURATION Fund-Defunct Plan-Weekly IDCW Option,10.0032,30-Apr-2026
CANARA ROBECO SAVINGS FUND - DIRECT PLAN - DAILY IDCW (Reinvestment),10.2531,30-Apr-2026
CANARA ROBECO SAVINGS FUND - DIRECT PLAN - GROWTH OPTION,45.515,30-Apr-2026
CANARA ROBECO SAVINGS FUND - DIRECT PLAN - IDCW (Payout/Reinvestment),40.6617,30-Apr-2026
CANARA ROBECO SAVINGS FUND - DIRECT PLAN - MONTHLY IDCW (Payout/Reinvestment),10.2584,30-Apr-2026
CANARA ROBECO SAVINGS FUND - DIRECT PLAN - WEEKLY IDCW (Payout/Reinvestment),10.2531,30-Apr-2026
CANARA ROBECO SAVINGS FUND - REGULAR PLAN - DAILY IDCW (Reinvestment),10.2525,30-Apr-2026
CANARA ROBECO SAVINGS FUND - REGULAR PLAN - GROWTH OPTION,44.1902,30-Apr-2026
CANARA ROBECO SAVINGS FUND - REGULAR PLAN - IDCW (Payout/Reinvestment),39.5851,30-Apr-2026
CANARA ROBECO SAVINGS FUND - REGULAR PLAN - MONTHLY IDCW (Payout/Reinvestment),10.2583,30-Apr-2026
CANARA ROBECO SAVINGS FUND - REGULAR PLAN - WEEKLY IDCW (Payout/Reinvestment),10.2525,30-Apr-2026
DSP Low Duration Fund - Direct Plan - Growth,21.4891,30-Apr-2026
DSP Low Duration Fund - Direct Plan - IDCW - Daily,10.1189,30-Apr-2026
DSP Low Duration Fund - Direct Plan - IDCW - Monthly,11.7979,30-Apr-2026
DSP Low Duration Fund - Direct Plan - IDCW - Quarterly,10.923,30-Apr-2026
DSP Low Duration Fund - Direct Plan - IDCW - Weekly,10.1238,30-Apr-2026
DSP Low Duration Fund - Regular Plan - Growth,20.7538,30-Apr-2026
DSP Low Duration Fund - Regular Plan - IDCW - Daily,10.1728,30-Apr-2026
DSP Low Duration Fund - Regular Plan - IDCW - Monthly,10.6501,30-Apr-2026
DSP Low Duration Fund - Regular Plan - IDCW - Quarterly,10.8857,30-Apr-2026
DSP Low Duration Fund - Regular Plan - IDCW - Weekly,10.1232,30-Apr-2026
Edelweiss Low Duration Fund - Direct Plan Growth,1077.7573,30-Apr-2026
Edelweiss Low Duration Fund - Direct Plan IDCW Payout,1077.7263,30-Apr-2026
Edelweiss Low Duration Fund - Regular Plan Growth,1068.3876,30-Apr-2026
Edelweiss Low Duration Fund - Regular Plan IDCW Payout,1068.3871,30-Apr-2026
Franklin India Low Duration Fund-Direct-Growth,10.8903,30-Apr-2026
Franklin India Low Duration Fund-Direct-IDCW,10.5586,30-Apr-2026
Franklin India Low Duration Fund-Growth,10.822,30-Apr-2026
Franklin India Low Duration Fund-IDCW,10.5056,30-Apr-2026
Franklin India Low Duration Fund - Direct - Growth,28.6858,07-Aug-2022
Franklin India Low Duration Fund - Direct - Monthly - IDCW,13.3317,07-Aug-2022
Franklin India Low Duration Fund - Direct - Quarterly - IDCW,13.1009,07-Aug-2022
Franklin India Low Duration Fund - Growth Plan,32.6071,07-Aug-2022
Franklin India Low Duration Fund - Monthly - IDCW,15.0351,07-Aug-2022
Franklin India Low Duration Fund - Quarterly - IDCW,14.7667,07-Aug-2022
Franklin India Low Duration Fund- Segregated Portfolio 1- 8.25% Vodafone Idea Ltd-10JUL20-Direct- Quarterly Dividend Plan,0.0,20-Jul-2020
Franklin India Low Duration Fund- Segregated Portfolio 1- 8.25% Vodafone Idea Ltd-10JUL20-Direct-Growth Plan,0.0,20-Jul-2020
Franklin India Low Duration Fund- Segregated Portfolio 1- 8.25% Vodafone Idea Ltd-10JUL20-Direct-Monthly Dividend Plan,0.0,20-Jul-2020
Franklin India Low Duration Fund- Segregated Portfolio 1- 8.25% Vodafone Idea Ltd-10JUL20-Growth Plan,0.0,20-Jul-2020
Franklin India Low Duration Fund- Segregated Portfolio 1- 8.25% Vodafone Idea Ltd-10JUL20-Monthly Dividend Plan,0.0,20-Jul-2020
Franklin India Low Duration Fund- Segregated Portfolio 1- 8.25% Vodafone Idea Ltd-10JUL20-Quarterly Dividend Plan,0.0,20-Jul-2020
Franklin India Low Duration Fund- Segregated Portfolio 2 - 10.90% Vodafone Idea Ltd (02-Sep-2023) - Monthly - IDCW,0.0,11-Sep-2023
Franklin India Low Duration Fund- Segregated Portfolio 2 - 10.90% Vodafone Idea Ltd (02-Sep-2023) - Quarterly - IDCW,0.0,11-Sep-2023
Franklin India Low Duration Fund- Segregated Portfolio 2- 10.90% Vodafone Idea Ltd 02Sep2023-Direct- Growth Plan,0.0,11-Sep-2023
Franklin India Low Duration Fund- Segregated Portfolio 2- 10.90% Vodafone Idea Ltd 02Sep2023-Growth Plan,0.0,11-Sep-2023
Franklin India Low Duration Fund-Direct- Segregated Portfolio 2 - 10.90% Vodafone Idea Ltd (02-Sep-2023) - Direct Monthly - IDCW,0.0,11-Sep-2023
Franklin India Low Duration Fund-Direct- Segregated Portfolio 2 - 10.90% Vodafone Idea Ltd (02-Sep-2023) - Direct Quarterly - IDCW,0.0,11-Sep-2023
HDFC Low Duration  Fund - Daily IDCW,10.1371,30-Apr-2026
HDFC Low Duration  Fund - Direct Plan - Daily IDCW,10.0601,30-Apr-2026
HDFC Low Duration  Fund - Direct Plan - Growth,65.9006,30-Apr-2026
HDFC Low Duration  Fund - Direct Plan - Monthly IDCW,10.1388,30-Apr-2026
HDFC Low Duration  Fund - Direct Plan - Weekly IDCW,10.0563,30-Apr-2026
HDFC Low Duration  Fund - Growth,60.4641,30-Apr-2026
HDFC Low Duration  Fund - Monthly IDCW,10.1358,30-Apr-2026
HDFC Low Duration  Fund - Weekly IDCW,10.0558,30-Apr-2026
HDFC Low Duration Fund- Wholesale Daily Dividend,10.1574,10-May-2019
HDFC Low Duration Fund- Wholesale Monthly Dividend,10.1856,10-May-2019
HDFC Low Duration Fund- Wholesale Weekly Dividend,10.1734,10-May-2019
HDFC Low Duration Fund- Wholesale- Growth,41.8371,10-May-2019
HSBC Low Duration Fund - Direct Annual IDCW,10.3618,30-Apr-2026
HSBC Low Duration Fund - Direct Growth,31.842,30-Apr-2026
HSBC Low Duration Fund - Direct Monthly IDCW,11.0455,30-Apr-2026
HSBC Low Duration Fund - Regular Annual IDCW,10.1889,30-Apr-2026
HSBC Low Duration Fund - Regular Growth,30.0713,30-Apr-2026
HSBC Low Duration Fund - Regular Monthly IDCW,10.3354,30-Apr-2026
ICICI Prudential Savings Fund - Bonus,154.9446,24-Apr-2020
ICICI Prudential Savings Fund - Daily IDCW,105.6724,30-Apr-2026
ICICI Prudential Savings Fund - Direct Plan - Daily IDCW,105.6733,30-Apr-2026
ICICI Prudential Savings Fund - Direct Plan - Fortnightly IDCW,101.7021,30-Apr-2026
ICICI Prudential Savings Fund - Direct Plan - Growth,580.4282,30-Apr-2026
ICICI Prudential Savings Fund - Direct Plan - IDCW Others,194.7542,30-Apr-2026
ICICI Prudential Savings Fund - Direct Plan - Monthly IDCW,102.1783,30-Apr-2026
ICICI Prudential Savings Fund - Direct Plan - Quarterly IDCW,110.1713,30-Apr-2026
ICICI Prudential Savings Fund - Direct Plan - Weekly IDCW,105.4319,30-Apr-2026
ICICI Prudential Savings Fund - Direct Plan Bonus,123.8923,15-Mar-2017
ICICI Prudential Savings Fund - Fortnightly IDCW,101.6954,30-Apr-2026
ICICI Prudential Savings Fund - Growth,571.9824,30-Apr-2026
ICICI Prudential Savings Fund - IDCW Others,191.7194,30-Apr-2026
ICICI Prudential Savings Fund - Monthly IDCW,102.1644,30-Apr-2026
ICICI Prudential Savings Fund - Quarterly IDCW,109.8845,30-Apr-2026
ICICI Prudential Savings Fund - Weekly IDCW,105.3841,30-Apr-2026
ICICI Prudential Savings Fund Retail Daily Dividend,100.1193,24-Apr-2020
ICICI Prudential Savings Fund Retail Growth,220.0081,24-Apr-2020
ICICI Prudential Savings Fund Retail Weekly Dividend,100.956,24-Apr-2020
Invesco India Low Duration Fund - Daily IDCW (Reinvestment),1017.3924,30-Apr-2026
Invesco India Low Duration Fund - Direct Plan - Discretionary IDCW (Payout / Reinvestment),4141.1269,30-Apr-2026
Invesco India Low Duration Fund - Direct Plan - Growth,4139.2637,30-Apr-2026
Invesco India Low Duration Fund - Direct Plan - Monthly IDCW (Payout / Reinvestment),1084.6194,30-Apr-2026
Invesco India Low Duration Fund - Direct Plan - Weekly IDCW (Payout / Reinvestment),1205.3391,30-Apr-2026
Invesco India Low Duration Fund - Direct Plan -Daily IDCW (Reinvestment),1018.4722,30-Apr-2026
Invesco India Low Duration Fund - Discretionary IDCW (Payout / Reinvestment),4057.7819,30-Apr-2026
Invesco India Low Duration Fund - Growth,3964.7831,30-Apr-2026
Invesco India Low Duration Fund - Monthly IDCW (Payout / Reinvestment),1444.9471,30-Apr-2026
Invesco India Low Duration Fund - Regular - Growth,3512.4387,30-Apr-2026
Invesco India Low Duration Fund - Regular - Monthly IDCW (Reinvestment),1417.2837,30-Apr-2026
Invesco India Low Duration Fund - Regular - Weekly IDCW (Reinvestment),1444.0848,30-Apr-2026
Invesco India Low Duration Fund - Regular Daily IDCW (Reinvestment),1746.985,30-Apr-2026
Invesco India Low Duration Fund - Weekly IDCW (Payout / Reinvestment),1325.3881,30-Apr-2026
JioBlackRock Low Duration Fund - Direct Plan - Growth Option,1017.3943,30-Apr-2026
JM Low Duration Fund (Direct) - Bonus Option - Principal Units,24.0976,30-Apr-2026
JM Low Duration Fund (Direct) - Daily IDCW,10.8452,30-Apr-2026
JM Low Duration Fund (Direct) - Fortnightly IDCW,11.1175,30-Apr-2026
JM Low Duration Fund (Direct) - Growth,40.0228,30-Apr-2026
JM Low Duration Fund (Direct) - Weekly IDCW,11.4449,30-Apr-2026
JM Low Duration Fund (Regular) - Daily IDCW,10.8147,30-Apr-2026
JM Low Duration Fund (Regular) - Fortnightly IDCW,11.0763,30-Apr-2026
JM Low Duration Fund (Regular) - Growth Option,38.8013,30-Apr-2026
JM Low Duration Fund (Regular) - Weekly IDCW,11.4047,30-Apr-2026
JM Low Duration Fund - Bonus Option - Principal Units,23.3769,30-Apr-2026
Kotak Low Duration Fund - Direct Plan- Standard Income Distribution cum capital withdrawal option,1529.5407,30-Apr-2026
Kotak Low Duration Fund- Direct Plan- Growth Option,3838.5885,30-Apr-2026
Kotak Low Duration Fund- Regular Plan-Growth Option,3497.438,30-Apr-2026
Kotak Low Duration Fund- Regular Plan-Standard Income Distribution cum capital withdrawal option,1249.949,30-Apr-2026
LIC MF Low Duration Fund-Direct Plan-Daily IDCW,10.0453,30-Apr-2026
LIC MF Low Duration Fund-Direct Plan-Growth,45.1009,30-Apr-2026
LIC MF Low Duration Fund-Direct Plan-Monthly IDCW,23.5531,30-Apr-2026
LIC MF Low Duration Fund-Direct Plan-Weekly IDCW,15.7094,30-Apr-2026
LIC MF Low Duration Fund-Regular Plan-Daily IDCW,10.9179,30-Apr-2026
LIC MF Low Duration Fund-Regular Plan-Growth,41.3606,30-Apr-2026
LIC MF Low Duration Fund-Regular Plan-Monthly IDCW,14.2622,30-Apr-2026
LIC MF Low Duration Fund-Regular Plan-Weekly IDCW,14.1836,30-Apr-2026
Mahindra Manulife Low Duration Fund - Direct Plan - Daily IDCW,1242.2636,30-Apr-2026
Mahindra Manulife Low Duration Fund - Direct Plan - Monthly IDCW,1131.4468,30-Apr-2026
Mahindra Manulife Low Duration Fund - Direct Plan - Weekly IDCW,1029.6897,30-Apr-2026
Mahindra Manulife Low Duration Fund - Direct Plan -Growth,1845.8716,30-Apr-2026
Mahindra Manulife Low Duration Fund - Regular Plan - Daily IDCW,1002.9739,30-Apr-2026
Mahindra Manulife Low Duration Fund - Regular Plan - Growth,1709.7448,30-Apr-2026
Mahindra Manulife Low Duration Fund - Regular Plan - Monthly IDCW,1111.9912,30-Apr-2026
Mahindra Manulife Low Duration Fund - Regular Plan - Weekly IDCW,1051.9495,30-Apr-2026
Mirae Asset Low Duration Fund - Direct Plan - Daily IDCW,1208.0235,30-Apr-2026
Mirae Asset Low Duration Fund - Direct Plan - Growth,2586.1471,30-Apr-2026
Mirae Asset Low Duration Fund - Direct Plan - Monthly IDCW,1159.1936,30-Apr-2026
Mirae Asset Low Duration Fund - Direct Plan - Quarterly IDCW,1016.6325,30-Apr-2026
Mirae Asset Low Duration Fund - Direct Plan - Weekly IDCW,1453.2968,30-Apr-2026
Mirae Asset Low Duration Fund - Regular Plan - Daily IDCW,1004.2621,30-Apr-2026
Mirae Asset Low Duration Fund - Regular Plan - Growth,2362.6051,30-Apr-2026
Mirae Asset Low Duration Fund - Regular Plan - Monthly IDCW,1086.6627,30-Apr-2026
Mirae Asset Low Duration Fund - Regular Plan - Quarterly IDCW,1014.0608,30-Apr-2026
Mirae Asset Low Duration Fund - Regular Plan - Weekly IDCW,1105.6422,30-Apr-2026
NIPPON INDIA LOW DURATION FUND - DAILY IDCW Option,1011.678,30-Apr-2026
NIPPON INDIA LOW DURATION FUND - DIRECT Plan - DAILY IDCW Option,1011.7993,30-Apr-2026
NIPPON INDIA LOW DURATION FUND - DIRECT Plan - IDCW Option,2209.6231,30-Apr-2026
NIPPON INDIA LOW DURATION FUND - DIRECT Plan - MONTHLY IDCW Option,1038.1437,30-Apr-2026
NIPPON INDIA LOW DURATION FUND - DIRECT Plan - QUARTERLY IDCW Option,1024.7015,30-Apr-2026
NIPPON INDIA LOW DURATION FUND - DIRECT Plan - WEEKLY IDCW Option,1011.7152,30-Apr-2026
Nippon India Low Duration Fund - Direct Plan Growth Plan - Bonus Option,2426.9005,30-Apr-2026
Nippon India Low Duration Fund - Direct Plan Growth Plan - Growth Option,4177.8617,30-Apr-2026
NIPPON INDIA LOW DURATION FUND - IDCW Option,2084.0663,30-Apr-2026
NIPPON INDIA LOW DURATION FUND - MONTHLY IDCW Option,1030.0329,30-Apr-2026
NIPPON INDIA LOW DURATION FUND - QUARTERLY IDCW Option,1023.1274,30-Apr-2026
NIPPON INDIA LOW DURATION FUND - RETAIL Plan - DAILY IDCW Option,1011.6875,30-Apr-2026
Nippon India Low Duration Fund - Retail Plan - Growth Plan - Growth Option,3733.6276,30-Apr-2026
Nippon India Low Duration Fund - Retail Plan - Growth Plan -Bonus Option,2781.5171,30-Apr-2026
NIPPON INDIA LOW DURATION FUND - RETAIL Plan - MONTHLY IDCW Option,1031.8427,30-Apr-2026
NIPPON INDIA LOW DURATION FUND - RETAIL Plan - QUARTERLY IDCW Option,1027.1054,30-Apr-2026
NIPPON INDIA LOW DURATION FUND - RETAIL Plan - WEEKLY IDCW Option,1011.7338,30-Apr-2026
NIPPON INDIA LOW DURATION FUND - WEEKLY IDCW Option,1011.5432,30-Apr-2026
Nippon India Low Duration Fund -Growth Plan -Bonus Option,2276.3775,30-Apr-2026
Nippon India Low Duration Fund- Growth Plan - Growth Option,3920.6388,30-Apr-2026
SBI Low Duration Fund - Direct Plan - Daily Income Distribution cum Capital Withdrawal Option (IDCW),1470.0272,30-Apr-2026
SBI Low Duration Fund - Direct Plan - Fortnightly Income Distribution cum Capital Withdrawal Option (IDCW),1495.7255,30-Apr-2026
SBI LOW DURATION FUND - DIRECT PLAN - GROWTH,3813.4161,30-Apr-2026
SBI Low Duration Fund - Direct Plan - Monthly Income Distribution cum Capital Withdrawal Option (IDCW),1694.599,30-Apr-2026
SBI Low Duration Fund - Direct Plan - Weekly Income Distribution cum Capital Withdrawal Option (IDCW),1472.179,30-Apr-2026
SBI Low Duration Fund - Regular Plan - Daily Income Distribution cum Capital Withdrawal Option (IDCW),1422.0462,30-Apr-2026
SBI Low Duration Fund - Regular Plan - Fornightly Income Distribution cum Capital Withdrawal Option (IDCW),1446.9362,30-Apr-2026
SBI LOW DURATION FUND - REGULAR PLAN - GROWTH,3650.8211,30-Apr-2026
SBI Low Duration Fund - Regular Plan - Monthly Income Distribution cum Capital Withdrawal Option (IDCW),1601.2015,30-Apr-2026
SBI Low Duration Fund - Regular Plan - Weekly Income Distribution cum Capital Withdrawal Option (IDCW),1422.0332,30-Apr-2026
SBI Short Horizon Debt Fund - Ultra Short Term Fund - Institutional Plan - Daily Income Distribution cum Capital Withdrawal Option (IDCW),1422.381,30-Apr-2026
SBI Short Horizon Debt Fund - Ultra Short Term Fund - Institutional Plan - Growth,3715.205,30-Apr-2026
SBI Short Horizon Debt Fund - Ultra Short Term Fund- Institutional Plan - Weekly Income Distribution cum Capital Withdrawal Option (IDCW),1418.8501,30-Apr-2026
Sundaram Low Duration Fund (Formerly Know as Principal Low Duation Fund) Regular Principal Units,1341.6648,27-Jun-2025
Sundaram Low Duration Fund (Formerly Known as Principal Low Duration Fund) - Direct Plan - Daily Income Distribution CUM Capital Withdrawal Option,1009.6449,28-Jun-2024
Sundaram Low Duration Fund (Formerly Known as Principal Low Duration Fund) - Direct Plan - Growth Option,3894.0342,30-Apr-2026
Sundaram Low Duration Fund (Formerly Known as Principal Low Duration Fund) - Direct Plan - Income Distribution CUM Capital Withdrawal Option (IDCW),1108.0921,30-Apr-2026
Sundaram Low Duration Fund (Formerly Known as Principal Low Duration Fund) - Direct Plan - Weekly Income Distribution CUM Capital Withdrawal Option,1006.3073,28-Jun-2024
Sundaram Low Duration Fund (Formerly Known as Principal Low Duration Fund) - Weekly Income Distribution CUM Capital Withdrawal Option,1010.4171,28-Jun-2024
Sundaram Low Duration Fund (Formerly Known as Principal Low Duration Fund) -Daily Income Distribution CUM Capital Withdrawal Option,1015.7943,28-Jun-2024
Sundaram Low Duration Fund (Formerly Known as Principal Low Duration Fund) Direct Fortnightly IDCW,1098.0393,28-Jun-2024
Sundaram Low Duration Fund (Formerly Known as Principal Low Duration Fund) Regular Fortnightly IDCW,1088.0156,28-Jun-2024
Sundaram Low Duration Fund (Formerly Known as Principal Low Duration Fund) Regular Plan IDCW,1210.1093,27-Jun-2025
Sundaram Low Duration Fund (Formerly Known as Principal Low Duration Fund)- Growth Option,3608.6084,30-Apr-2026
Sundaram Low Duration Fund (Formerly Known as Principal Low Duration Fund)- Income Distribution CUM Capital Withdrawal Option (IDCW),1088.0372,30-Apr-2026
Sundaram Low Duration Fund(Formerly Known as Principal Low Duration Fund) Direct Plan - IDCW,1255.0849,27-Jun-2025
Tata Treasury Advantage Fund - Direct Plan - Growth Option,4246.6662,30-Apr-2026
Tata Treasury Advantage Fund - Regular Plan - Growth Option,4117.9227,30-Apr-2026
Tata Treasury Advantage Fund Direct Plan - Daily Reinvestment of IDCW Option,1002.7783,30-Apr-2026
Tata Treasury Advantage Fund Direct Plan - Periodic Payout of IDCW Option,2693.5503,30-Apr-2026
Tata Treasury Advantage Fund Direct Plan - Weekly Payout of IDCW Option,1007.3096,30-Apr-2026
Tata Treasury Advantage Fund Regular Plan - Daily Reinvestment of IDCW Option,1002.7572,30-Apr-2026
Tata Treasury Advantage Fund Regular Plan - Periodic Payout of IDCW Option,2610.0544,30-Apr-2026
Tata Treasury Advantage Fund Regular Plan - Weekly Payout of IDCW Option,1007.2907,30-Apr-2026
Union Low Duration Fund - Direct Plan - Growth Option,10.4312,30-Apr-2026
Union Low Duration Fund - Direct Plan - IDCW Option,10.4312,30-Apr-2026
Union Low Duration Fund - Regular Plan - Growth Option,10.3695,30-Apr-2026
Union Low Duration Fund - Regular Plan - IDCW Option,10.3695,30-Apr-2026
UTI Low Duration Fund - Direct Plan - Annual IDCW,1402.452,30-Apr-2026
UTI Low Duration Fund - Direct Plan - Bonus Option,2199.7192,01-Mar-2021
UTI Low Duration Fund - Direct Plan - Daily IDCW (Reinvestment),1446.5108,30-Apr-2026
UTI Low Duration Fund - Direct Plan - Flexi IDCW,1608.3751,30-Apr-2026
UTI Low Duration Fund - Direct Plan - Fortnightly IDCW,1337.5014,30-Apr-2026
UTI Low Duration Fund - Direct Plan - Growth Option,3788.7042,30-Apr-2026
UTI Low Duration Fund - Direct Plan - Half-Yearly IDCW,1465.9161,30-Apr-2026
UTI Low Duration Fund - Direct Plan - Monthly IDCW,1479.219,30-Apr-2026
UTI Low Duration Fund - Direct Plan - Quarterly IDCW,2031.3903,30-Apr-2026
UTI Low Duration Fund - Direct Plan - Weekly IDCW,1020.9213,30-Apr-2026
UTI Low Duration Fund - Discontinued - Annaul Dividend Option,3541.512,30-Apr-2026
UTI Low Duration Fund - Discontinued - Periodic Dividend Plan,1074.593,30-Apr-2026
UTI Low Duration Fund - Discontinued - Quarterly Dividend Option,2330.517,30-Apr-2026
UTI Low Duration Fund - Discontinued Bonus Option,4393.5476,30-Apr-2026
UTI Low Duration Fund - Discontinued Flexi Dividend Plan,1090.4982,30-Apr-2026
UTI Low Duration Fund - Discontinued Growth Option,6591.0687,30-Apr-2026
UTI Low Duration Fund - Discontinued Monthly Dividend Option,1017.5891,30-Apr-2026
UTI Low Duration Fund - Regular Plan - Bonus Option,3114.6497,30-Apr-2026
UTI Low Duration Fund - Regular Plan - Daily IDCW (Reinvestment),1436.3147,30-Apr-2026
UTI Low Duration Fund - Regular Plan - Flexi IDCW,1417.3903,30-Apr-2026
UTI Low Duration Fund - Regular Plan - Fortnightly IDCW,1328.8359,30-Apr-2026
UTI Low Duration Fund - Regular Plan - Growth Option,3726.6061,30-Apr-2026
UTI Low Duration Fund - Regular Plan - Half-Yearly IDCW,1471.0742,30-Apr-2026
UTI Low Duration Fund - Regular Plan - Monthly IDCW,1465.0709,30-Apr-2026
UTI Low Duration Fund - Regular Plan - Quarterly IDCW,1424.9559,30-Apr-2026
UTI Low Duration Fund - Regular Plan - Weekly IDCW,1439.9483,30-Apr-2026
Aditya Birla Sun Life Medium Term Plan - DIRECT - HALF YEARLY IDCW,14.6496,30-Apr-2026
Aditya Birla Sun Life Medium Term Plan - Direct - IDCW,17.711,30-Apr-2026
Aditya Birla Sun Life Medium Term Plan - DIRECT - Quarterly IDCW,14.2293,30-Apr-2026
Aditya Birla Sun Life Medium Term Plan - Growth - Direct Plan,46.491,30-Apr-2026
Aditya Birla Sun Life Medium Term Plan - Growth - Regular Plan,42.4894,30-Apr-2026
Aditya Birla Sun Life Medium Term Plan - Institutional - Growth Plan,22.1442,04-Apr-2019
Aditya Birla Sun Life Medium Term Plan - REGULAR - HALFYEARLY IDCW,13.7189,30-Apr-2026
Aditya Birla Sun Life Medium Term Plan - Regular - IDCW,16.1311,30-Apr-2026
Aditya Birla Sun Life Medium Term Plan - REGULAR - Quarterly IDCW,13.5056,30-Apr-2026
Axis Strategic Bond Fund - Direct Plan - Growth Option,32.3274,30-Apr-2026
Axis Strategic Bond Fund - Direct Plan - Half Yearly IDCW,11.7452,30-Apr-2026
Axis Strategic Bond Fund - Direct Plan - Quarterly IDCW,10.3555,30-Apr-2026
Axis Strategic Bond Fund - Regular Plan - Bonus Option,13.256,30-Jan-2015
Axis Strategic Bond Fund - Regular Plan - Growth Option,29.2698,30-Apr-2026
Axis Strategic Bond Fund - Regular Plan - Half Yearly IDCW,10.3008,30-Apr-2026
Axis Strategic Bond Fund - Regular Plan - Quarterly IDCW,10.065,30-Apr-2026
Bandhan Medium Duration Fund - Direct Plan - Bi Monthly IDCW,10.6129,30-Apr-2026
Bandhan Medium Duration Fund - Direct Plan - Daily IDCW,10.3816,30-Apr-2026
Bandhan Medium Duration Fund - Direct Plan - Fortnightly IDCW,10.2659,24-Nov-2025
Bandhan Medium Duration Fund - Direct Plan - Growth,51.6844,30-Apr-2026
Bandhan Medium Duration Fund - Direct Plan - Monthly IDCW,10.4513,30-Apr-2026
Bandhan Medium Duration Fund - Direct Plan - Periodic IDCW,13.4924,30-Apr-2026
Bandhan Medium Duration Fund - Direct Plan - Quarterly IDCW,11.3399,30-Apr-2026
Bandhan Medium Duration Fund - Regular Plan - Bi-Monthly IDCW,10.294,30-Apr-2026
Bandhan Medium Duration Fund - Regular Plan - Daily IDCW,10.241,30-Apr-2026
Bandhan Medium Duration Fund - Regular Plan - Fortnightly IDCW,10.2134,30-Apr-2026
Bandhan Medium Duration Fund - Regular Plan - Growth,47.1463,30-Apr-2026
Bandhan Medium Duration Fund - Regular Plan - Monthly IDCW,10.2199,30-Apr-2026
Bandhan Medium Duration Fund - Regular Plan - Periodic IDCW,14.8517,30-Apr-2026
Bandhan Medium Duration Fund - Regular Plan - Quarterly IDCW,11.1368,30-Apr-2026
DSP Bond Fund - Direct Plan - Growth,89.9878,30-Apr-2026
DSP Bond Fund - Direct Plan - IDCW,11.5032,30-Apr-2026
DSP Bond Fund - Direct Plan - IDCW - Monthly,11.2476,30-Apr-2026
DSP Bond Fund - Growth,84.4929,30-Apr-2026
DSP Bond Fund - IDCW,11.391,30-Apr-2026
DSP Bond Fund - IDCW - Monthly,11.1443,30-Apr-2026
Franklin India Income Opportunities Fund - Direct - Growth,26.5759,12-Dec-2021
Franklin India Income Opportunities Fund - Direct - IDCW,12.4807,12-Dec-2021
Franklin India Income Opportunities Fund - Growth,24.9338,12-Dec-2021
Franklin India Income Opportunities Fund - IDCW,11.5593,12-Dec-2021
Franklin India Income Opportunities Fund- Segregated Portfolio 1- 8.25% Vodafone Idea Ltd-10JUL20-Direct Dividend Plan,0.0,20-Jul-2020
Franklin India Income Opportunities Fund- Segregated Portfolio 1- 8.25% Vodafone Idea Ltd-10JUL20-Direct Growth Plan,0.0,20-Jul-2020
Franklin India Income Opportunities Fund- Segregated Portfolio 1- 8.25% Vodafone Idea Ltd-10JUL20-Dividend Plan,0.0,20-Jul-2020
Franklin India Income Opportunities Fund- Segregated Portfolio 1- 8.25% Vodafone Idea Ltd-10JUL20-Growth Plan,0.0,20-Jul-2020
Franklin India Income Opportunities Fund- Segregated Portfolio 2 - 10.90% Vodafone Idea Ltd (02-Sep-2023) - Direct IDCW,0.0,11-Sep-2023
Franklin India Income Opportunities Fund- Segregated Portfolio 2 - 10.90% Vodafone Idea Ltd (02-Sep-2023) - IDCW,0.0,11-Sep-2023
Franklin India Income Opportunities Fund- Segregated Portfolio 2- 10.90% Vodafone Idea Ltd 02Sep2023-Direct Growth Plan,0.0,11-Sep-2023
Franklin India Income Opportunities Fund- Segregated Portfolio 2- 10.90% Vodafone Idea Ltd 02Sep2023-Growth Plan,0.0,11-Sep-2023
HDFC Medium Term Debt Fund - Fornightly IDCW Option,10.0752,30-Apr-2026
HDFC Medium Term Debt Fund - Fortnightly IDCW Opt - Direct Plan,10.0757,30-Apr-2026
HDFC Medium Term Debt Fund - Growth Option,58.6459,30-Apr-2026
HDFC Medium Term Debt Fund - Growth Option - Direct Plan,63.9885,30-Apr-2026
HDFC Medium Term Debt Fund - IDCW Option,19.7905,30-Apr-2026
HDFC Medium Term Debt Fund - IDCW Option - Direct Plan,21.381,30-Apr-2026
HSBC Medium Duration Fund - Direct Annual IDCW,11.403,30-Apr-2026
HSBC Medium Duration Fund - Direct Growth,23.2698,30-Apr-2026
HSBC Medium Duration Fund - Direct IDCW,11.4647,30-Apr-2026
HSBC Medium Duration Fund - Regular Annual IDCW,10.3481,30-Apr-2026
HSBC Medium Duration Fund - Regular Growth,21.2077,30-Apr-2026
HSBC Medium Duration Fund - Regular IDCW,10.5144,30-Apr-2026
ICICI Prudential Medium Term Bond Fund - Annual IDCW,12.9357,16-Sep-2022
ICICI Prudential Medium Term Bond Fund - Bonus,15.0013,24-Apr-2020
ICICI Prudential Medium Term Bond Fund - Direct Plan - Growth,52.0265,30-Apr-2026
ICICI Prudential Medium Term Bond Fund - Direct Plan - Half Yearly IDCW,11.1332,16-Sep-2022
ICICI Prudential Medium Term Bond Fund - Direct Plan - Quarterly IDCW,11.3764,30-Apr-2026
ICICI Prudential Medium Term Bond Fund - Direct Plan Bonus,16.1701,24-Apr-2020
ICICI Prudential Medium Term Bond Fund - Growth,47.1343,30-Apr-2026
ICICI Prudential Medium Term Bond Fund - Half Yearly IDCW,10.6331,16-Sep-2022
ICICI Prudential Medium Term Bond Fund - Quarterly IDCW,10.7952,30-Apr-2026
ICICI Prudential Medium Term Bond Fund -Direct Plan - Annual IDCW,14.3488,16-Sep-2022
ICICI Prudential Medium Term Bond Fund Plan A - Weekly Dividend,10.0458,17-Feb-2012
ICICI Prudential Medium Term Bond Fund Plan B - Half Yearly Dividend,10.8612,06-Jan-2020
ICICI Prudential Medium Term Bond Fund Plan B - Quarterly Dividend,10.6002,24-Apr-2020
ICICI Prudential Medium Term Bond Fund Plan C - Quarterly Dividend,10.4491,28-Jan-2016
ICICI Prudential Medium Term Bond Fund-Plan B-Growth,32.0584,24-Apr-2020
Invesco India Medium Duration Fund - Direct Plan - Discretionary IDCW (Payout/Reinvestment),1322.1508,30-Apr-2026
Invesco India Medium Duration Fund - Direct Plan - Growth,1322.2181,30-Apr-2026
Invesco India Medium Duration Fund - Direct Plan - Quarterly IDCW (Payout / Reinvestment)),1031.28,30-Apr-2026
Invesco India Medium Duration Fund - Regular Plan - Discretionary IDCW(Payout / Reinvestment)),1270.1749,30-Apr-2026
Invesco India Medium Duration Fund - Regular Plan - Growth,1270.1703,30-Apr-2026
Invesco India Medium Duration Fund - Regular Plan - Quarterly IDCW (Payout / Reinvestment),1029.667,30-Apr-2026
Kotak Medium Term Fund - Direct - Standard Income Distribution cum capital withdrawal option,26.687,30-Apr-2026
Kotak Medium Term Fund - Direct Growth,26.6846,30-Apr-2026
Kotak Medium Term Fund - Growth,23.8161,30-Apr-2026
Kotak Medium Term Fund - Standard Income Distribution cum capital withdrawal option,14.618,30-Apr-2026
Nippon India Medium Duration  Fund - Bonus Option,10.5217,11-Nov-2020
NIPPON INDIA MEDIUM DURATION  FUND - SEGREGATED PORTFOLIO 1 - Direct Plan - QUARTERLY IDCW Option,0.1343,27-Jan-2022
NIPPON INDIA MEDIUM DURATION  FUND - SEGREGATED PORTFOLIO 1 - QUARTERLY IDCW Option,0.1323,27-Jan-2022
Nippon India Medium Duration  Fund - Segregated Portfolio 2 - Bonus Option,0.0,30-Apr-2026
NIPPON INDIA MEDIUM DURATION FUND -  SEGREGATED PORTFOLIO 2 - DIRECT Plan - IDCW Option,0.0,30-Apr-2026
NIPPON INDIA MEDIUM DURATION FUND -  SEGREGATED PORTFOLIO 2 - DIRECT Plan - QUARTERLY IDCW Option,0.0,30-Apr-2026
NIPPON INDIA MEDIUM DURATION FUND -  SEGREGATED PORTFOLIO 2 - IDCW Option,0.0,30-Apr-2026
NIPPON INDIA MEDIUM DURATION FUND -  SEGREGATED PORTFOLIO 2 - QUARTERLY IDCW Option,0.0,30-Apr-2026
Nippon India Medium Duration Fund - Direct Plan - Bonus Option,17.8608,30-Apr-2026
Nippon India Medium Duration Fund - Direct Plan - Growth Option,17.8571,30-Apr-2026
NIPPON INDIA MEDIUM DURATION FUND - DIRECT Plan - IDCW Option,15.0619,30-Apr-2026
NIPPON INDIA MEDIUM DURATION FUND - DIRECT Plan - QUARTERLY IDCW Option,10.9786,30-Apr-2026
Nippon India Medium Duration Fund - Growth Option,16.4175,30-Apr-2026
NIPPON INDIA MEDIUM DURATION FUND - IDCW Option,14.0486,30-Apr-2026
NIPPON INDIA MEDIUM DURATION FUND - QUARTERLY IDCW Option,10.8832,30-Apr-2026
Nippon India Medium Duration Fund - Segregated Portfolio 1 - Bonus Option,0.1794,27-Jan-2022
Nippon India Medium Duration Fund - Segregated Portfolio 1 - Direct Plan - Bonus Option,0.1888,27-Jan-2022
Nippon India Medium Duration Fund - Segregated Portfolio 1 - Direct Plan - Growth Option,0.1886,27-Jan-2022
NIPPON INDIA MEDIUM DURATION FUND - SEGREGATED PORTFOLIO 1 - Direct Plan - IDCW Option,0.1591,27-Jan-2022
Nippon India Medium Duration Fund - Segregated Portfolio 1 - Growth Option,0.1794,27-Jan-2022
NIPPON INDIA MEDIUM DURATION FUND - SEGREGATED PORTFOLIO 1 - IDCW Option,0.1535,27-Jan-2022
Nippon India Medium Duration Fund - Segregated Portfolio 2 - Direct Plan - Bonus Option,0.0,30-Apr-2026
Nippon India Medium Duration Fund - Segregated Portfolio 2 - Direct Plan - Growth Option,0.0,30-Apr-2026
Nippon India Medium Duration Fund - Segregated Portfolio 2 - Growth Option,0.0,30-Apr-2026
SBI MEDIUM DURATION FUND - DIRECT PLAN - GROWTH,57.7195,30-Apr-2026
SBI Medium Duration Fund - Direct Plan - Income Distribution cum Capital Withdrawal Option (IDCW),22.4366,30-Apr-2026
SBI MEDIUM DURATION FUND - REGULAR PLAN - GROWTH,53.1839,30-Apr-2026
SBI Medium Duration Fund - Regular Plan - Income Distribution cum Capital Withdrawal Option (IDCW),20.6156,30-Apr-2026
Sundaram Medium Duration Fund (Formerly Known as Sundaram Medium Term Bond Fund) Direct Plan - Growth,79.0947,30-Apr-2026
Sundaram Medium Duration Fund (Formerly Known as Sundaram Medium Term Bond Fund) Direct Plan -Income Distribution cum Capital Withdrawal (IDCW),15.6036,27-Jun-2025
Sundaram Medium Duration Fund (Formerly Known as Sundaram Medium Term Bond Fund) Direct Plan-Income Distribution cum Capital Withdrawal (IDCW),26.8004,30-Apr-2026
Sundaram Medium Duration Fund (Formerly Known as Sundaram Medium Term Bond Fund) Institutional Plan - Growth,75.2476,07-Jan-2025
Sundaram Medium Duration Fund (Formerly Known as Sundaram Medium Term Bond Fund) Regular Plan - Growth,70.3439,30-Apr-2026
Sundaram Medium Duration Fund (Formerly Known as Sundaram Medium Term Bond Fund) Regular Plan -Growth,23.6242,27-Jun-2025
Sundaram Medium Duration Fund (Formerly Known as Sundaram Medium Term Bond Fund) Regular Plan -Income Distribution cum Capital Withdrawal (IDCW),13.7426,27-Jun-2025
Sundaram Medium Duration Fund (Formerly Known as Sundaram Medium Term Bond Fund) Regular Plan- Income Distribution cum Capital Withdrawal(IDCW),13.5927,27-Jun-2025
Sundaram Medium Duration Fund (Formerly Known as Sundaram Medium Term Bond Fund) Regular Plan-Income Distribution cum Capital Withdrawal(IDCW),13.0821,30-Apr-2026
Tata Medium Term Fund -Regular Plan - Growth Option,29.7872,23-Sep-2022
Tata Medium Term Fund- Direct Plan - Payout of IDCW Option,15.2302,23-Sep-2022
Tata Medium Term Fund- Direct Plan- Growth Option,32.7645,23-Sep-2022
Tata Medium Term Fund- Regular Plan - Payout of IDCW option,13.5481,23-Sep-2022
UTI - Medium Term Fund (Segregated - 06032020) - Direct Plan - Annual Dividend Option,0.0,30-Apr-2026
UTI - Medium Term Fund (Segregated - 06032020) - Direct Plan - Flexi Dividend Option,0.0,30-Apr-2026
UTI - Medium Term Fund (Segregated - 06032020) - Direct Plan - Growth Option,0.0,30-Apr-2026
UTI - Medium Term Fund (Segregated - 06032020) - Direct Plan - Half Yearly Dividend Option,0.0,30-Apr-2026
UTI - Medium Term Fund (Segregated - 06032020) - Direct Plan - Monthly Dividend Option,0.0,30-Apr-2026
UTI - Medium Term Fund (Segregated - 06032020) - Direct Plan - Quarterly Dividend Option,0.0,30-Apr-2026
UTI - Medium Term Fund (Segregated - 06032020) - Regular Plan - Annual Dividend Option,0.0,30-Apr-2026
UTI - Medium Term Fund (Segregated - 06032020) - Regular Plan - Flexi Dividend Option,0.0,30-Apr-2026
UTI - Medium Term Fund (Segregated - 06032020) - Regular Plan - Growth Option,0.0,30-Apr-2026
UTI - Medium Term Fund (Segregated - 06032020) - Regular Plan - Half Yearly Dividend Option,0.0,30-Apr-2026
UTI - Medium Term Fund (Segregated - 06032020) - Regular Plan - Monthly Dividend Option,0.0,30-Apr-2026
UTI - Medium Term Fund (Segregated - 06032020) - Regular Plan - Quarterly Dividend Option,0.0,30-Apr-2026
UTI - Medium Term Fund (Segregated - 07072020) - Direct  Plan - Monthly Dividend Option,0.0,14-Jul-2020
UTI - Medium Term Fund (Segregated - 07072020) - Direct Plan - Annual Dividend Option,0.0,14-Jul-2020
UTI - Medium Term Fund (Segregated - 07072020) - Direct Plan - Flexi Dividend Option,0.0,14-Jul-2020
UTI - Medium Term Fund (Segregated - 07072020) - Direct Plan - Growth Option,0.0,14-Jul-2020
UTI - Medium Term Fund (Segregated - 07072020) - Direct Plan - Half Yearly Dividend Option,0.0,14-Jul-2020
UTI - Medium Term Fund (Segregated - 07072020) - Direct Plan - Quarterly Dividend Option,0.0,14-Jul-2020
UTI - Medium Term Fund (Segregated - 07072020) - Regular Plan - Annual Dividend Option,0.0,14-Jul-2020
UTI - Medium Term Fund (Segregated - 07072020) - Regular Plan - Flexi Dividend Option,0.0,14-Jul-2020
UTI - Medium Term Fund (Segregated - 07072020) - Regular Plan - Growth Option,0.0,14-Jul-2020
UTI - Medium Term Fund (Segregated - 07072020) - Regular Plan - Half Yearly Dividend Option,0.0,14-Jul-2020
UTI - Medium Term Fund (Segregated - 07072020) - Regular Plan - Monthly Dividend Option,0.0,14-Jul-2020
UTI - Medium Term Fund (Segregated - 07072020) - Regular Plan - Quarterly Dividend Option,0.0,14-Jul-2020
UTI - Medium Term Fund (Segregated - 17022020) - Direct Plan - Growth Option,0.3663,27-Jan-2022
UTI - Medium Term Fund (Segregated - 17022020) - Regular Plan - Growth Option,0.3488,27-Jan-2022
UTI Medium Term Fund ( Segregated - 17022020 ) - Direct Plan - Annual IDCW,0.2973,27-Jan-2022
UTI Medium Term Fund ( Segregated - 17022020 ) - Direct Plan - Flexi IDCW,0.2864,27-Jan-2022
UTI Medium Term Fund ( Segregated - 17022020 ) - Direct Plan - Half-Yearly IDCW,0.2895,27-Jan-2022
UTI Medium Term Fund ( Segregated - 17022020 ) - Direct Plan - Monthly IDCW,0.2595,27-Jan-2022
UTI Medium Term Fund ( Segregated - 17022020 ) - Direct Plan - Quarterly IDCW,0.2867,27-Jan-2022
UTI Medium Term Fund ( Segregated - 17022020 ) - Regular Plan - Annual IDCW,0.2818,27-Jan-2022
UTI Medium Term Fund ( Segregated - 17022020 ) - Regular Plan - Flexi IDCW,0.2488,27-Jan-2022
UTI Medium Term Fund ( Segregated - 17022020 ) - Regular Plan - Half-Yearly IDCW,0.2764,27-Jan-2022
UTI Medium Term Fund ( Segregated - 17022020 ) - Regular Plan - Monthly IDCW,0.2515,27-Jan-2022
UTI Medium Term Fund ( Segregated - 17022020 ) - Regular Plan - Quarterly IDCW,0.2721,27-Jan-2022
UTI Medium Duration Fund - Direct Plan - Annual IDCW,14.9971,30-Apr-2026
UTI Medium Duration Fund - Direct Plan - Flexi IDCW,15.7415,30-Apr-2026
UTI Medium Duration Fund - Direct Plan - Growth Option,20.2479,30-Apr-2026
UTI Medium Duration Fund - Direct Plan - Half-Yearly IDCW,15.1661,30-Apr-2026
UTI Medium Duration Fund - Direct Plan - Monthly IDCW,10.4384,30-Apr-2026
UTI Medium Duration Fund - Direct Plan - Quarterly IDCW,15.1498,30-Apr-2026
UTI Medium Duration Fund - Regular Plan - Annual IDCW,13.7729,30-Apr-2026
UTI Medium Duration Fund - Regular Plan - Flexi IDCW,13.8726,30-Apr-2026
UTI Medium Duration Fund - Regular Plan - Growth Option,18.7781,30-Apr-2026
UTI Medium Duration Fund - Regular Plan - Half-Yearly IDCW,13.4487,27-Jan-2026
UTI Medium Duration Fund - Regular Plan - Monthly IDCW,13.5423,30-Apr-2026
UTI Medium Duration Fund - Regular Plan - Quarterly IDCW,14.1332,11-Jul-2025
Aditya Birla Sun Life Income Fund (Discipline Advantage Plan),30.0154,20-Sep-2024
Aditya Birla Sun Life Income Fund - Direct - IDCW,12.7777,30-Apr-2026
Aditya Birla Sun Life Income Fund - Direct - Quarterly IDCW,13.8807,30-Apr-2026
Aditya Birla Sun Life Income Fund - Growth - Direct Plan,136.8322,30-Apr-2026
Aditya Birla Sun Life Income Fund - Growth - Regular Plan,126.4223,30-Apr-2026
Aditya Birla Sun Life Income Fund - Regular - IDCW,11.9451,30-Apr-2026
Aditya Birla Sun Life Income Fund - Regular - Quarterly IDCW,12.8801,30-Apr-2026
Bandhan Medium to Long Duration Fund - Direct Plan - Annual IDCW,15.9048,30-Apr-2026
Bandhan Medium to Long Duration Fund - Direct Plan - Growth,72.6172,30-Apr-2026
Bandhan Medium to Long Duration Fund - Direct Plan - Half Yearly IDCW,12.7601,30-Apr-2026
Bandhan Medium to Long Duration Fund - Direct Plan - Periodic IDCW,17.6527,30-Apr-2026
Bandhan Medium to Long Duration Fund - Direct Plan - Quarterly IDCW,12.6958,30-Apr-2026
Bandhan Medium to Long Duration Fund - Regular Plan - Annual IDCW,11.6203,30-Apr-2026
Bandhan Medium to Long Duration Fund - Regular Plan - Growth,66.0082,30-Apr-2026
Bandhan Medium to Long Duration Fund - Regular Plan - Half-yearly IDCW,11.8608,30-Apr-2026
Bandhan Medium to Long Duration Fund - Regular Plan - Periodic IDCW,14.1668,30-Apr-2026
Bandhan Medium to Long Duration Fund - Regular Plan - Quarterly IDCW,12.1074,30-Apr-2026
Bandhan Short Duration Fund - Regular Plan - Growth,59.4616,30-Apr-2026
Bandhan Short Duration Fund - Regular Plan - Monthly IDCW,10.349,30-Apr-2026
BANK OF INDIA Conservative Hybrid  Fund-Direct Plan-Quarterly IDCW,18.4706,30-Apr-2026
BANK OF INDIA Conservative Hybrid  Fund-ECO Plan-Quarterly IDCW,10.3674,01-Jan-2021
BANK OF INDIA Conservative Hybrid Fund Fund-Direct Plan-Growth,37.5933,30-Apr-2026
BANK OF INDIA Conservative Hybrid Fund-Direct Plan-Annual IDCW,17.1302,30-Apr-2026
BANK OF INDIA Conservative Hybrid Fund-Direct Plan-Monthly IDCW,16.746,30-Apr-2026
BANK OF INDIA Conservative Hybrid Fund-ECO Plan-Growth,36.2095,30-Apr-2026
BANK OF INDIA Conservative Hybrid Fund-ECO Plan-Monthly IDCW,27.4273,30-Apr-2026
BANK OF INDIA Conservative Hybrid Fund-Regular Plan-Annual IDCW,16.9365,30-Apr-2026
BANK OF INDIA Conservative Hybrid Fund-Regular Plan-Growth,34.8891,30-Apr-2026
BANK OF INDIA Conservative Hybrid Fund-Regular Plan-Monthly IDCW,17.9624,30-Apr-2026
BANK OF INDIA Conservative Hybrid Fund-Regular Plan-Quarterly IDCW,18.6173,30-Apr-2026
CANARA ROBECO INCOME FUND - DIRECT PLAN - GROWTH OPTION,63.2649,30-Apr-2026
CANARA ROBECO INCOME FUND - DIRECT PLAN - QUARTERLY IDCW (Payout/Reinvestment),16.7428,30-Apr-2026
CANARA ROBECO INCOME FUND - REGULAR PLAN - GROWTH OPTION,55.8885,30-Apr-2026
CANARA ROBECO INCOME FUND - REGULAR PLAN - QUARTERLY IDCW (Payout/Reinvestment),14.5531,30-Apr-2026
Franklin India Medium to Long Duration Fund - Direct - IDCW,10.4712,30-Apr-2026
Franklin India Medium to Long Duration Fund - Direct Growth,10.9777,30-Apr-2026
Franklin India Medium to Long Duration Fund - Growth,10.8881,30-Apr-2026
Franklin India Medium to Long Duration Fund - IDCW,10.398,30-Apr-2026
HDFC Income Fund - Growth Option,58.8784,30-Apr-2026
HDFC Income Fund - Growth Option - Direct Plan,65.455,30-Apr-2026
HDFC Income Fund - Normal IDCW - Direct Plan,20.6997,30-Apr-2026
HDFC Income Fund - Normal IDCW Option,18.5679,30-Apr-2026
HDFC Income Fund - Quarterly IDCW Option,11.3392,30-Apr-2026
HDFC Income Fund - Quarterly IDCW- Direct Plan,12.7309,30-Apr-2026
HSBC Medium to Long Duration Fund - Direct Growth,47.7167,30-Apr-2026
HSBC Medium to Long Duration Fund - Direct Quarterly IDCW,10.3506,30-Apr-2026
HSBC Medium to Long Duration Fund - Regular Growth,42.7546,30-Apr-2026
HSBC Medium to Long Duration Fund - Regular Quarterly IDCW,10.5234,30-Apr-2026
ICICI Prudential Bond Fund - Bonus,12.4602,02-Jul-2018
ICICI Prudential Bond Fund - Direct Plan - Growth,43.6924,30-Apr-2026
ICICI Prudential Bond Fund - Direct Plan - Half Yearly IDCW,10.7158,30-Apr-2026
ICICI Prudential Bond Fund - Direct Plan - IDCW Monthly,11.477,30-Apr-2026
ICICI Prudential Bond Fund - Direct Plan - IDCW Quarterly,11.7077,30-Apr-2026
ICICI Prudential Bond Fund - Growth,41.1193,30-Apr-2026
ICICI Prudential Bond Fund - Half Yearly IDCW,11.0371,30-Apr-2026
ICICI Prudential Bond Fund - IDCW Monthly,11.2623,30-Apr-2026
ICICI Prudential Bond Fund - IDCW Quarterly,11.3249,30-Apr-2026
ICICI Prudential Bond Fund- Institutional Growth,25.0654,24-Apr-2020
ICICI Prudential Bond Fund- Institutional Monthly Dividend,10.6444,24-Apr-2020
ICICI Prudential Bond Fund- Institutional Quarterly Dividend,11.4294,24-Apr-2020
JM Medium to Long Duration Fund (Direct) - Bonus Option - Principal Units,28.556,27-Jan-2025
JM Medium to Long Duration Fund (Direct) - Growth Option,70.6837,30-Apr-2026
JM Medium to Long Duration Fund (Direct) - Quarterly IDCW,24.9765,30-Apr-2026
JM Medium to Long Duration Fund (Regular) - Growth Option,63.1845,30-Apr-2026
JM Medium to Long Duration Fund (Regular) - Quarterly IDCW,21.4831,30-Apr-2026
JM Medium to Long Duration Fund (Regular) - Bonus Option- Principal Units,25.8506,30-Apr-2026
Kotak Bond Fund - Direct Plan - Standard IDCW option,29.2643,30-Apr-2026
Kotak Bond Fund - Growth - Direct,87.925,30-Apr-2026
Kotak Bond Fund - Regular Plan - Standard IDCW Option,47.5926,30-Apr-2026
Kotak Bond Fund - Regular Plan Growth,77.6807,30-Apr-2026
Kotak Bond-Deposit-Dividend,13.6554,21-Oct-2016
Kotak Bond-Deposit-Growth,42.9354,21-Oct-2016
LIC MF Medium to Long Duration Fund-Direct Plan-Annual IDCW,19.3206,30-Apr-2026
LIC MF Medium to Long Duration Fund-Direct Plan-Growth,79.9677,30-Apr-2026
LIC MF Medium to Long Duration Fund-Direct Plan-IDCW,19.3207,30-Apr-2026
LIC MF Medium to Long Duration Fund-Direct Plan-Quarterly IDCW,19.3208,30-Apr-2026
LIC MF Medium to Long Duration Fund-Regular Plan-Annual IDCW,16.1592,30-Apr-2026
LIC MF Medium to Long Duration Fund-Regular Plan-Growth,73.7207,30-Apr-2026
LIC MF Medium to Long Duration Fund-Regular Plan-IDCW,16.1593,30-Apr-2026
LIC MF Medium to Long Duration Fund-Regular Plan-Quarterly IDCW,16.1591,30-Apr-2026
NIPPON INDIA MEDIUM TO LONG DURATION  FUND - ANNUAL IDCW Option,12.7474,30-Apr-2026
NIPPON INDIA MEDIUM TO LONG DURATION  FUND - Direct Plan - ANNUAL IDCW Option,13.982,30-Apr-2026
NIPPON INDIA MEDIUM TO LONG DURATION  FUND - Direct Plan - HALF YEARLY IDCW Option,13.4085,30-Apr-2026
NIPPON INDIA MEDIUM TO LONG DURATION  FUND - Direct Plan - MONTHLY IDCW Option,11.3803,30-Apr-2026
Nippon India Medium to Long Duration  Fund - Direct Plan Growth Plan-Bonus Option,29.1831,30-Apr-2026
Nippon India Medium to Long Duration  Fund - Growth Plan Bonus Option,26.0694,30-Apr-2026
Nippon India Medium to Long Duration  Fund - Growth Plan Growth Option,90.6783,30-Apr-2026
NIPPON INDIA MEDIUM TO LONG DURATION  FUND - HALF YEARLY IDCW Option,12.4568,30-Apr-2026
NIPPON INDIA MEDIUM TO LONG DURATION  FUND - QUARTERLY IDCW Option,13.123,30-Apr-2026
NIPPON INDIA MEDIUM TO LONG DURATION FUND - Direct Plan - QUARTERLY IDCW Option,13.8497,30-Apr-2026
Nippon India Medium to Long Duration Fund - Direct Plan Growth Plan - Growth Option,102.1249,30-Apr-2026
NIPPON INDIA MEDIUM TO LONG DURATION FUND - MONTHLY IDCW Option,10.7529,30-Apr-2026
SBI Medium to Long Duration Fund - Direct Plan - Half Yearly - Income Distribution cum Capital Withdrawal Option (IDCW),22.1861,30-Apr-2026
SBI Medium to Long Duration Fund - Direct Plan - Quarterly Income Distribution cum Capital Withdrawal Option (IDCW),22.7132,30-Apr-2026
SBI Medium to Long Duration Fund - Regular Plan - Half Yearly - Income Distribution cum Capital Withdrawal Option (IDCW),18.8458,30-Apr-2026
SBI Medium to Long Duration Fund - Regular Plan - Quarterly Income Distribution cum Capital Withdrawal Option (IDCW),20.2905,30-Apr-2026
SBI Medium to Long Duration Fund-DIRECT PLAN - Bonus,47.4219,30-Apr-2026
SBI Medium to Long Duration Fund-DIRECT PLAN -Growth,78.196,30-Apr-2026
SBI Medium to Long Duration Fund-REGULAR PLAN-Bonus,43.6564,30-Apr-2026
SBI Medium to Long Duration Fund-REGULAR PLAN-Growth,72.0509,30-Apr-2026
Tata Income Fund - Direct Plan - Growth Option,72.1992,23-Sep-2022
Tata Income Fund -Regular Plan - Growth Option,66.614,23-Sep-2022
TATA Income Fund Direct Plan - Periodic Payout of Income Distribution cum capital withdrawal option,41.0962,23-Sep-2022
Tata Income Fund- Regular Plan - Periodic Payout of IDCW Option,38.6487,23-Sep-2022
TATA Income Fund-Direct Plan - Half Yearly Payout of IDCW Option,16.8454,23-Sep-2022
Tata Income Fund-Regular Plan - Half Yearly Payout of IDCW Option,15.3414,23-Sep-2022
UTI Medium to Long Duration Fund - Direct Plan - Annual IDCW,13.0551,30-Apr-2026
UTI Medium to Long Duration Fund - Direct Plan - Flexi IDCW,15.8225,30-Apr-2026
UTI Medium to Long Duration Fund - Direct Plan - Half-Yearly IDCW,15.2278,30-Apr-2026
UTI Medium to Long Duration Fund - Direct Plan - Quarterly IDCW,25.6656,30-Apr-2026
UTI Medium to Long Duration Fund - Regular Plan - Annual IDCW,12.8332,30-Apr-2026
UTI Medium to Long Duration Fund - Regular Plan - Flexi IDCW,14.4693,30-Apr-2026
UTI Medium to Long Duration Fund - Regular Plan - Half-Yearly IDCW,14.7015,30-Apr-2026
UTI Medium to Long Duration Fund - Regular Plan - Quarterly IDCW,19.112,30-Apr-2026
UTI Medium to Long Duration Fund- Regular Plan - Growth,74.4134,30-Apr-2026
UTI Medium to Long Duration Fund-Growth - Direct,81.3271,30-Apr-2026
Aditya Birla Sun Life Money Manager Fund - Daily IDCW,99.9652,30-Apr-2026
Aditya Birla Sun Life Money Manager Fund - Direct - daily IDCW,99.9686,30-Apr-2026
Aditya Birla Sun Life Money Manager Fund - Direct - weekly IDCW,100.0485,30-Apr-2026
Aditya Birla Sun Life Money Manager Fund - Growth,389.1462,30-Apr-2026
Aditya Birla Sun Life Money Manager Fund - Growth - Direct Plan,394.6689,30-Apr-2026
Aditya Birla Sun Life Money Manager Fund - Retail - Daily IDCW,99.9662,30-Apr-2026
Aditya Birla Sun Life Money Manager Fund - RETAIL - WEEKLY IDCW,103.7148,30-Apr-2026
Aditya Birla Sun Life Money Manager Fund - Retail Growth,479.6337,30-Apr-2026
Aditya Birla Sun Life Money Manager Fund - WEEKLY IDCW,100.0461,30-Apr-2026
Axis Money Market Fund - Direct Plan - Annual IDCW,1288.8899,30-Apr-2026
Axis Money Market Fund - Direct Plan - Daily IDCW,1005.2143,30-Apr-2026
Axis Money Market Fund - Direct Plan - Growth Option,1521.7275,30-Apr-2026
Axis Money Market Fund - Direct Plan - Monthly IDCW,1008.1073,30-Apr-2026
Axis Money Market Fund - Direct Plan - Quarterly IDCW,1189.5153,30-Apr-2026
Axis Money Market Fund - Regular Plan - Annual IDCW,1273.8135,30-Apr-2026
Axis Money Market Fund - Regular Plan - Daily IDCW,1005.178,30-Apr-2026
Axis Money Market Fund - Regular Plan - Growth Option,1505.8142,30-Apr-2026
Axis Money Market Fund - Regular Plan - Monthly IDCW,1005.2319,30-Apr-2026
Axis Money Market Fund - Regular Plan - Quarterly IDCW,1174.3946,30-Apr-2026
Bajaj Finserv Money Market Fund-Direct Plan-Growth,1222.5423,30-Apr-2026
Bajaj Finserv Money Market Fund-Direct Plan-IDCW,1222.5423,30-Apr-2026
Bajaj Finserv Money Market Fund-Direct Plan-Monthly-IDCW,1035.7758,30-Apr-2026
Bajaj Finserv Money Market Fund-Regular Plan-Growth,1202.508,30-Apr-2026
Bajaj Finserv Money Market Fund-Regular Plan-IDCW,1202.508,30-Apr-2026
Bajaj Finserv Money Market Fund-Regular Plan-Monthly-IDCW,1044.961,30-Apr-2026
Bandhan Money Market Fund - Regular Plan - Periodic IDCW,13.9073,30-Apr-2026
Bandhan Money Market Fund - Regular Plan - Weekly IDCW,10.1187,30-Apr-2026
Bandhan Money Market Fund -Direct Plan-Daily IDCW,10.0957,30-Apr-2026
Bandhan Money Market Fund -Direct Plan-Growth,46.0109,30-Apr-2026
Bandhan Money Market Fund -Direct Plan-Monthly IDCW,10.1839,30-Apr-2026
Bandhan Money Market Fund -Direct Plan-Periodic IDCW,16.8748,30-Apr-2026
Bandhan Money Market Fund -Direct Plan-Weekly IDCW,10.0965,30-Apr-2026
BANDHAN Money Market Fund - Regular Plan - Daily IDCW,10.0951,30-Apr-2026
BANDHAN Money Market Fund - Regular Plan - Growth,42.4021,30-Apr-2026
BANDHAN Money Market Fund - Regular Plan - Monthly IDCW,10.248,30-Apr-2026
Bank of India Money Market Fund - Direct - Daily IDCW,10.0454,30-Apr-2026
Bank of India Money Market Fund - Direct - Growth,10.8974,30-Apr-2026
Bank of India Money Market Fund - Direct - Monthly IDCW,10.0467,30-Apr-2026
Bank of India Money Market Fund - Regular - Daily IDCW,10.0445,30-Apr-2026
Bank of India Money Market Fund - Regular - Growth,10.8293,30-Apr-2026
Bank of India Money Market Fund - Regular - Monthly IDCW,10.0467,30-Apr-2026
Bank of India Money Market Fund - Regular - Weekly IDCW,10.0461,30-Apr-2026
Baroda BNP Paribas Money Market Fund - Direct Plan - Monthly IDCW,1030.9087,30-Apr-2026
Baroda BNP Paribas Money Market Fund - Direct Plan-Daily IDCW,999.5439,30-Apr-2026
Baroda BNP Paribas Money Market Fund - Regular Plan - Monthly IDCW,1011.6095,30-Apr-2026
Baroda BNP Paribas Money Market Fund -Direct Plan - Weekly IDCW,999.5439,30-Apr-2026
Baroda BNP Paribas Money Market Fund- Direct Plan - Growth,1472.9451,30-Apr-2026
Baroda BNP Paribas Money Market Fund-Regular Plan - Growth,1449.2525,30-Apr-2026
Baroda BNP Paribas Money Market Fund-Regular Plan- Daily IDCW,1005.4544,30-Apr-2026
Baroda BNP Paribas Money Market Fund-Regular Plan-Weekly IDCW,999.6877,30-Apr-2026
DSP Savings Fund - Direct Plan -  IDCW - Daily,10.1478,30-Apr-2026
DSP Savings Fund - Direct Plan - Growth,57.0959,30-Apr-2026
DSP Savings Fund - Direct Plan - IDCW,12.3438,30-Apr-2026
DSP Savings Fund - Direct Plan - IDCW - Monthly,11.014,30-Apr-2026
DSP Savings Fund - Regular Plan - Growth,55.2965,30-Apr-2026
DSP Savings Fund - Regular Plan - IDCW,12.308,30-Apr-2026
DSP Savings Fund - Regular Plan - IDCW - Daily,10.0968,30-Apr-2026
DSP Savings Fund - Regular Plan - IDCW - Monthly,10.9802,30-Apr-2026
Edelweiss Money Market Fund - Direct Plan - Annual - IDCW Option,32.9965,30-Apr-2026
Edelweiss Money Market Fund - Direct Plan - Growth Option,33.0039,30-Apr-2026
Edelweiss Money Market Fund - Direct Plan - IDCW Option,30.7802,30-Apr-2026
Edelweiss Money Market Fund - Institutional Plan - Growth Option,25.4867,30-Apr-2026
Edelweiss Money Market Fund - Regular Plan - Annual - IDCW Option,29.538,30-Apr-2026
Edelweiss Money Market Fund - Regular Plan - Growth Option,29.7833,30-Apr-2026
Edelweiss Money Market Fund - Regular Plan - IDCW Option,28.0177,30-Apr-2026
Franklin India Money Market Fund - Direct - Growth,54.5994,30-Apr-2026
Franklin India Money Market Fund - DP - Wkly IDCW R,10.0977,30-Apr-2026
Franklin India Money Market Fund - Growth Option,52.7761,30-Apr-2026
Franklin India Money Market Fund - Institutional Option - Dividend,0.0,18-Jun-2020
Franklin India Money Market Fund - Institutional Option - Growth,0.0,07-Sep-2015
Franklin India Money Market Fund Retail Option - Daily - IDCW,10.0688,30-Apr-2026
Franklin India Money Market Fund Retail Option - Direct - Daily - IDCW,10.0805,30-Apr-2026
Franklin India Money Market Fund Retail Option - Direct - Monthly - IDCW,10.8619,30-Apr-2026
Franklin India Money Market Fund Retail Option - Direct - Quarterly - IDCW,11.674,30-Apr-2026
Franklin India Money Market Fund Retail Option - Monthly - IDCW,10.4642,30-Apr-2026
Franklin India Money Market Fund Retail Option - Quarterly - IDCW,11.1399,30-Apr-2026
Franklin India Money Market Fund Wkly IDCW R,10.087,30-Apr-2026
Groww Money Market Fund Direct Growth,10.2322,30-Apr-2026
Groww Money Market Fund Direct IDCW,10.2322,30-Apr-2026
Groww Money Market Fund Regular Growth,10.2068,30-Apr-2026
Groww Money Market Fund Regular IDCW,10.2069,30-Apr-2026
HDFC Money Market Fund - Daily IDCW Option,1063.0413,30-Apr-2026
HDFC Money Market Fund - Daily IDCW Option - Direct Plan,1063.0853,30-Apr-2026
HDFC Money Market Fund - Growth Option,6011.5763,30-Apr-2026
HDFC Money Market Fund - Growth Option - Direct Plan,6140.1614,30-Apr-2026
HDFC Money Market Fund - Weekly IDCW Option,1062.0335,30-Apr-2026
HDFC Money Market Fund - Weekly IDCW Option -Direct Plan,1062.0498,30-Apr-2026
HSBC Money Market Fund - Direct Daily IDCW,10.8546,30-Apr-2026
HSBC Money Market Fund - Direct Growth,29.1353,30-Apr-2026
HSBC Money Market Fund - Direct Monthly IDCW,12.1848,30-Apr-2026
HSBC Money Market Fund - Direct Weekly IDCW,13.1735,30-Apr-2026
HSBC Money Market Fund - Regular Daily IDCW,10.8541,30-Apr-2026
HSBC Money Market Fund - Regular Growth,27.7365,30-Apr-2026
HSBC Money Market Fund - Regular Monthly IDCW,11.5354,30-Apr-2026
HSBC Money Market Fund - Regular Weekly IDCW,13.0866,30-Apr-2026
ICICI Prudential Money Market Fund - Direct Plan Bonus,151.2089,24-Apr-2020
ICICI Prudential Money Market Fund -Bonus,118.0134,21-Nov-2016
ICICI Prudential Money Market Fund Dividend,100.0952,24-Apr-2020
ICICI Prudential Money Market Fund Option - Direct Plan -  Daily IDCW,100.0908,30-Apr-2026
ICICI Prudential Money Market Fund Option - Direct Plan -  Fortnightly IDCW,101.3351,16-Sep-2022
ICICI Prudential Money Market Fund Option - Direct Plan -  Growth,404.4465,30-Apr-2026
ICICI Prudential Money Market Fund Option - Direct Plan -  IDCW Others,185.3155,30-Apr-2026
ICICI Prudential Money Market Fund Option - Direct Plan -  Monthly IDCW,101.0456,16-Sep-2022
ICICI Prudential Money Market Fund Option - Direct Plan -  Weekly IDCW,100.7204,30-Apr-2026
ICICI Prudential Money Market Fund Retail Growth (erstwhile Cash Option),306.6704,24-Apr-2020
ICICI Prudential Money Market Fund Option - Daily IDCW,100.0729,30-Apr-2026
ICICI Prudential Money Market Fund Option - Growth,399.1499,30-Apr-2026
ICICI Prudential Money Market Fund Option - IDCW Others,183.323,30-Apr-2026
ICICI Prudential Money Market Fund Option - Monthly IDCW,100.8819,16-Sep-2022
ICICI Prudential Money Market Fund Option - Weekly IDCW,100.6563,30-Apr-2026
ICICI Prudential Money Market Fund Option -Fortnightly IDCW,100.6605,16-Sep-2022
Invesco India Money Market Fund - Daily IDCW (Reinvestment),999.722,30-Apr-2026
Invesco India Money Market Fund - Direct Plan - Daily IDCW (Reinvestment),1011.6868,30-Apr-2026
Invesco India Money Market Fund - Direct Plan - Discretionary IDCW (Payout / Reinvestment),2970.2341,30-Apr-2026
Invesco India Money Market Fund - Direct Plan - Growth,3315.5197,30-Apr-2026
Invesco India Money Market Fund - Direct Plan - Monthly IDCW (Payout / Reinvestment),1209.1232,30-Apr-2026
Invesco India Money Market Fund - Direct Plan - Weekly IDCW (Payout / Reinvestment),1000.8004,23-Feb-2026
Invesco India Money Market Fund - Discretionary IDCW (Payout / Reinvestment),3201.7756,30-Apr-2026
Invesco India Money Market Fund - Growth,3198.5217,30-Apr-2026
Invesco India Money Market Fund - Monthly IDCW (Payout / Reinvestment),1017.4834,30-Apr-2026
Invesco India Money Market Fund - Regular - Growth,2809.8076,30-Apr-2026
Invesco India Money Market Fund - Regular - Monthly IDCW (Payout / Reinvestment),1492.3697,30-Apr-2026
Invesco India Money Market Fund - Regular Plan - Daily IDCW (Reinvestment),1007.8822,30-Apr-2026
Invesco India Money Market Fund - Weekly IDCW (Payout / Reinvestment),999.7875,30-Apr-2026
JioBlackRock Money Market Fund - Direct Plan - Growth Option,1048.867,30-Apr-2026
JM Money Market Fund (Direct) - Fortnightly Dividend Option,10.3279,25-Sep-2020
JM Money Market Fund (Direct) - Growth,28.7506,25-Sep-2020
JM Money Market Fund (Direct) - Weekly Dividend,10.6743,25-Sep-2020
JM Money Market Fund (Direct) Bonus Option - Principal Units,15.9606,25-Sep-2020
JM Money Market Fund (Direct)- Daily Dividend Option,10.0508,25-Sep-2020
JM Money Market Fund - Bonus Option - Principal Units,15.7555,25-Sep-2020
JM Money Market Fund - Daily Dividend,10.0418,25-Sep-2020
JM Money Market Fund - Fortnighly Dividend,10.311,25-Sep-2020
JM Money Market Fund - Growth,28.2812,25-Sep-2020
JM Money Market Fund - Weekly Dividend,10.6454,25-Sep-2020
Kotak Money Market Fund - (Growth),4723.8423,30-Apr-2026
Kotak Money Market Fund - (Growth) - Direct,4773.7467,30-Apr-2026
Kotak Money market Fund - (Monthly Payout of Income Distribution cum capital withdrawal option),1056.3945,30-Apr-2026
Kotak Money Market Fund - (Monthly Payout of Income Distribution cum capital withdrawal option) - Direct,1269.5843,30-Apr-2026
LIC MF Money Market Fund-Direct Plan-Growth,1268.0656,30-Apr-2026
LIC MF Money Market Fund-Direct Plan-IDCW,1268.0655,30-Apr-2026
LIC MF Money Market Fund-Regular Plan-Growth,1249.6221,30-Apr-2026
LIC MF Money Market Fund-Regular Plan-IDCW,1249.6221,30-Apr-2026
Mirae Asset Money Market Fund Direct Growth,1344.7501,30-Apr-2026
Mirae Asset Money Market Fund Direct IDCW,1342.5349,30-Apr-2026
Mirae Asset Money Market Fund Regular Growth,1322.4448,30-Apr-2026
Mirae Asset Money Market Fund Regular IDCW,1322.4339,30-Apr-2026
NIPPON INDIA MONEY MARKET FUND - DAILY IDCW Option,1005.9169,30-Apr-2026
NIPPON INDIA MONEY MARKET FUND - DIRECT Plan - DAILY IDCW Option,1005.8328,30-Apr-2026
NIPPON INDIA MONEY MARKET FUND - DIRECT Plan - MONTHLY IDCW Option,1022.7923,30-Apr-2026
NIPPON INDIA MONEY MARKET FUND - DIRECT Plan - QUARTERLY IDCW Option,1019.8047,30-Apr-2026
NIPPON INDIA MONEY MARKET FUND - DIRECT Plan - WEEKLY IDCW Option,1006.5194,30-Apr-2026
Nippon India Money Market Fund - Direct Plan Growth Plan - Bonus Option,2603.5332,30-Apr-2026
Nippon India Money Market Fund - Direct Plan Growth Plan - Growth Option,4427.6243,30-Apr-2026
NIPPON INDIA MONEY MARKET FUND - MONTHLY IDCW Option,1022.5053,30-Apr-2026
NIPPON INDIA MONEY MARKET FUND - QUARTERLY IDCW Option,1019.685,30-Apr-2026
NIPPON INDIA MONEY MARKET FUND - WEEKLY IDCW Option,1006.5142,30-Apr-2026
Nippon India Money Market Fund-Growth Plan-Bonus Option,1713.3216,14-Aug-2019
Nippon India Money Market Fund-Growth Plan-Growth Option,4365.1765,30-Apr-2026
PGIM India Money Market Fund - Direct Plan - Daily Dividend Option,1009.8708,30-Apr-2026
PGIM India Money Market Fund - Direct Plan - Growth Option,1437.4996,30-Apr-2026
PGIM India Money Market Fund - Direct Plan - Monthly Dividend Option,1060.0568,30-Apr-2026
PGIM India Money Market Fund - Direct Plan - Weekly Dividend Option,999.959,30-Apr-2026
PGIM India Money Market Fund - Regular Plan - Daily Dividend Option,1008.4851,30-Apr-2026
PGIM India Money Market Fund - Regular Plan - Growth Option,1392.5621,30-Apr-2026
PGIM India Money Market Fund - Regular Plan - Monthly Dividend Option,1050.1523,30-Apr-2026
PGIM India Money Market Fund - Regular Plan - Weekly Dividend Option,1000.8947,30-Apr-2026
PGIM India Money Market Fund - Segregated Portfolio 1 - Direct Plan - Annual IDCW option,0.0,30-Apr-2026
PGIM India Money Market Fund - Segregated Portfolio 1 - Direct Plan - Growth Option,0.0,30-Apr-2026
PGIM India Money Market Fund - Segregated Portfolio 1 - Direct Plan - Monthly IDCW Option,0.0,30-Apr-2026
PGIM India Money Market Fund - Segregated Portfolio 1 - Direct Plan - Quarterly IDCW option,0.0,30-Apr-2026
PGIM India Money Market Fund - Segregated Portfolio 1 - Regular Plan - Annual IDCW Option,0.0,30-Apr-2026
PGIM India Money Market Fund - Segregated Portfolio 1 - Regular plan - Growth option,0.0,30-Apr-2026
PGIM India Money Market Fund - Segregated Portfolio 1 - Regular Plan - Monthly IDCW option,0.0,30-Apr-2026
PGIM India Money Market Fund - Segregated Portfolio 1 - Regular Plan - Quarterly IDCW Option,0.0,30-Apr-2026
SBI  SAVINGS FUND - DIRECT PLAN - GROWTH,46.7913,30-Apr-2026
SBI  SAVINGS FUND - REGULAR PLAN - GROWTH,43.4667,30-Apr-2026
SBI Savings Fund - Direct Plan - Income Distribution cum Capital Withdrawal Option (IDCW),18.5467,30-Apr-2026
SBI Savings Fund - Direct Plan Daily Income Distribution cum Capital Withdrawal Option (IDCW),14.6108,30-Apr-2026
SBI Savings Fund - Direct Plan Weekly Income Distribution cum Capital Withdrawal Option (IDCW),16.8877,30-Apr-2026
SBI Savings Fund - Regular Plan - Income Distribution cum Capital Withdrawal Option (IDCW),17.139,30-Apr-2026
SBI Savings Fund - Regular Plan Daily Income Distribution cum Capital Withdrawal Option (IDCW),14.1687,30-Apr-2026
SBI Savings Fund - Regular Plan Weekly Income Distribution cum Capital Withdrawal Option (IDCW),16.1749,30-Apr-2026
Shriram Money Market Fund - Direct Plan Growth Option,1016.6463,30-Apr-2026
Shriram Money Market Fund - Regular Plan Growth Option,1016.0721,30-Apr-2026
Sundaram Money Market Fund Direct Plan - Daily Reinvestment of Income Distribution cum Capital Withdrawal (IDCW),10.062,28-Jun-2024
Sundaram Money Market Fund Direct Plan - Fortnightly Reinvestment of Income Distribution cum Capital Withdrawal (IDCW),10.3782,26-Jun-2023
Sundaram Money Market Fund Direct Plan - Growth,15.8815,30-Apr-2026
Sundaram Money Market Fund Direct Plan - Income Distribution cum Capital Withdrawal (IDCW),11.1664,30-Apr-2026
Sundaram Money Market Fund Direct Plan - Income Distribution cum Capital Withdrawal(IDCW),11.1664,30-Apr-2026
Sundaram Money Market Fund Direct Plan - Weekly Reinvestment of Income Distribution cum Capital Withdrawal (IDCW),10.4933,08-Sep-2023
Sundaram Money Market Fund Direct Plan- Income Distribution cum Capital Withdrawal(IDCW),12.7426,27-Jun-2025
Sundaram Money Market Fund Direct Plan-Income Distribution cum Capital Withdrawal(IDCW),12.7426,27-Jun-2025
Sundaram Money Market Fund Regular Plan - Daily Reinvestment of Income Distribution cum Capital Withdrawal (IDCW),10.062,28-Jun-2024
Sundaram Money Market Fund Regular Plan - Fortnightly Reinvestment of Income Distribution cum Capital Withdrawal (IDCW),11.232,06-Jun-2024
Sundaram Money Market Fund Regular Plan - Growth,15.7582,30-Apr-2026
Sundaram Money Market Fund Regular Plan - Income Distribution cum Capital Withdrawal (IDCW ),12.6568,27-Jun-2025
Sundaram Money Market Fund Regular Plan - Weekly Reinvestment of Income Distribution cum Capital Withdrawal (IDCW),10.4944,28-Jun-2024
Sundaram Money Market Fund Regular Plan -Income Distribution cum Capital Withdrawal (IDCW ),12.6568,27-Jun-2025
Sundaram Money Market Fund Regular Plan -Income Distribution cum Capital Withdrawal(IDCW),11.1264,30-Apr-2026
Sundaram Money Market Fund Regular Plan- Income Distribution cum Capital Withdrawal (IDCW),11.1264,30-Apr-2026
Tata Money Market Fund- Direct Plan - Daily Reinvestment of IDCW Option,1114.1164,30-Apr-2026
Tata Money Market Fund- Direct Plan- Growth Option,5071.5972,30-Apr-2026
Tata Money Market Fund- Regular Plan - Daily Reinvestment of IDCW Option,1114.0607,30-Apr-2026
Tata Money Market Fund-Regular Plan - Growth Option,4968.1519,30-Apr-2026
TRUSTMF MONEY MARKET FUND-DIRECT PLAN-GROWTH,1288.733,30-Apr-2026
TRUSTMF MONEY MARKET FUND-DIRECT PLAN-MONTHLY IDCW,1150.876,30-Apr-2026
TRUSTMF MONEY MARKET FUND-REGULAR PLAN-GROWTH,1279.0961,30-Apr-2026
TRUSTMF MONEY MARKET FUND-REGULAR PLAN-MONTHLY IDCW,1141.8929,30-Apr-2026
Union Money Market Fund - Direct Plan -  Growth Option,1334.5212,30-Apr-2026
Union Money Market Fund - Direct Plan -  Monthly IDCW Option,1008.9645,30-Apr-2026
Union Money Market Fund - Direct Plan -  Weekly IDCW Option,1000.2588,22-Oct-2021
Union Money Market Fund - Direct Plan - Daily IDCW Option,1000.0024,17-Sep-2021
Union Money Market Fund - Regular Plan -  Growth Option,1291.1004,30-Apr-2026
Union Money Market Fund - Regular Plan -  Monthly IDCW Option,1000.9295,30-Mar-2026
Union Money Market Fund - Regular Plan -  Weekly IDCW Option,1002.2894,11-Jun-2025
Union Money Market Fund - Regular Plan - Daily IDCW Option,1002.1004,30-Apr-2026
UTI MMF - Direct Plan - Growth Option,3286.3968,30-Apr-2026
UTI MMF - Regular Plan - Flexi Dividend Option,1255.5189,30-Apr-2026
UTI MMF - Regular Plan - Growth Option,3244.8265,30-Apr-2026
UTI MMF- Discontinued - Regular Plan - Flexi Dividend Option,4045.7824,30-Apr-2026
UTI MMF- Discontinued - Regular Plan - Periodic Dividend Option,2621.0047,30-Apr-2026
UTI MMF-Discontinued - Regular Plan -Growth,7497.9553,30-Apr-2026
UTI Money Market Fund - Direct Plan - Annual IDCW,1950.6333,30-Apr-2026
UTI Money Market Fund - Direct Plan - Daily IDCW (Reinvestment),1030.4497,30-Apr-2026
UTI Money Market Fund - Direct Plan - Flexi IDCW,1684.5859,30-Apr-2026
UTI Money Market Fund - Direct Plan - Fortnightly IDCW,1249.7515,30-Apr-2026
UTI Money Market Fund - Direct Plan - Half-Yearly IDCW,1836.3143,30-Apr-2026
UTI Money Market Fund - Direct Plan - Monthly IDCW,1608.6953,30-Apr-2026
UTI Money Market Fund - Direct Plan - Quarterly IDCW,1743.8034,30-Apr-2026
UTI Money Market Fund - Direct Plan - Weekly IDCW,1123.7937,30-Apr-2026
UTI Money Market Fund - Regular Plan - Annual IDCW,1932.6958,30-Apr-2026
UTI Money Market Fund - Regular Plan - Daily IDCW (Reinvestment),1069.2915,30-Apr-2026
UTI Money Market Fund - Regular Plan - Fortnightly IDCW,1157.9716,30-Apr-2026
UTI Money Market Fund - Regular Plan - Half-Yearly IDCW,1823.3717,30-Apr-2026
UTI Money Market Fund - Regular Plan - Monthly IDCW,1042.7479,30-Apr-2026
UTI Money Market Fund - Regular Plan - Quarterly IDCW,1003.4241,24-Feb-2026
UTI Money Market Fund - Regular Plan - Weekly IDCW,1116.4763,30-Apr-2026
360 ONE Overnight Fund - Direct Plan - Growth,1044.1812,03-May-2026
360 ONE Overnight Fund - Regular Plan - Growth,1043.4998,03-May-2026
360 ONE Overnight Fund - Regular Plan - IDCW,1043.4998,03-May-2026
360 ONE Overnight Fund- Direct Plan - IDCW,1044.1812,03-May-2026
ADITYA BIRLA SUN LIFE OVERNIGHT FUND-  Direct - Monthly Payout of IDCW,1001.2659,03-May-2026
ADITYA BIRLA SUN LIFE OVERNIGHT FUND-  Direct - Weekly Reinvestment of IDCW,1001.2666,03-May-2026
ADITYA BIRLA SUN LIFE OVERNIGHT FUND-  Regular - Weekly Reinvestment of IDCW option,1001.2387,03-May-2026
ADITYA BIRLA SUN LIFE OVERNIGHT FUND- Direct - Daily Reinvestment of IDCW,1000.02,03-May-2026
ADITYA BIRLA SUN LIFE OVERNIGHT FUND- Regular - Daily Reinvestment of IDCW,1000.02,03-May-2026
ADITYA BIRLA SUN LIFE OVERNIGHT FUND- Regular- Monthly Payout of IDCW option,1001.2386,03-May-2026
ADITYA BIRLA SUN LIFE OVERNIGHT FUND-DIRECT PLAN-GROWTH,1463.358,03-May-2026
ADITYA BIRLA SUNLIFE OVERNIGHT FUND-REGULAR PLAN-GROWTH,1450.8515,03-May-2026
Axis Overnight Fund - Direct Plan - Daily IDCW,1000.5073,03-May-2026
Axis Overnight Fund - Direct Plan - Growth Option,1432.298,03-May-2026
Axis Overnight Fund - Direct Plan - Monthly IDCW,1001.6943,03-May-2026
Axis Overnight Fund - Direct Plan - Weekly IDCW,1001.5491,03-May-2026
Axis Overnight Fund - Regular Plan - Daily IDCW,1000.5032,03-May-2026
Axis Overnight Fund - Regular Plan - Growth Option,1426.9464,03-May-2026
Axis Overnight Fund - Regular Plan - Monthly IDCW,1001.6828,03-May-2026
Axis Overnight Fund - Regular Plan - Weekly IDCW,1001.5124,03-May-2026
Bajaj Finserv Overnight Fund - Direct - Unclaimed less than 3 years IDCW Plan,1054.6552,03-May-2026
Bajaj Finserv Overnight Fund - Direct - Unclaimed less than 3 years Redemption Plan,1061.124,03-May-2026
Bajaj Finserv Overnight Fund - Direct Plan - Daily - IDCW,1033.1412,03-May-2026
Bajaj Finserv Overnight Fund - Direct Plan - Fortnightly - IDCW,1035.015,03-May-2026
Bajaj Finserv Overnight Fund - Direct Plan - Growth,1187.1479,03-May-2026
Bajaj Finserv Overnight Fund - Direct Plan - Monthly - IDCW,1035.7345,03-May-2026
Bajaj Finserv Overnight Fund - Direct Plan - Weekly - IDCW,1034.0213,03-May-2026
Bajaj Finserv Overnight Fund - Regular Plan - Daily - IDCW,1032.8859,03-May-2026
Bajaj Finserv Overnight Fund - Regular Plan - Fortnightly - IDCW,1034.794,03-May-2026
Bajaj Finserv Overnight Fund - Regular Plan - Growth,1185.4698,03-May-2026
Bajaj Finserv Overnight Fund - Regular Plan - Monthly - IDCW,1035.4517,03-May-2026
Bajaj Finserv Overnight Fund - Regular Plan - Weekly - IDCW,1033.7073,03-May-2026
BANDHAN Overnight Fund - Direct Plan - Daily IDCW,1000.0098,03-May-2026
BANDHAN Overnight Fund - Direct Plan - Growth,1443.0194,03-May-2026
BANDHAN Overnight Fund - Direct Plan - Monthly IDCW,1000.5881,03-May-2026
BANDHAN Overnight Fund - Direct Plan - Periodic IDCW,1314.9798,03-May-2026
BANDHAN Overnight Fund - Direct Plan - Weekly IDCW,1000.4428,03-May-2026
BANDHAN Overnight Fund - Regular Plan - Daily IDCW,1000.0098,03-May-2026
BANDHAN Overnight Fund - Regular Plan - Growth,1431.7325,03-May-2026
BANDHAN Overnight Fund - Regular Plan - Monthly IDCW,1000.5481,03-May-2026
BANDHAN Overnight Fund - Regular Plan - Weekly IDCW,1001.7448,03-May-2026
BANDHAN Overnight Fund - REGULAR PLAN PERIODIC IDCW,1310.0632,03-May-2026
BANK OF INDIA Overnight Fund Direct Plan Growth,1374.1552,03-May-2026
BANK OF INDIA Overnight Fund Direct Plan- Daily IDCW,1000.0,03-May-2026
BANK OF INDIA Overnight Fund Direct Plan- Monthly IDCW,1000.8463,03-May-2026
BANK OF INDIA Overnight Fund Direct Plan- Weekly IDCW,1000.0019,24-Mar-2025
BANK OF INDIA Overnight Fund Regular Plan Growth,1370.074,03-May-2026
BANK OF INDIA Overnight Fund Regular Plan- Daily IDCW,1000.0,03-May-2026
BANK OF INDIA Overnight Fund Regular Plan- Monthly IDCW,1000.8382,03-May-2026
BANK OF INDIA Overnight Fund Regular Plan- Weekly IDCW,1000.2841,29-Jan-2026
BANK OF INDIA Overnight Fund Unclaimed IDCW Plan - Greater than 3 Years,1000.0,03-May-2026
BANK OF INDIA Overnight Fund Unclaimed IDCW Plan - Up to 3 Years,1291.9972,03-May-2026
BANK OF INDIA Overnight Fund Unclaimed Redemption Plan - Greater than 3 Years,1000.0,03-May-2026
BANK OF INDIA Overnight Fund Unclaimed Redemption Plan - Upto 3 Years,1292.2812,03-May-2026
Baroda BNP Paribas Overnight Fund - Direct Plan - Daily IDCW,1000.0028,03-May-2026
Baroda BNP Paribas Overnight Fund - Direct Plan - Growth,1421.1766,03-May-2026
Baroda BNP Paribas Overnight Fund - Direct Plan - Weekly IDCW,1000.8199,03-May-2026
Baroda BNP Paribas Overnight Fund - Plan C - Unclaimed IDCW - Greater than 3 years,1000.0,03-May-2026
Baroda BNP Paribas Overnight Fund - Plan C - Unclaimed IDCW - Up to 3 years,1275.1184,03-May-2026
Baroda BNP Paribas Overnight Fund - Plan C - Unclaimed Redemption - Greater than 3 years,1000.0,03-May-2026
Baroda BNP Paribas Overnight Fund - Plan C - Unclaimed Redemption - Up to 3 years,1275.0886,03-May-2026
Baroda BNP Paribas Overnight Fund - Regular Plan - Daily IDCW,1000.0018,03-May-2026
Baroda BNP Paribas Overnight Fund - Regular Plan - Growth,1414.5787,03-May-2026
Baroda BNP Paribas Overnight Fund - Regular Plan - Weekly IDCW,1001.2998,03-May-2026
CANARA ROBECO OVERNIGHT FUND - DIRECT PLAN - DAILY IDCW (Reinvestment),1001.0012,03-May-2026
CANARA ROBECO OVERNIGHT FUND - DIRECT PLAN - GROWTH OPTION,1396.6272,03-May-2026
CANARA ROBECO OVERNIGHT FUND - REGULAR PLAN - DAILY IDCW (Reinvestment),1001.0,03-May-2026
CANARA ROBECO OVERNIGHT FUND - REGULAR PLAN - GROWTH OPTION,1395.1312,03-May-2026
DSP Overnight Fund - Direct Plan - Growth,1449.3426,03-May-2026
DSP Overnight Fund - Direct Plan - IDCW - Daily,1000.0099,03-May-2026
DSP Overnight Fund - Direct Plan - IDCW - Weekly,1000.8946,22-May-2023
DSP Overnight Fund - Regular Plan - Growth,1440.8926,03-May-2026
DSP Overnight Fund - Regular Plan - IDCW - Daily,1000.0099,03-May-2026
DSP Overnight Fund - Regular Plan - IDCW - Weekly,1000.8287,03-May-2026
Unclaimed IDCW - Beyond 3 years (Invested in DSP Overnight Fund),10.0,03-May-2026
Unclaimed IDCW - Upto 3 years (Invested in DSP Overnight Fund),12.9104,03-May-2026
Unclaimed Redemption - Beyond 3 years (Invested in DSP Overnight Fund),10.0,03-May-2026
Unclaimed Redemption - Upto 3 years (Invested in DSP Overnight Fund),12.9104,03-May-2026
Edelweiss Overnight Fund - Direct Plan - Annual - IDCW Option,1400.0525,03-May-2026
Edelweiss Overnight Fund - Direct Plan - Daily - IDCW Option,1000.2192,03-May-2026
Edelweiss Overnight Fund - Direct Plan - Fortnightly - IDCW Option,1380.9589,03-May-2026
Edelweiss Overnight Fund - Direct Plan - Growth,1399.5891,03-May-2026
Edelweiss Overnight Fund - Direct Plan - Monthly - IDCW Option,1058.6904,03-May-2026
Edelweiss Overnight Fund - Direct Plan - Weekly - IDCW Option,1379.3049,03-May-2026
Edelweiss Overnight Fund - Regular Plan - Annual - IDCW Option,1394.4051,03-May-2026
Edelweiss Overnight Fund - Regular Plan - Daily - IDCW Option,1008.3682,03-May-2026
Edelweiss Overnight Fund - Regular Plan - Fortnightly - IDCW Option,1095.9233,03-May-2026
Edelweiss Overnight Fund - Regular Plan - Growth,1394.3944,03-May-2026
Edelweiss Overnight Fund - Regular Plan - Monthly - IDCW Option,1005.5289,03-May-2026
Edelweiss Overnight Fund - Regular Plan - Weekly - IDCW Option,1017.2711,03-May-2026
Edelweiss Overnight Fund - Unclaimed IDCW Plan - Above 3 years,1000.0,03-May-2026
Edelweiss Overnight Fund - Unclaimed IDCW Plan - Upto 3 years,1280.5484,03-May-2026
Edelweiss Overnight Fund - Unclaimed Redemption Plan - Above 3 years,1000.0,03-May-2026
Edelweiss Overnight Fund - Unclaimed Redemption Plan - Upto 3 years,1280.5468,03-May-2026
Franklin India Overnight Fund - Daily Dividend Plan - Daily - IDCW,1000.0001,03-May-2026
Franklin India Overnight Fund - Direct Daily Dividend Plan - Daily - IDCW,1000.0007,03-May-2026
Franklin India Overnight Fund - Direct Weekly Dividend Plan - Weekly - IDCW,1000.0026,03-May-2026
Franklin India Overnight Fund - Weekly Dividend Plan - Weekly - IDCW,1000.0066,03-May-2026
Franklin India Overnight fund- Growth,1406.644,03-May-2026
Franklin India Overnight Fund- Growth - Direct,1411.4813,03-May-2026
Franklin India Overnight Fund- Unclaimed IDCW Investor Education Plan,10.0,03-May-2026
Franklin India Overnight Fund- Unclaimed IDCW Plan,12.8108,03-May-2026
Franklin India Overnight Fund- Unclaimed Redemption Investor EducationPlan,10.0,03-May-2026
Franklin India Overnight Fund- Unclaimed Redemption Plan,12.8108,03-May-2026
Groww Overnight Fund (formerly known as Indiabulls Overnight Fund)- Direct Plan- - Income Distribution cum capital withdrawal Option ( Reinvestment),1001.4481,03-May-2026
Groww Overnight Fund (formerly known as Indiabulls Overnight Fund)- Direct Plan- Fortnightly - Income Distribution cum capital withdrawal Option (Payout & Reinvestment),1215.8773,03-May-2026
Groww Overnight Fund (formerly known as Indiabulls Overnight Fund)- Direct Plan- Growth Option,1393.9765,03-May-2026
Groww Overnight Fund (formerly known as Indiabulls Overnight Fund)- Direct Plan- Monthly - Income Distribution cum capital withdrawal Option (Payout & Reinvestment),1005.55,03-May-2026
Groww Overnight Fund (formerly known as Indiabulls Overnight Fund)- Direct Plan- Weekly - Income Distribution cum capital withdrawal Option (Payout & Reinvestment),1003.1008,03-May-2026
Groww Overnight Fund (formerly known as Indiabulls Overnight Fund)- Regular Plan- - Income Distribution cum capital withdrawal Option ( Reinvestment),1001.0472,03-May-2026
Groww Overnight Fund (formerly known as Indiabulls Overnight Fund)- Regular Plan- Fortnightly - Income Distribution cum capital withdrawal Option (Payout & Reinvestment),1001.6689,03-May-2026
Groww Overnight Fund (formerly known as Indiabulls Overnight Fund)- Regular Plan- Growth Option,1385.0803,03-May-2026
Groww Overnight Fund (formerly known as Indiabulls Overnight Fund)- Regular Plan- Monthly - Income Distribution cum capital withdrawal Option (Payout & Reinvestment),1005.4853,03-May-2026
Groww Overnight Fund (formerly known as Indiabulls Overnight Fund)- Regular Plan- Weekly - Income Distribution cum capital withdrawal Option (Payout & Reinvestment),1001.8029,03-May-2026
Groww Overnight Fund (formerly known as Indiabulls Overnight Fund)- Unclaimed Dividend < 3 years,1291.8187,03-May-2026
Groww Overnight Fund (formerly known as Indiabulls Overnight Fund)- Unclaimed Dividend > 3 Years,1183.0934,27-Nov-2024
Groww Overnight Fund (formerly known as Indiabulls Overnight Fund)- Unclaimed Redemption < 3 Years,1279.137,03-May-2026
Groww Overnight Fund (formerly known as Indiabulls Overnight Fund)- Unclaimed Redemption > 3 Years,1000.0,03-May-2026
HDFC Overnight Fund - Daily IDCW Option - Direct Plan,1042.66,03-May-2026
HDFC Overnight Fund - Growth Option,3969.4214,03-May-2026
HDFC Overnight Fund - Growth Option - Direct Plan,4010.9693,03-May-2026
HDFC Overnight Fund - IDCW Option (Daily),1042.66,03-May-2026
Helios Overnight Fund - Direct Plan - Daily IDCW Option,1000.0,03-May-2026
Helios Overnight Fund - Direct Plan - Growth Option,1160.414,03-May-2026
Helios Overnight Fund - Regular Plan - Daily IDCW Option,1000.0,03-May-2026
Helios Overnight Fund - Regular Plan - Growth Option,1158.9529,03-May-2026
HSBC Overnight Fund - Direct Daily IDCW,1000.0149,03-May-2026
HSBC Overnight Fund - Direct Growth,1415.9435,03-May-2026
HSBC Overnight Fund - Direct Monthly IDCW,1000.8373,03-May-2026
HSBC Overnight Fund - Direct Weekly IDCW,1000.7162,03-May-2026
HSBC Overnight Fund - Regular Daily IDCW,1000.0149,03-May-2026
HSBC Overnight Fund - Regular Growth,1404.0262,03-May-2026
HSBC Overnight Fund - Regular Monthly IDCW,1000.824,03-May-2026
HSBC Overnight Fund - Regular Weekly IDCW,1000.7302,03-May-2026
HSBC Overnight Fund - Unclaimed IDCW Above three years,1000.0,03-May-2026
HSBC Overnight Fund - Unclaimed IDCW Below three years,1256.6388,03-May-2026
HSBC Overnight Fund - Unclaimed Redemption above three years,1000.0,03-May-2026
HSBC Overnight Fund - Unclaimed Redemption Below three years,1256.6582,03-May-2026
ICICI Prudential Overnight Fund - Annual IDCW,1032.7746,16-Sep-2022
ICICI Prudential Overnight Fund - Daily IDCW,1000.005,03-May-2026
ICICI Prudential Overnight Fund - Direct Plan - Annual IDCW,1033.5731,16-Sep-2022
ICICI Prudential Overnight Fund - Direct Plan - Daily IDCW,1000.005,03-May-2026
ICICI Prudential Overnight Fund - Direct Plan - Fortnightly IDCW,1000.1497,16-Sep-2022
ICICI Prudential Overnight Fund - Direct Plan - Growth,1458.0456,03-May-2026
ICICI Prudential Overnight Fund - Direct Plan - Half Yearly IDCW,1015.7798,16-Sep-2022
ICICI Prudential Overnight Fund - Direct Plan - Monthly IDCW,1002.3996,16-Sep-2022
ICICI Prudential Overnight Fund - Direct Plan - Quarterly IDCW,1005.9571,16-Sep-2022
ICICI Prudential Overnight fund - Direct Plan - Unclaimed IDCW Stable Scheme,1000.0,03-May-2026
ICICI Prudential Overnight fund - Direct Plan - Unclaimed IDCW Transitory Scheme,1286.4598,03-May-2026
ICICI Prudential Overnight fund - Direct Plan - Unclaimed Redemption Stable Scheme,1000.0,03-May-2026
ICICI Prudential Overnight fund - Direct Plan - Unclaimed Redemption Transitory Scheme,1286.4733,03-May-2026
ICICI Prudential Overnight Fund - Direct Plan - Weekly IDCW,1000.8488,03-May-2026
ICICI Prudential Overnight Fund - Fortnightly IDCW,1000.1472,16-Sep-2022
ICICI Prudential Overnight Fund - Growth,1449.0592,03-May-2026
ICICI Prudential Overnight Fund - Half Yearly IDCW,1015.4753,16-Sep-2022
ICICI Prudential Overnight Fund - Monthly IDCW,1002.3577,16-Sep-2022
ICICI Prudential Overnight Fund - Quarterly IDCW,1004.0152,16-Sep-2022
ICICI Prudential Overnight Fund - Weekly IDCW,1000.8379,03-May-2026
Invesco India Overnight Fund - Direct Plan - Daily IDCW (Reinvestment),1000.5303,03-May-2026
Invesco India Overnight Fund - Direct Plan - Growth,1367.0427,03-May-2026
Invesco India Overnight Fund - Direct Plan - Monthly IDCW (Payout / Reinvestment),1000.6229,03-May-2026
Invesco India Overnight Fund - Direct Plan - Weekly IDCW (Reinvestment),1001.7173,22-Apr-2025
Invesco India Overnight Fund - Regular Plan - Daily IDCW (Reinvestment),1000.1395,03-May-2026
Invesco India Overnight Fund - Regular Plan - Growth,1362.1992,03-May-2026
Invesco India Overnight Fund - Regular Plan - Monthly IDCW (Payout / Reinvestment),1000.9392,03-May-2026
Invesco India Overnight Fund - Regular Plan - Weekly IDCW (Reinvestment),1001.0688,03-May-2026
ITI Overnight Fund - Direct Plan - Annual IDCW Option,1013.78,03-May-2026
ITI Overnight Fund - Direct Plan - Daily IDCW Option,1000.9992,03-May-2026
ITI Overnight Fund - Direct Plan - Fortnightly IDCW Option,1001.9391,03-May-2026
ITI Overnight Fund - Direct Plan - Growth Option,1369.2508,03-May-2026
ITI Overnight Fund - Direct Plan - Monthly IDCW Option,1001.9331,03-May-2026
ITI Overnight Fund - Direct Plan - Weekly IDCW option,1001.6815,03-May-2026
ITI Overnight Fund - Regular Plan - Annual IDCW Option,1013.356,03-May-2026
ITI Overnight Fund - Regular Plan - Daily IDCW Option,1001.0002,03-May-2026
ITI Overnight Fund - Regular Plan - Fortnightly IDCW Option,1001.9703,03-May-2026
ITI Overnight Fund - Regular Plan - Growth Option,1360.2492,03-May-2026
ITI Overnight Fund - Regular Plan - Monthly IDCW Option,1001.0714,03-May-2026
ITI Overnight Fund - Regular Plan - Weekly IDCW Option,1004.2593,03-May-2026
JioBlackRock Overnight Fund - Direct Plan - Growth Option,1044.7996,03-May-2026
JioBlackRock Overnight Fund - Unclaimed Redemption - Upto 3 years - Growth Option,1021.6641,03-May-2026
JM Overnight Fund (Direct) - Daily IDCW,1000.0,03-May-2026
JM Overnight Fund (Direct) - Weekly IDCW,1000.6713,03-May-2026
JM Overnight Fund (Regular) - Daily IDCW,1000.0,03-May-2026
JM Overnight Fund (Regular) - Growth,1365.0701,03-May-2026
JM Overnight Fund (Regular) - Weekly IDCW,1000.6747,03-May-2026
JM Overnight Fund - (Direct) - Growth,1371.1966,03-May-2026
JM Overnight Fund - (Direct) - Unclaimed IDCW - Growth Plan,1377.5133,03-May-2026
JM Overnight Fund - (Direct) - Unclaimed IDCW I.E.F. - Growth Plan,1073.9936,03-May-2026
JM Overnight Fund - (Direct) - Unclaimed Redemption - Growth Plan,1371.2166,03-May-2026
JM Overnight Fund - (Direct) - Unclaimed Redemption I.E.F. - Growth Plan,1073.9936,03-May-2026
Kotak Overnight Fund -Direct Plan-Growth Option,1443.6241,03-May-2026
Kotak Overnight Fund -Regular plan-Growth Option,1434.0704,03-May-2026
Kotak Overnight Fund-Direct Plan- Daily Reinvestment of Income Distribution cum capital withdrawal option,1003.6055,03-May-2026
Kotak Overnight Fund-Regular Plan- Daily Reinvestment of Income Distribution cum capital withdrawal option,1004.7568,03-May-2026
LIC MF Overnight Fund-Direct Plan-Daily IDCW,1110.6123,03-May-2026
LIC MF Overnight Fund-Direct Plan-Growth,1402.5604,03-May-2026
LIC MF Overnight Fund-Direct Plan-IDCW,1402.7276,03-May-2026
LIC MF Overnight Fund-Direct Plan-Weekly IDCW,1094.1964,03-May-2026
LIC MF Overnight Fund-Regular Plan-Daily IDCW,1108.6167,03-May-2026
LIC MF Overnight Fund-Regular Plan-Growth,1390.9476,03-May-2026
LIC MF Overnight Fund-Regular Plan-IDCW,1230.2735,03-May-2026
LIC MF Overnight Fund-Regular Plan-Weekly IDCW,1180.1284,03-May-2026
Mahindra Manulife Overnight Fund - Direct Plan - Daily IDCW,1403.9638,03-May-2026
Mahindra Manulife Overnight Fund - Direct Plan -Growth,1400.5172,03-May-2026
Mahindra Manulife Overnight Fund - Regular Plan - Daily IDCW,1233.5695,03-May-2026
Mahindra Manulife Overnight Fund - Regular Plan - Growth,1390.9538,03-May-2026
Mahindra Manulife Overnight Fund - Unclaimed Redemption/IDCW beyond 3 years,1000.0,03-May-2026
Mahindra Manulife Overnight Fund - Unclaimed Redemption/IDCW upto 3 years,1284.1328,03-May-2026
Mirae Asset Overnight Fund Direct Daily IDCW,1000.0246,03-May-2026
Mirae Asset Overnight Fund Direct Monthly IDCW,1001.2579,03-May-2026
Mirae Asset Overnight Fund Direct Plan Growth,1387.6081,03-May-2026
Mirae Asset Overnight Fund Direct Weekly IDCW,1000.5737,03-May-2026
Mirae Asset Overnight Fund Regular Daily  IDCW,1000.0068,03-May-2026
Mirae Asset Overnight Fund Regular Monthly IDCW,1001.2403,03-May-2026
Mirae Asset Overnight Fund Regular Plan Growth,1379.3594,03-May-2026
Mirae Asset Overnight Fund Regular Weekly IDCW,1000.5717,03-May-2026
NIPPON INDIA OVERNIGHT FUND - DAILY IDCW Option,100.005,03-May-2026
NIPPON INDIA OVERNIGHT FUND - DIRECT Plan - DAILY IDCW Option,100.005,03-May-2026
Nippon India Overnight Fund - Direct Plan - Growth Option,145.3537,03-May-2026
NIPPON INDIA OVERNIGHT FUND - DIRECT Plan - MONTHLY IDCW Option,100.2059,03-May-2026
NIPPON INDIA OVERNIGHT FUND - DIRECT Plan - QUARTERLY IDCW Option,100.9029,03-May-2026
NIPPON INDIA OVERNIGHT FUND - DIRECT Plan - WEEKLY IDCW Option,100.1301,03-May-2026
NIPPON INDIA OVERNIGHT FUND - MONTHLY IDCW Option,100.1957,03-May-2026
NIPPON INDIA OVERNIGHT FUND - QUARTERLY IDCW Option,100.8912,03-May-2026
Nippon India Overnight Fund - Regular Plan - Growth Option,144.3715,03-May-2026
NIPPON INDIA OVERNIGHT FUND - WEEKLY IDCW Option,100.1282,03-May-2026
NJ Overnight Fund - Direct Plan - Growth Option,1252.0936,03-May-2026
NJ Overnight Fund - Regular Plan - Growth Option,1247.3764,03-May-2026
NJ Overnight Fund - Unclaimed Redemption Plan - Upto 3 Years,1087.6096,03-May-2026
PGIM India Overnight Fund - Direct Plan - Daily Dividend Option,1000.0087,03-May-2026
PGIM India Overnight Fund - Direct Plan - Growth Option,1394.9154,03-May-2026
PGIM India Overnight Fund - Direct Plan - Weekly Dividend Option,1000.6062,03-May-2026
PGIM India Overnight Fund - Regular Plan - Daily Dividend Option,1000.0,03-May-2026
PGIM India Overnight Fund - Regular Plan - Weekly Dividend Option,1007.4303,03-May-2026
PGIM India Overnight Fund - Regular Plan- Growth Option,1388.7184,03-May-2026
quant Overnight Fund - Growth Option - Direct Plan,12.365,03-May-2026
quant Overnight Fund - Growth Option - Regular Plan,12.3217,03-May-2026
quant Overnight Fund - IDCW Option - Direct Plan,12.37,03-May-2026
quant Overnight Fund - IDCW Option - Regular Plan,12.3102,03-May-2026
quant Overnight Fund - Unclaimed IDCW Greater than 3 years,10.0,03-May-2026
quant Overnight Fund - Unclaimed IDCW Less than 3 years,10.1885,03-May-2026
quant Overnight Fund - Unclaimed Redemption Greater than 3 years,10.0,03-May-2026
quant Overnight Fund - Unclaimed Redemption Less than 3 years,10.1844,03-May-2026
Samco Overnight Fund - Direct Plan - Growth Option,1235.4914,03-May-2026
Samco Overnight Fund - Regular Plan - Growth Option,1226.0765,03-May-2026
Samco Overnight Fund - Unclaimed Redemption Upto 3 years,1080.9355,03-May-2026
SBI Overnight Fund - Direct Plan - Daily Income Distribution cum Capital Withdrawal Option (IDCW),1365.509,03-May-2026
SBI OVERNIGHT FUND - DIRECT PLAN - GROWTH,4399.3602,03-May-2026
SBI Overnight Fund - Direct Plan - Weekly Income Distribution cum Capital Withdrawal Option (IDCW),1394.3787,03-May-2026
SBI Overnight Fund - Regular Plan - Daily Income Distribution cum Capital Withdrawal Option (IDCW),1359.3604,03-May-2026
SBI OVERNIGHT FUND - REGULAR PLAN - GROWTH,4340.2635,03-May-2026
SBI Overnight Fund - Regular Plan - Weekly Income Distribution cum Capital Withdrawal Option (IDCW),1388.0003,03-May-2026
Shriram Overnight Fund -  Direct Growth,12.4946,03-May-2026
Shriram Overnight Fund -  Regular Fortnightly IDCW,10.0049,02-Feb-2023
Shriram Overnight Fund - Direct Daily IDCW,10.0001,03-May-2026
Shriram Overnight Fund - Direct Fortnightly IDCW,10.0046,22-Sep-2022
Shriram Overnight Fund - Direct Monthly IDCW,10.0246,03-May-2026
Shriram Overnight Fund - Regular Daily IDCW,10.0001,03-May-2026
Shriram Overnight Fund - Regular Growth,12.4563,03-May-2026
Shriram Overnight Fund - Regular Monthly IDCW,10.0247,03-May-2026
Shriram Overnight Fund - Regular Weekly IDCW,10.0035,26-Jun-2024
Sundaram Overnight Fund Direct Plan - Daily Reinvestment of Income Distribution cum Capital Withdrawal (IDCW),1000.03,13-Sep-2024
Sundaram Overnight Fund Direct Plan - Fortnightly Reinvestment of Income Distribution cum Capital Withdrawal (IDCW),1067.4522,13-Sep-2024
Sundaram Overnight Fund Direct Plan - Growth,1436.9953,03-May-2026
Sundaram Overnight Fund Direct Plan - Monthly Payout of Income Distribution cum Capital Withdrawal (IDCW),1038.5822,03-May-2026
Sundaram Overnight Fund Direct Plan - Monthly Reinvestment of Income Distribution cum Capital Withdrawal (IDCW),1038.5822,03-May-2026
Sundaram Overnight Fund Direct Plan - Weekly Reinvestment of Income Distribution cum Capital Withdrawal (IDCW),1049.5696,13-Sep-2024
Sundaram Overnight Fund Regular Plan - Daily Reinvestment of Income Distribution cum Capital Withdrawal (IDCW),1000.03,13-Sep-2024
Sundaram Overnight Fund Regular Plan - Fortnightly Reinvestment of Income Distribution cum Capital Withdrawal (IDCW),1068.8381,13-Sep-2024
Sundaram Overnight Fund Regular Plan - Growth,1427.0798,03-May-2026
Sundaram Overnight Fund Regular Plan - Monthly Payout of Income Distribution cum Capital Withdrawal (IDCW),1033.61,03-May-2026
Sundaram Overnight Fund Regular Plan - Monthly Reinvestment of Income Distribution cum Capital Withdrawal (IDCW),1033.61,03-May-2026
Sundaram Overnight Fund Regular Plan - Weekly Payout of Income Distribution cum Capital Withdrawal (IDCW),1048.3636,13-Sep-2024
TATA Overnight Fund Direct Plan - Daily Reinvestment of Income Distribution cum capital withdrawal option,1000.0,03-May-2026
TATA Overnight Fund Regular Plan - Daily Reinvestment of Income Distribution cum capital withdrawal option,1000.0,03-May-2026
Tata Overnight Fund-Direct Plan-Growth,1428.3379,03-May-2026
Tata Overnight Fund-Regular Plan-Growth,1416.9062,03-May-2026
TRUST MF OVERNIGHT FUND-DIRECT PLAN-DAILY IDCW REINVESTMENT,1251.7407,03-May-2026
TRUST MF OVERNIGHT FUND-DIRECT PLAN-GROWTH,1279.3733,03-May-2026
TRUST MF OVERNIGHT FUND-REGULAR PLAN-DAILY IDCW REINVESTMENT,1246.1473,03-May-2026
TRUST MF OVERNIGHT FUND-REGULAR-GROWTH,1276.6408,03-May-2026
Union Overnight Fund - Direct Plan - Daily IDCW Option,1000.8033,03-May-2026
Union Overnight Fund - Direct Plan - Growth Option,1424.275,03-May-2026
Union Overnight Fund - Direct Plan - Monthly IDCW Option,1001.4899,03-May-2026
Union Overnight Fund - Regular Plan - Daily IDCW Option,1001.2621,03-May-2026
Union Overnight Fund - Regular Plan - Growth Option,1414.3099,03-May-2026
Union Overnight Fund - Regular Plan - Monthly IDCW Option,1001.4693,03-May-2026
Union Overnight Fund - Unclaimed Amounts Plan - IDCW Beyond 3 years,1000.0,03-May-2026
Union Overnight Fund - Unclaimed Amounts Plan - IDCW Upto 3 years,1283.1325,03-May-2026
Union Overnight Fund - Unclaimed Amounts Plan - Redemption Beyond 3 years,1000.0,03-May-2026
Union Overnight Fund - Unclaimed Amounts Plan - Redemption Upto 3 years,1282.8474,03-May-2026
UTI - Overnight  Fund - Regular Plan - Growth Option,3662.4327,03-May-2026
UTI - Overnight Fund - Direct Plan - Growth Option,3703.7351,03-May-2026
UTI Overnight Fund - Direct Plan - Daily IDCW,1371.6621,03-May-2026
UTI Overnight Fund - Direct Plan - Periodic IDCW,1943.7717,03-May-2026
UTI Overnight Fund - Regular Plan - Daily IDCW,1370.8617,03-May-2026
UTI Overnight Fund - Regular Plan - Periodic IDCW,1886.7579,03-May-2026
Zerodha Overnight Fund - Direct Plan - Growth Option,10.5882,03-May-2026
Aditya Birla Sun Life Short Term Fund - DIRECT - IDCW,10.8291,30-Apr-2026
Aditya Birla Sun Life Short Term Fund - Growth - Direct Plan,53.8398,30-Apr-2026
Aditya Birla Sun Life Short Term Fund - Growth - Regular Plan,49.5041,30-Apr-2026
Aditya Birla Sun Life Short Term Fund - REGULAR - IDCW,14.7894,30-Apr-2026
Aditya Birla Sun Life Short Term Fund - REGULAR - Quarterly IDCW,10.3437,30-Apr-2026
Aditya Birla Sun Life Short Term Fund-Quarterly-IDCW-Direct,10.8406,30-Apr-2026
Axis Short Duration Fund - Direct Plan - Growth Option,35.3415,30-Apr-2026
Axis Short Duration Fund - Direct Plan - Monthly IDCW,10.0012,30-Apr-2026
Axis Short Duration Fund - Direct Plan - Regular IDCW,21.622,30-Apr-2026
Axis Short Duration Fund - Direct Plan - Weekly IDCW,10.2266,30-Apr-2026
Axis Short Duration Fund - Regular Plan - Bonus Option,22.3737,04-May-2020
Axis Short Duration Fund - Regular Plan - Growth Option,32.2541,30-Apr-2026
Axis Short Duration Fund - Regular Plan - Monthly IDCW,10.0225,30-Apr-2026
Axis Short Duration Fund - Regular Plan - Regular IDCW,21.5774,30-Apr-2026
Axis Short Duration Fund - Regular Plan - Weekly IDCW,10.3766,30-Apr-2026
Axis Short Duration Fund - Retail Plan - Growth Option,31.8811,30-Apr-2026
Axis Short Duration Fund - Retail Plan - Monthly IDCW,9.9996,30-Apr-2026
Axis Short Duration Fund - Retail Plan - Weekly IDCW,10.2072,30-Apr-2026
Bandhan Short Duration Fund - Direct Plan - Annual IDCW,10.8349,30-Apr-2026
Bandhan Short Duration Fund - Direct Plan - Fortnightly IDCW,10.3376,30-Apr-2026
Bandhan Short Duration Fund - Direct Plan - Growth,63.9223,30-Apr-2026
Bandhan Short Duration Fund - Direct Plan - Monthly IDCW,10.3614,30-Apr-2026
Bandhan Short Duration Fund - Direct Plan - Periodic IDCW,23.074,30-Apr-2026
Bandhan Short Duration Fund - Direct Plan - Quarterly IDCW,10.731,30-Apr-2026
Bandhan Short Duration Fund - Plan B - Fortnightly Dividend,14.25207048,17-Feb-2017
Bandhan Short Duration Fund - Plan C  - Fortnightly Dividend,11.21885202,17-Feb-2017
Bandhan Short Duration Fund - Plan C  - Growth,18.70210837,17-Feb-2017
Bandhan Short Duration Fund - Plan C  - Monthly Dividend,14.74155325,17-Feb-2017
Bandhan Short Duration Fund - Plan D - Growth,22.16392015,17-Feb-2017
Bandhan Short Duration Fund - Plan D - Monthly Dividend,17.71169997,17-Feb-2017
Bandhan Short Duration Fund - Plan D- Fortnightly Dividend,12.03375677,17-Feb-2017
Bandhan Short Duration Fund - Regular Plan - Annual IDCW,10.6229,30-Apr-2026
Bandhan Short Duration Fund - Regular Plan - Fortnightly IDCW,10.3798,30-Apr-2026
Bandhan Short Duration Fund - Regular Plan - Periodic IDCW,22.0633,30-Apr-2026
Bandhan Short Duration Fund - Regular Plan - Quarterly IDCW,10.7985,30-Apr-2026
BANK OF INDIA Short Term Income Fund-Direct Plan- Growth,30.2559,30-Apr-2026
BANK OF INDIA Short Term Income Fund-Direct Plan- Monthly IDCW,14.7102,30-Apr-2026
BANK OF INDIA Short Term Income Fund-Direct Plan- Quarterly IDCW,13.9482,30-Apr-2026
BANK OF INDIA Short Term Income Fund-Regular Plan- Growth,27.7021,30-Apr-2026
BANK OF INDIA Short Term Income Fund-Regular Plan- Monthly IDCW,14.2154,30-Apr-2026
BANK OF INDIA Short Term Income Fund-Regular Plan- Quarterly IDCW,14.0087,30-Apr-2026
Baroda BNP Paribas Short Duration Fund - Direct Plan - Growth Option,33.068,30-Apr-2026
Baroda BNP Paribas Short Duration Fund - Direct Plan - Monthly IDCW Option,10.3816,30-Apr-2026
Baroda BNP Paribas Short Duration Fund - Direct Plan - Quarterly IDCW,11.1307,30-Apr-2026
Baroda BNP Paribas Short Duration Fund - Regular Plan - Growth Option,30.3071,30-Apr-2026
Baroda BNP Paribas Short Duration Fund - Regular Plan - Monthly IDCW Option,10.1106,30-Apr-2026
Baroda BNP Paribas Short Duration Fund - Regular Plan - Quarterly IDCW,10.5353,30-Apr-2026
CANARA ROBECO SHORT DURATION FUND - DIRECT PLAN - GROWTH OPTION,28.8871,30-Apr-2026
CANARA ROBECO SHORT DURATION FUND - DIRECT PLAN - MONTHLY IDCW (Payout/Reinvestment),18.2821,30-Apr-2026
CANARA ROBECO SHORT DURATION FUND - DIRECT PLAN - QUARTERLY IDCW (Payout/Reinvestment),17.1645,30-Apr-2026
CANARA ROBECO SHORT DURATION FUND - REGULAR PLAN - GROWTH OPTION,26.3414,30-Apr-2026
CANARA ROBECO SHORT DURATION FUND - REGULAR PLAN - MONTHLY IDCW (Payout/Reinvestment),15.6827,30-Apr-2026
CANARA ROBECO SHORT DURATION FUND - REGULAR PLAN - QUARTERLY IDCW (Payout/Reinvestment),15.3651,30-Apr-2026
DSP Short Term Fund - Direct Plan - Growth,52.6108,30-Apr-2026
DSP Short Term Fund - Direct Plan - IDCW,12.0124,30-Apr-2026
DSP Short Term Fund - Direct Plan - IDCW - Monthly,11.6846,30-Apr-2026
DSP Short Term Fund - Direct Plan - IDCW - Weekly,10.1689,30-Apr-2026
DSP Short Term Fund - IDCW - Monthly,11.5908,30-Apr-2026
DSP Short Term Fund - Regular Plan - Growth,48.1737,30-Apr-2026
DSP Short Term Fund - Regular Plan - IDCW,12.0505,30-Apr-2026
DSP Short Term Fund - Regular Plan - Regular Plan - IDCW - Weekly,10.1665,30-Apr-2026
Franklin India Short Tem Income Plan - Segregated Portfolio 3 (9.50% Yes Bank Ltd CO 23Dec21) - Direct Retail Plan Growth Option,0.0,30-Apr-2026
Franklin India Short Term Income Plan -  Retail Plan - Direct - Monthly - IDCW,4281.414,02-May-2025
Franklin India Short Term Income Plan -  Retail Plan - Direct - Quarterly - IDCW,4460.0426,02-May-2025
Franklin India Short Term Income Plan -  Retail Plan - Direct - Weekly - IDCW,3622.9808,02-May-2025
Franklin India Short Term Income Plan -  Retail Plan - Monthly - IDCW,4197.152,02-May-2025
Franklin India Short Term Income Plan -  Retail Plan - Quarterly - IDCW,4366.3354,02-May-2025
Franklin India Short Term Income Plan -  Retail Plan - Weekly - IDCW,3801.5971,02-May-2025
Franklin India SHORT TERM INCOME PLAN - Direct - GROWTH,15097.536,02-May-2025
Franklin India Short Term Income Plan - Segregated Portfolio 3 (9.50% Yes Bank Ltd CO 23Dec21) - Institutional Plan Growth Option,0.0,30-Apr-2026
Franklin India Short Term Income Plan - Segregated Portfolio 3 (9.50% Yes Bank Ltd CO 23Dec21) - Retail Plan Growth Option,0.0,30-Apr-2026
Franklin India Short term Income Plan- Institutional Plan- Segregated Portfolio 2- 10.90% Vodafone Idea Ltd 02Sep2023-Growth Option,0.0,04-Sep-2023
Franklin India Short term Income Plan- Retail Plan- Segregated Portfolio 2- 10.90% Vodafone Idea Ltd 02Sep2023-Direct-Growth Option,0.0,11-Sep-2023
Franklin India Short term Income Plan- Retail Plan- Segregated Portfolio 2- 10.90% Vodafone Idea Ltd 02Sep2023-Growth Option,0.0,11-Sep-2023
Franklin India Short term Income Plan- Retail Plan-Segregated Portfolio 1- 8.25% Vodafone Idea Ltd-10JUL20-Direct- Monthly Dividend Option,0.0,20-Jul-2020
Franklin India Short term Income Plan- Retail Plan-Segregated Portfolio 1- 8.25% Vodafone Idea Ltd-10JUL20-Direct- Quarterly Dividend Option,0.0,20-Jul-2020
Franklin India Short Term Income Plan- Retail Plan-Segregated Portfolio 1- 8.25% Vodafone Idea Ltd-10JUL20-Monthly Dividend Option,0.0,20-Jul-2020
Franklin India Short term Income Plan- Retail Plan-Segregated Portfolio 1- 8.25% Vodafone Idea Ltd-10JUL20-Quarterly Dividend Option,0.0,20-Jul-2020
Franklin India Short term Income Plan- Retail Plan-Segregated Portfolio 2 - 10.90% Vodafone Idea Ltd (02-Sep-2023) - Direct Monthly - IDCW,0.0,11-Sep-2023
Franklin India Short term Income Plan- Retail Plan-Segregated Portfolio 2 - 10.90% Vodafone Idea Ltd (02-Sep-2023) - Direct Quarterly - IDCW,0.0,11-Sep-2023
Franklin India Short term Income Plan- Retail Plan-Segregated Portfolio 2 - 10.90% Vodafone Idea Ltd (02-Sep-2023) - Direct Weekly - IDCW,0.0,04-Sep-2023
Franklin India Short term Income Plan- Retail Plan-Segregated Portfolio 2 - 10.90% Vodafone Idea Ltd (02-Sep-2023) - Monthly - IDCW,0.0,11-Sep-2023
Franklin India Short term Income Plan- Retail Plan-Segregated Portfolio 2 - 10.90% Vodafone Idea Ltd (02-Sep-2023) - Quarterly - IDCW,0.0,11-Sep-2023
Franklin India Short term Income Plan- Retail Plan-Segregated Portfolio 2 - 10.90% Vodafone Idea Ltd (02-Sep-2023) - Weekly - IDCW,0.0,11-Sep-2023
Franklin India Short term Income Plan- Retail Plan-Segregated Portfolio 3 (9.50% Yes Bank Ltd CO 23Dec21) - Direct Monthly - IDCW,0.0,30-Apr-2026
Franklin India Short term Income Plan- Retail Plan-Segregated Portfolio 3 (9.50% Yes Bank Ltd CO 23Dec21) - Direct Quarterly - IDCW,0.0,30-Apr-2026
Franklin India Short Term Income Plan- Retail Plan-Segregated Portfolio 3 (9.50% Yes Bank Ltd CO 23Dec21) - Monthly - IDCW,0.0,30-Apr-2026
Franklin India Short term Income Plan- Retail Plan-Segregated Portfolio 3 (9.50% Yes Bank Ltd CO 23Dec21) - Quarterly - IDCW,0.0,30-Apr-2026
Franklin India Short term Income Plan-Institutional Plan- Segregated Portfolio 1- 8.25% Vodafone Idea Ltd-10JUL20-Growth Option,0.0,13-Jul-2020
Franklin India Short-term Income Plan- Retail Plan - Segregated Portfolio 1- 8.25% Vodafone Idea Ltd-10JUL20-Direct- Growth Option,0.0,20-Jul-2020
Franklin India Short-Term Income Plan- Retail Plan-Segregated Portfolio 1- 8.25% Vodafone Idea Ltd-10JUL20-Growth Option,0.0,20-Jul-2020
Franklin India Short-term Income Plan- Retail Plan-Segregated Portfolio 1- 8.25% Vodafone Idea Ltd-10JUL20-Weekly Dividend Option,0.0,20-Jul-2020
Franklin India Short-term Income Plan- Retail Plan-Segregated Portfolio 3 (9.50% Yes Bank Ltd CO 23Dec21) - Weekly - IDCW,0.0,30-Apr-2026
Franklin India Short-Term Income Plan-Growth,15041.2784,02-May-2025
Franklin India Short-Term Income Plan-Institutional Plan - Growth,12430.0,02-May-2025
Franklin India Short-Term Income Plan-Institutional Plan - Monthly Dividend,0.0,27-Apr-2018
Franklin India Short-term Income Plan-Retail Plan- Segregated Portfolio 1- 8.25% Vodafone Idea Ltd-10JUL20-Direct-Weekly Dividend Option,0.0,13-Jul-2020
Franklin India Short-term Income Plan-Retail Plan-Segregated Portfolio 3 (9.50% Yes Bank Ltd CO 23Dec21) - Direct Weekly - IDCW,0.0,30-Apr-2026
Franklin India Short-Term Income Plan-Weekly Bonus,0.0,08-Jun-2015
Groww Short Term Fund (formerly known as Indiabulls Short Term Fund )- Regular Plan - Growth Option,2157.1796,30-Apr-2026
Groww Short Term Fund (formerly known as Indiabulls Short Term Fund) - Direct Plan - Growth Option,2491.124,30-Apr-2026
Groww Short Term Fund (formerly known as Indiabulls Short Term Fund)- Direct Plan- Fortnightly - Income Distribution cum capital withdrawal Option (Payout & Reinvestment),1017.666,30-Apr-2026
Groww Short Term Fund (formerly known as Indiabulls Short Term Fund)- Direct Plan- Monthly - Income Distribution cum capital withdrawal Option (Payout & Reinvestment),1017.5973,30-Apr-2026
Groww Short Term Fund (formerly known as Indiabulls Short Term Fund)- Direct Plan- Weekly - Income Distribution cum capital withdrawal Option (Payout & Reinvestment),1017.3601,30-Apr-2026
Groww Short Term Fund (formerly known as Indiabulls Short Term Fund)- Regular Plan- Fortnightly - Income Distribution cum capital withdrawal Option (Payout & Reinvestment),1017.5086,30-Apr-2026
Groww Short Term Fund (formerly known as Indiabulls Short Term Fund)- Regular Plan- Monthly - Income Distribution cum capital withdrawal Option (Payout & Reinvestment),1023.8525,30-Apr-2026
Groww Short Term Fund (formerly known as Indiabulls Short Term Fund)- Regular Plan- Weekly - Income Distribution cum capital withdrawal Option (Payout & Reinvestment),1017.1922,30-Apr-2026
HDFC Short Term  Debt Fund - Fortnightly IDCW - Direct Plan,10.2882,30-Apr-2026
HDFC Short Term  Debt Fund - Fortnightly IDCW Option,10.1818,30-Apr-2026
HDFC Short Term  Debt Fund - Growth Option,33.3601,30-Apr-2026
HDFC Short Term  Debt Fund - Growth Option - Direct Plan,34.5213,30-Apr-2026
HDFC Short Term  Debt Fund - Normal IDCW - Direct Plan,20.4535,30-Apr-2026
HDFC Short Term  Debt Fund - Normal IDCW Option,19.824,30-Apr-2026
HSBC Short Duration Fund -  Regular Plan - Monthly IDCW,11.0278,30-Apr-2026
HSBC Short Duration Fund - Bonus,27.4873,30-Apr-2026
HSBC Short Duration Fund - Direct Annual IDCW,11.9448,30-Apr-2026
HSBC Short Duration Fund - Direct Growth,29.2159,30-Apr-2026
HSBC Short Duration Fund - Direct Plan -  Monthly IDCW,11.6959,30-Apr-2026
HSBC Short Duration Fund - Direct Quarterly IDCW,11.2064,30-Apr-2026
HSBC Short Duration Fund - Regular Annual IDCW,11.3834,30-Apr-2026
HSBC Short Duration Fund - Regular Growth,27.4884,30-Apr-2026
HSBC Short Duration Fund - Regular Quarterly IDCW,10.3576,30-Apr-2026
ICICI Prudential Short Term Fund - Bonus,42.3355,24-Apr-2020
ICICI Prudential Short Term Fund - Direct Plan - Bonus,40.962,28-May-2019
ICICI Prudential Short Term Fund - Direct Plan - Growth Option,68.8884,30-Apr-2026
ICICI Prudential Short Term Fund - Direct Plan - Half Yearly IDCW,13.7741,16-Sep-2022
ICICI Prudential Short Term Fund - Direct Plan - Monthly IDCW,12.7349,30-Apr-2026
ICICI Prudential Short Term Fund - Direct Plan - Reinvestment of IDCW Fortnightly,12.823,16-Sep-2022
ICICI Prudential Short Term Fund - Growth Option,62.851,30-Apr-2026
ICICI Prudential Short Term Fund - Half Yearly IDCW,13.4958,16-Sep-2022
ICICI Prudential Short Term Fund - Reinvestment of IDCW Fortnightly,12.2409,16-Sep-2022
ICICI Prudential Short Term Fund - Monthly IDCW,12.1076,30-Apr-2026
ICICI Prudential Short Term Fund - Institutional Plan - Dividend Monthly,12.6927,03-Jul-2019
ICICI Prudential Short Term Fund-Institutional Growth,43.8071,24-Apr-2020
ICICI Prudential Short Term Fund-Institutional Plan-Dividend Fortnightly,12.8807,24-Apr-2020
Invesco India Short Duration Fund - Direct Plan - Daily IDCW (Reinvestment),1020.8522,30-Apr-2026
Invesco India Short Duration Fund - Direct Plan - Growth,4099.159,30-Apr-2026
Invesco India Short Duration Fund - Direct Plan - Monthly IDCW (Payout / Reinvestment),2697.3954,30-Apr-2026
Invesco India Short Duration Fund - Direct Plan -Discretionary IDCW (Payout / Reinvestment),2891.9608,30-Apr-2026
Invesco India Short Duration Fund - Direct Plan -Weekly IDCW (Reinvestment),1019.5866,30-Apr-2026
Invesco India Short Duration Fund - Plan B - Growth,3669.3609,30-Apr-2026
Invesco India Short Duration Fund - Plan B - Monthly IDCW (Payout / Reinvestment),2405.6585,30-Apr-2026
Invesco India Short Duration Fund - Plan B - Weekly IDCW (Reinvestment),1012.5677,30-Apr-2026
Invesco India Short Duration Fund - Regular Plan - Daily IDCW (Reinvestment),1033.9081,30-Apr-2026
Invesco India Short Duration Fund - Regular Plan - Growth,3692.5272,30-Apr-2026
Invesco India Short Duration Fund - Regular Plan - Monthly IDCW (Payout / Reinvestment),1047.7948,30-Apr-2026
Invesco India Short Duration Fund - Regular Plan - Weekly IDCW (Reinvestment),1016.0871,30-Apr-2026
Invesco India Short Duration Fund- Regular Plan - Discretionary IDCW (Payout / Reinvestment),2754.4661,30-Apr-2026
JioBlackRock Short Duration Fund - Direct Plan - Growth Option,1013.4167,30-Apr-2026
JM Short Duration Fund (Direct) - Growth,12.8247,30-Apr-2026
JM Short Duration Fund (Direct) - IDCW,12.825,30-Apr-2026
JM Short Duration Fund (Regular) - Growth,12.4587,30-Apr-2026
JM Short Duration Fund (Regular) - IDCW,12.4592,30-Apr-2026
JM Short Term Fund (Direct) - Daily Dividend Option,14.6036,25-Sep-2020
JM Short Term Fund (Direct) - Dividend Option,10.6757,25-Sep-2020
JM Short Term Fund (Direct) - Growth Option,26.9629,25-Sep-2020
JM Short Term Fund - Daily Dividend Option,14.0738,25-Sep-2020
JM Short Term Fund - Dividend Option,10.6037,25-Sep-2020
JM Short Term Fund - Growth Option,26.4425,25-Sep-2020
JM Short Term Fund - Regular Plan - Daily Dividend Option,13.9335,25-Sep-2020
JM Short Term Fund - Regular Plan - Dividend Option,11.6715,25-Sep-2020
JM Short Term Fund - Regular Plan - Growth Option,36.0763,25-Sep-2020
Kotak Bond Short Term Plan - Direct - Standard Income Distribution cum capital withdrawal option,15.8734,30-Apr-2026
Kotak Bond Short Term Plan - Regular Plan - Normal Dividend,11.995,30-Apr-2026
Kotak Bond Short Term Plan-(Growth),54.0285,30-Apr-2026
Kotak Bond Short Term Plan-(Growth) - Direct,59.8328,30-Apr-2026
Kotak Bond Short Term Plan-(Payout of Income Distribution cum capital withdrawal option),10.0545,17-Sep-2021
LIC MF Short Duration Fund-Direct Plan-Growth,16.2231,30-Apr-2026
LIC MF Short Duration Fund-Direct Plan-IDCW,16.2231,30-Apr-2026
LIC MF Short Duration Fund-Direct Plan-Monthly IDCW,16.221,30-Apr-2026
LIC MF Short Duration Fund-Direct Plan-Weekly IDCW,16.2213,30-Apr-2026
LIC MF Short Duration Fund-Regular Plan-Growth,15.0737,30-Apr-2026
LIC MF Short Duration Fund-Regular Plan-IDCW,15.0737,30-Apr-2026
LIC MF Short Duration Fund-Regular Plan-Monthly IDCW,15.0741,30-Apr-2026
LIC MF Short Duration Fund-Regular Plan-Weekly IDCW,12.7799,30-Apr-2026
Mahindra Manulife Short Duration Fund - Direct Plan - IDCW,11.8881,30-Apr-2026
Mahindra Manulife Short Duration Fund - Direct Plan -Growth,13.9069,30-Apr-2026
Mahindra Manulife Short Duration Fund - Regular Plan - Growth,13.2309,30-Apr-2026
Mahindra Manulife Short Duration Fund - Regular Plan - IDCW,11.2433,30-Apr-2026
Mirae Asset Short Duration Fund - Direct Plan - Growth,17.3545,30-Apr-2026
Mirae Asset Short Duration Fund - Direct Plan - IDCW,17.3081,30-Apr-2026
Mirae Asset Short Duration Fund - Regular Plan - Growth,16.2464,30-Apr-2026
Mirae Asset Short Duration Fund - Regular Plan - IDCW,16.2499,30-Apr-2026
Nippon India Short Duration  Fund-Growth Plan,54.9283,30-Apr-2026
NIPPON INDIA SHORT DURATION FUND - Direct Plan - IDCW Option,24.3689,30-Apr-2026
NIPPON INDIA SHORT DURATION FUND - Direct Plan - MONTHLY IDCW Option,11.7052,30-Apr-2026
NIPPON INDIA SHORT DURATION FUND - Direct Plan - QUARTERLY IDCW OPTION,15.2489,30-Apr-2026
Nippon India Short Duration Fund - Direct Plan Growth Plan - Growth Option,59.9621,30-Apr-2026
NIPPON INDIA SHORT DURATION FUND - IDCW Option,22.3416,30-Apr-2026
NIPPON INDIA SHORT DURATION FUND - MONTHLY IDCW Option,11.488,30-Apr-2026
NIPPON INDIA SHORT DURATION FUND - QUARTERLY IDCW OPTION,14.8853,30-Apr-2026
SBI Short Horizon Debt Fund - Short Term Fund - Retail Dividend - Fortnightly Income Distribution cum Capital Withdrawal Option (IDCW),15.6865,30-Apr-2026
SBI Short Horizon Debt Fund - Short Term Fund - Retail Dividend - Monthly Income Distribution cum Capital Withdrawal Option (IDCW),17.2944,30-Apr-2026
SBI Short Horizon Debt Fund - Short Term Fund - Retail Dividend - Weekly Income Distribution cum Capital Withdrawal Option (IDCW),15.6629,30-Apr-2026
SBI SHORT HORIZON DEBT FUND-SHORT TERM FUND - RETAIL - GROWTH,37.7585,30-Apr-2026
SBI Short Term Debt Fund - Direct Plan - Monthly Income Distribution cum Capital Withdrawal Option (IDCW),19.8405,30-Apr-2026
SBI SHORT TERM DEBT FUND - DIRECT PLAN -GROWTH,35.5809,30-Apr-2026
SBI Short Term Debt Fund - Direct Plan Fortnightly Income Distribution cum Capital Withdrawal Option (IDCW),23.9652,30-Apr-2026
SBI Short Term Debt Fund - Direct Plan Weekly Income Distribution cum Capital Withdrawal Option (IDCW),15.5855,30-Apr-2026
SBI Short Term Debt Fund - Regular Plan - Monthly Income Distribution cum Capital Withdrawal Option (IDCW),18.4504,30-Apr-2026
SBI SHORT TERM DEBT FUND - REGULAR PLAN -GROWTH,33.3727,30-Apr-2026
SBI Short Term Debt Fund - Regular Plan Fortnightly Income Distribution cum Capital Withdrawal Option (IDCW),15.1165,30-Apr-2026
SBI Short Term Debt Fund - Regular Plan Weekly Income Distribution cum Capital Withdrawal Option (IDCW),15.1315,30-Apr-2026
Sundaram Short Duration Fund (Formerly Known as Principal Short Term Debt Fund) - Direct Plan - IDCW,15.1085,27-Jun-2025
Sundaram Short Duration Fund (Formerly Known as Principal Short Term Debt Fund) - Direct Plan - Income Distribution CUM Capital Withdrawal Plan (IDCW),13.0311,30-Apr-2026
Sundaram Short Duration Fund (Formerly Known as Principal Short Term Debt Fund) - Regular - IDCW,14.7535,27-Jun-2025
Sundaram Short Duration Fund (Formerly Known as Principal Short Term Debt Fund) Direct Plan - IDCW,14.8129,27-Jun-2025
Sundaram Short Duration Fund (Formerly Known as Principal Short Term Debt Fund) Direct Plan Fortnightly IDCW,12.9214,28-Jun-2024
Sundaram Short Duration Fund (Formerly Known as Principal Short Term Debt Fund) Direct Plan IDCW,15.3483,27-Jun-2025
Sundaram Short Duration Fund (Formerly Known as Principal Short Term Debt Fund) Direct Weekly IDCW,12.8985,28-Jun-2024
Sundaram Short Duration Fund (Formerly Known as Principal Short Term Debt Fund) Regular - IDCW,14.4651,27-Jun-2025
Sundaram Short Duration Fund (Formerly Known as Principal Short Term Debt Fund) Regular Fortnightly IDCW,12.8838,28-Jun-2024
Sundaram Short Duration Fund (Formerly Known as Principal Short Term Debt Fund) Regular Plan IDCW,14.9869,27-Jun-2025
Sundaram Short Duration Fund (Formerly Known as Principal Short Term Debt Fund) Regular Principal Units,16.0336,27-Jun-2025
Sundaram Short Duration Fund (Formerly Known as Principal Short Term Debt Fund) Regular Weekly IDCW,12.8624,28-Jun-2024
Sundaram Short Duration Fund (Formerly Known as Principal Short Term Debt Fund)- Direct Plan - Growth Option,50.0282,30-Apr-2026
Sundaram Short Duration Fund (Formerly Known as Principal Short Term Debt Fund)- Growth Plan,46.0288,30-Apr-2026
Sundaram Short Duration Fund (Formerly Known as Principal Short Term Debt Fund)- Income Distribution CUM Capital Withdrawal Option (IDCW),12.9062,30-Apr-2026
Tata Short Term Bond Fund - Direct Plan - Growth Option,55.1224,30-Apr-2026
Tata Short Term Bond Fund -Regular Plan- Growth Option,49.4801,30-Apr-2026
Tata Short Term Bond Fund Direct Plan - Monthly Payout of IDCW Option,25.0375,30-Apr-2026
Tata Short Term Bond Fund- Direct Plan - Periodic Payout of IDCW Option,29.2502,30-Apr-2026
Tata Short Term Bond Fund- Regular Plan - Monthly Payout of IDCW Option,22.3456,30-Apr-2026
Tata Short Term Bond Fund- Regular Plan - Periodic Payout of IDCW Option,26.2176,30-Apr-2026
TRUSTMF Short Duration Fund-Direct Plan-Growth,1328.6645,30-Apr-2026
TRUSTMF Short Duration Fund-Direct Plan-Monthly Income Distribution Cum Capital Withdrawal,1147.2195,30-Apr-2026
TRUSTMF Short Duration Fund-Direct Plan-Quarterly Income Distribution Cum Capital Withdrawal,1163.4622,30-Apr-2026
TRUSTMF Short Duration Fund-Direct Plan-Weekly Income Distribution Cum Capital Withdrawal,1124.1917,30-Apr-2026
TRUSTMF Short Duration Fund-Regular Plan-Growth,1297.5396,30-Apr-2026
TRUSTMF Short Duration Fund-Regular Plan-Monthly Income Distribution Cum Capital Withdrawal,1128.4122,30-Apr-2026
TRUSTMF Short Duration Fund-Regular Plan-Quarterly Income Distribution Cum Capital Withdrawal,1134.2524,30-Apr-2026
TRUSTMF Short Duration Fund-Regular Plan-Weekly Income Distribution Cum Capital Withdrawal,1105.9669,30-Apr-2026
Union Short Duration Fund - Direct Plan - Growth Option,10.8009,30-Apr-2026
Union Short Duration Fund - Direct Plan - IDCW Option,10.8009,30-Apr-2026
Union Short Duration Fund - Regular Plan - Growth Option,10.7511,30-Apr-2026
Union Short Duration Fund - Regular Plan - IDCW Option,10.7511,30-Apr-2026
UTI Short Duration Fund - Direct Plan - Annual IDCW,13.3358,30-Apr-2026
UTI Short Duration Fund - Direct Plan - Flexi IDCW,19.4254,30-Apr-2026
UTI Short Duration Fund - Direct Plan - Growth Option,35.1695,30-Apr-2026
UTI Short Duration Fund - Direct Plan - Half Yearly Dividend Option,14.3971,30-Apr-2026
UTI Short Duration Fund - Direct Plan - Monthly IDCW,10.6235,30-Apr-2026
UTI Short Duration Fund - Direct Plan - Quarterly IDCW,19.8858,30-Apr-2026
UTI Short Duration Fund - Discontinued Regular Option - Dividend Sub Option,24.5046,30-Apr-2026
UTI Short Duration Fund - Discontinued Regular Option -Growth Sub Option,46.3533,30-Apr-2026
UTI Short Duration Fund - Regular Plan - Annual IDCW,14.5623,30-Apr-2026
UTI Short Duration Fund - Regular Plan - Flexi IDCW,18.8028,30-Apr-2026
UTI Short Duration Fund - Regular Plan - Growth Option,32.9292,30-Apr-2026
UTI Short Duration Fund - Regular Plan - Half-Yearly IDCW,14.1054,30-Apr-2026
UTI Short Duration Fund - Regular Plan - Monthly IDCW,11.9313,30-Apr-2026
UTI Short Duration Fund - Regular Plan - Quarterly IDCW,17.0399,30-Apr-2026
Aditya Birla Sun Life Savings Fund - Discipline Advantage Plan,330.1006,30-Apr-2026
Aditya Birla Sun Life Savings Fund - Growth - Direct Plan,588.3982,30-Apr-2026
Aditya Birla Sun Life Savings Fund - Growth - Regular Plan,576.8383,30-Apr-2026
Aditya Birla Sun Life Savings Fund-DIRECT - DAILY IDCW,100.2649,30-Apr-2026
Aditya Birla Sun Life Savings Fund-DIRECT - WEEKLY IDCW,100.6433,30-Apr-2026
Aditya Birla Sun Life Savings Fund-Regular - DAILY IDCW,100.2296,30-Apr-2026
Aditya Birla Sun Life Savings Fund-Regular - weekly IDCW,100.5752,30-Apr-2026
Aditya Birla Sun Life Savings Fund-Retail - Daily IDCW,100.4747,30-Apr-2026
Aditya Birla Sun Life Savings Fund-Retail Growth,558.1978,30-Apr-2026
Aditya Birla Sun Life Savings Fund-Weekly - retail IDCW,100.6475,30-Apr-2026
Axis Ultra Short Duration Fund - Direct Plan - Daily IDCW,10.0309,30-Apr-2026
Axis Ultra Short Duration Fund - Direct Plan - Monthly IDCW,10.024,30-Apr-2026
Axis Ultra Short Duration Fund - Direct Plan - Regular IDCW,16.4789,30-Apr-2026
Axis Ultra Short Duration Fund - Direct Plan - Weekly IDCW,10.0489,30-Apr-2026
Axis Ultra Short Duration Fund - Direct Plan Growth,16.4777,30-Apr-2026
Axis Ultra Short Duration Fund - Regular Plan - Daily IDCW,10.0656,30-Apr-2026
Axis Ultra Short Duration Fund - Regular Plan - Monthly IDCW,10.0282,30-Apr-2026
Axis Ultra Short Duration Fund - Regular Plan - Regular IDCW,15.4256,30-Apr-2026
Axis Ultra Short Duration Fund - Regular Plan - Weekly IDCW,10.0654,30-Apr-2026
Axis Ultra Short Duration Fund - Regular Plan Growth,15.4257,30-Apr-2026
BANDHAN ULTRA SHORT DURATION FUND - DIRECT PLAN -MONTHLY IDCW,10.033,30-Apr-2026
BANDHAN ULTRA SHORT DURATION FUND - DIRECT PLAN GROWTH,16.21,30-Apr-2026
BANDHAN ULTRA SHORT DURATION FUND - DIRECT PLAN PERIODIC IDCW,13.7789,30-Apr-2026
BANDHAN ULTRA SHORT DURATION FUND - DIRECT PLAN QUARTERLY IDCW,10.5605,30-Apr-2026
BANDHAN ULTRA SHORT DURATION FUND - DIRECT PLAN- WEEKLY IDCW,10.0706,30-Apr-2026
BANDHAN ULTRA SHORT DURATION FUND - DIRECT PLAN-DAILY IDCW,10.0345,30-Apr-2026
BANDHAN ULTRA SHORT DURATION FUND - REGULAR PLAN DAILY IDCW,10.0495,30-Apr-2026
BANDHAN ULTRA SHORT DURATION FUND - REGULAR PLAN GROWTH,15.9886,30-Apr-2026
BANDHAN ULTRA SHORT DURATION FUND - REGULAR PLAN MONTHLY IDCW,10.0385,30-Apr-2026
BANDHAN ULTRA SHORT DURATION FUND - REGULAR PLAN PERIODIC IDCW,13.4566,30-Apr-2026
BANDHAN ULTRA SHORT DURATION FUND - REGULAR PLAN QUARTERLY IDCW,10.5425,30-Apr-2026
BANDHAN ULTRA SHORT DURATION FUND - REGULAR PLAN WEEKLY IDCW,10.072,30-Apr-2026
BANK OF INDIA Ultra Short Duration Fund- Direct Plan- Daily IDCW,1004.7643,30-Apr-2026
BANK OF INDIA Ultra Short Duration Fund- Direct Plan- Growth,3441.5835,30-Apr-2026
BANK OF INDIA Ultra Short Duration Fund- Direct Plan- Weekly IDCW,1004.8548,30-Apr-2026
BANK OF INDIA Ultra Short Duration Fund- Direct Plan-Bonus,3425.5836,30-Apr-2026
BANK OF INDIA Ultra Short Duration Fund- Regular Plan- Daily IDCW,1004.7378,30-Apr-2026
BANK OF INDIA Ultra Short Duration Fund- Regular Plan- Growth,3312.1267,30-Apr-2026
BANK OF INDIA Ultra Short Duration Fund- Regular Plan- Weekly IDCW,1004.8272,30-Apr-2026
Baroda BNP Paribas Ultra Short Duratio Fund- Regular Plan- Weekly IDCW,1000.3504,30-Apr-2026
Baroda BNP Paribas Ultra Short Duration Fund - Regular Plan - Daily IDCW,1006.0198,30-Apr-2026
Baroda BNP Paribas Ultra Short Duration Fund - Regular Plan - Growth,1620.7527,30-Apr-2026
Baroda BNP Paribas Ultra Short Duration Fund- Direct Plan- Daily IDCW,1006.8453,30-Apr-2026
Baroda BNP Paribas Ultra Short Duration Fund- Direct Plan- Growth,1644.2443,30-Apr-2026
Baroda BNP Paribas Ultra Short Duration Fund- Direct Plan- Weekly IDCW,1000.6274,24-Mar-2026
CANARA ROBECO ULTRA SHORT TERM FUND - DIRECT PLAN - DAILY IDCW (Reinvestment),1240.4825,30-Apr-2026
CANARA ROBECO ULTRA SHORT TERM FUND - DIRECT PLAN - GROWTH OPTION,4250.6979,30-Apr-2026
CANARA ROBECO ULTRA SHORT TERM FUND - DIRECT PLAN - IDCW (Payout/Reinvestment),2432.7359,30-Apr-2026
CANARA ROBECO ULTRA SHORT TERM FUND - DIRECT PLAN - MONTHLY IDCW (Payout/Reinvestment),999.8593,30-Apr-2026
CANARA ROBECO ULTRA SHORT TERM FUND - DIRECT PLAN - WEEKLY IDCW (Payout/Reinvestment),1240.5354,30-Apr-2026
CANARA ROBECO ULTRA SHORT TERM FUND - REGULAR PLAN - DAILY IDCW (Reinvestment),1240.4439,30-Apr-2026
CANARA ROBECO ULTRA SHORT TERM FUND - REGULAR PLAN - GROWTH OPTION,3976.8285,30-Apr-2026
CANARA ROBECO ULTRA SHORT TERM FUND - REGULAR PLAN - MONTHLY IDCW (Payout/Reinvestment),999.8439,30-Apr-2026
CANARA ROBECO ULTRA SHORT TERM FUND - REGULAR PLAN - WEEKLY IDCW (Payout/Reinvestment),1240.5162,30-Apr-2026
CANARA ROBECO ULTRA SHORT TERM FUND- REGULAR PLAN - IDCW (Payout),1633.7269,30-Apr-2026
DSP Ultra Short Fund - Direct Plan - Growth,3902.1676,30-Apr-2026
DSP Ultra Short Fund - Direct Plan - IDCW,1138.8052,30-Apr-2026
DSP Ultra Short Fund - Direct Plan - IDCW - Daily,1005.091,30-Apr-2026
DSP Ultra Short Fund - Direct Plan - IDCW - Monthly,1085.3198,30-Apr-2026
DSP Ultra Short Fund - Direct Plan - IDCW - Weekly,1005.046,30-Apr-2026
DSP Ultra Short Fund - Regular Plan - Growth,3567.4437,30-Apr-2026
DSP Ultra Short Fund - Regular Plan - IDCW - Daily Reinvest,1005.1473,30-Apr-2026
DSP Ultra Short Fund - Regular Plan - IDCW - Monthly,1077.2923,30-Apr-2026
DSP Ultra Short Fund - Regular Plan - IDCW - Payout,1126.2854,30-Apr-2026
DSP Ultra Short Fund - Regular Plan - IDCW - Weekly Reinvest,1005.0453,30-Apr-2026
Franklin India Ultra Short Bond Fund - Institutional - Growth,33.7757,07-Aug-2022
Franklin India Ultra Short Bond Fund - Institutional - Weekly Dividend,0.0,01-Sep-2015
Franklin India Ultra Short Bond Fund - Institutional Plan - Daily - IDCW,12.37,07-Aug-2022
Franklin India Ultra Short Bond Fund - Retail - Growth,32.9262,07-Aug-2022
Franklin India Ultra Short Bond Fund - Retail Plan - Daily - IDCW,12.4137,07-Aug-2022
Franklin India Ultra Short Bond Fund - Retail Plan - Weekly - IDCW,12.5163,07-Aug-2022
Franklin India Ultra Short Bond Fund - Super Institutional - Growth,34.9131,07-Aug-2022
Franklin India Ultra Short Bond Fund - Super Institutional Plan - Daily - IDCW,12.4788,07-Aug-2022
Franklin India Ultra Short Bond Fund - Super Institutional Plan - Direct - Growth,34.2355,07-Aug-2022
Franklin India Ultra Short Bond Fund - Super Institutional Plan - Weekly - IDCW,12.5111,07-Aug-2022
Franklin India Ultra Short Bond Fund Super Institutional Plan - Direct - Daily - IDCW,12.1512,07-Aug-2022
Franklin India Ultra Short Bond Fund Super Institutional Plan - Direct - Weekly - IDCW,12.196,07-Aug-2022
Franklin India Ultra Short Bond Fund- Institutional Plan-Segregated Portfolio 1- 8.25% Vodafone Idea Ltd-10JUL20-Daily Dividend Option,0.0,13-Jul-2020
Franklin India Ultra Short Bond Fund- Institutional Plan-Segregated Portfolio 1- 8.25% Vodafone Idea Ltd-10JUL20-Growth Option,0.0,13-Jul-2020
Franklin India Ultra Short Bond Fund- Retail Plan-Segregated Portfolio 1- 8.25% Vodafone Idea Ltd-10JUL20-Daily Dividend Option,0.0,20-Jul-2020
Franklin India Ultra Short Bond Fund- Retail Plan-Segregated Portfolio 1- 8.25% Vodafone Idea Ltd-10JUL20-Growth Option,0.0,20-Jul-2020
Franklin India Ultra Short Bond Fund- Retail Plan-Segregated Portfolio 1- 8.25% Vodafone Idea Ltd-10JUL20-Weekly Dividend Option,0.0,13-Jul-2020
Franklin India Ultra Short Bond Fund- Super Institutional Plan-Segregated Portfolio 1- 8.25% Vodafone Idea Ltd-10JUL20-Daily Dividend Option,0.0,20-Jul-2020
Franklin India Ultra Short Bond Fund- Super Institutional Plan-Segregated Portfolio 1- 8.25% Vodafone Idea Ltd-10JUL20-Direct Daily Dividend Option,0.0,20-Jul-2020
Franklin India Ultra Short Bond Fund- Super Institutional Plan-Segregated Portfolio 1- 8.25% Vodafone Idea Ltd-10JUL20-Direct-Growth Option,0.0,20-Jul-2020
Franklin India Ultra Short Bond Fund- Super Institutional Plan-Segregated Portfolio 1- 8.25% Vodafone Idea Ltd-10JUL20-Direct-Weekly Dividend Option,0.0,20-Jul-2020
Franklin India Ultra Short Bond Fund- Super Institutional Plan-Segregated Portfolio 1- 8.25% Vodafone Idea Ltd-10JUL20-Growth Option,0.0,20-Jul-2020
Franklin India Ultra Short Bond Fund- Super Institutional Plan-Segregated Portfolio 1- 8.25% Vodafone Idea Ltd-10JUL20-Weekly Dividend Option,0.0,20-Jul-2020
Franklin India Ultra Short Duration Fund - Direct - Growth,11.243,30-Apr-2026
Franklin India Ultra Short Duration Fund - Direct - IDCW,10.7154,30-Apr-2026
Franklin India Ultra Short Duration Fund - Growth,11.1585,30-Apr-2026
Franklin India Ultra Short Duration Fund - IDCW,10.6473,30-Apr-2026
HDFC Ultra Short Term Fund - Daily IDCW Option,10.1009,30-Apr-2026
HDFC Ultra Short Term Fund - Direct Plan-Daily IDCW Option,10.09,30-Apr-2026
HDFC Ultra Short Term Fund - Direct Plan-Growth Option,16.2852,30-Apr-2026
HDFC Ultra Short Term Fund - Direct Plan-Monthly IDCW Option,10.0508,30-Apr-2026
HDFC Ultra Short Term Fund - Direct Plan-Weekly IDCW Option,10.0508,30-Apr-2026
HDFC Ultra Short Term Fund - Growth Option,15.8959,30-Apr-2026
HDFC Ultra Short Term Fund - Monthly IDCW Option,10.1506,30-Apr-2026
HDFC Ultra Short Term Fund - Weekly IDCW Option,10.0505,30-Apr-2026
HSBC Ultra Short Duration Fund - Direct Daily IDCW,1079.7555,30-Apr-2026
HSBC Ultra Short Duration Fund - Direct Growth,1444.0093,30-Apr-2026
HSBC Ultra Short Duration Fund - Direct Monthly IDCW,1011.3029,30-Apr-2026
HSBC Ultra Short Duration Fund - Direct Weekly IDCW,1007.0675,30-Apr-2026
HSBC Ultra Short Duration Fund - Regular Daily IDCW,1031.5395,30-Apr-2026
HSBC Ultra Short Duration Fund - Regular Growth,1422.726,30-Apr-2026
HSBC Ultra Short Duration Fund - Regular Monthly IDCW,1026.8862,30-Apr-2026
HSBC Ultra Short Duration Fund - Regular Weekly IDCW,1041.1471,30-Apr-2026
ICICI Prudential Ultra Short Term Fund - Daily IDCW,10.0685,30-Apr-2026
ICICI Prudential Ultra Short Term Fund - Direct Plan -  Growth,31.5851,30-Apr-2026
ICICI Prudential Ultra Short Term Fund - Direct Plan -  Half Yearly IDCW,10.7542,16-Sep-2022
ICICI Prudential Ultra Short Term Fund - Direct Plan -  Monthly IDCW,10.843,30-Apr-2026
ICICI Prudential Ultra Short Term Fund - Direct Plan -  Quarterly IDCW,11.213,30-Apr-2026
ICICI Prudential Ultra Short Term Fund - Direct Plan - Daily IDCW,10.0018,30-Apr-2026
ICICI Prudential Ultra Short Term Fund - Direct Plan - Fortnightly IDCW,10.0879,16-Sep-2022
ICICI Prudential Ultra Short Term Fund - Direct Plan - Weekly IDCW,10.084,30-Apr-2026
ICICI Prudential Ultra Short Term Fund - Direct Plan Bonus,16.0996,24-Apr-2020
ICICI Prudential Ultra Short Term Fund - Fortnightly IDCW,10.0649,16-Sep-2022
ICICI Prudential Ultra Short Term Fund - Growth,29.1117,30-Apr-2026
ICICI Prudential Ultra Short Term Fund - Half Yearly IDCW,10.6114,16-Sep-2022
ICICI Prudential Ultra Short Term Fund - Monthly IDCW,10.7096,30-Apr-2026
ICICI Prudential Ultra Short Term Fund - Quarterly IDCW,11.001,30-Apr-2026
ICICI Prudential Ultra Short Term Fund - Weekly IDCW,10.0678,30-Apr-2026
Invesco India Ultra Short Duration Fund - Direct Plan - Annual IDCW (Payout / Reinvestment),2159.6233,30-Apr-2026
Invesco India Ultra Short Duration Fund - Direct Plan - Daily IDCW (Reinvestment),1537.3225,30-Apr-2026
Invesco India Ultra Short Duration Fund - Direct Plan - Growth,3032.8774,30-Apr-2026
Invesco India Ultra Short Duration Fund - Direct Plan - Monthly IDCW (Payout / Reinvestment),2055.1304,30-Apr-2026
Invesco India Ultra Short Duration Fund - Direct Plan - Quarterly IDCW (Payout / Reinvestment),1035.3562,30-Apr-2026
Invesco India Ultra Short Duration Fund - Regular Plan - Annual IDCW (Payout / Reinvestment),1130.9057,30-Apr-2026
Invesco India Ultra Short Duration Fund - Regular Plan - Daily IDCW (Reinvestment),1437.7022,30-Apr-2026
Invesco India Ultra Short Duration Fund - Regular Plan - Growth,2829.4948,30-Apr-2026
Invesco India Ultra Short Duration Fund - Regular Plan - Monthly IDCW (Payout / Reinvestment),1010.7856,30-Apr-2026
Invesco India Ultra Short Duration Fund - Regular Plan - Quarterly IDCW (Payout / Reinvestment),1098.3688,30-Apr-2026
ITI Ultra Short Duration Fund - Direct Plan - Annually IDCW Option,1348.8038,30-Apr-2026
ITI Ultra Short Duration Fund - Direct Plan - Daily IDCW,1001.0,27-Apr-2026
ITI Ultra Short Duration Fund - Direct Plan - Fortnightly IDCW Option,1001.0474,30-Apr-2026
ITI Ultra Short Duration Fund - Direct Plan - Growth Option,1347.0938,30-Apr-2026
ITI Ultra Short Duration Fund - Direct Plan - Monthly IDCW Option,1001.0434,30-Apr-2026
ITI Ultra Short Duration Fund - Direct Plan - Weekly IDCW Option,1001.0474,30-Apr-2026
ITI Ultra Short Duration Fund - Regular Plan - Annually IDCW Option,1293.1752,30-Apr-2026
ITI Ultra Short Duration Fund - Regular Plan - Daily IDCW Option,1000.9997,30-Apr-2026
ITI Ultra Short Duration Fund - Regular Plan - Fortnightly IDCW Option,1001.0026,30-Apr-2026
ITI Ultra Short Duration Fund - Regular Plan - Growth Option,1293.1231,30-Apr-2026
ITI Ultra Short Duration Fund - Regular Plan - Monthly IDCW Option,1001.0033,30-Apr-2026
ITI Ultra Short Duration Fund - Regular Plan - Weekly IDCW Option,1001.0035,30-Apr-2026
JM Ultra Short Duration Fund (Direct) - Bonus Option - Principal Units,27.8437,25-Sep-2020
JM Ultra Short Duration Fund (Direct) - Fortnightly Dividend Option,10.5165,25-Sep-2020
JM Ultra Short Duration Fund - (Direct) - Growth Option,27.5938,25-Sep-2020
JM Ultra Short Duration Fund - (Direct) -Daily Dividend Option,10.3437,25-Sep-2020
JM Ultra Short Duration Fund - (Direct) -Weekly Dividend Option,10.8856,25-Sep-2020
JM Ultra Short Duration Fund - Bonus Option - Principal Units,26.95,25-Sep-2020
JM Ultra Short Duration Fund - Daily Dividend,10.2477,25-Sep-2020
JM Ultra Short Duration Fund - Fortnightly Dividend,10.4216,25-Sep-2020
JM Ultra Short Duration Fund - Growth option,26.7195,25-Sep-2020
JM Ultra Short Duration Fund - Weekly Dividend,10.8027,25-Sep-2020
Kotak Savings Fund -Growth,44.9906,30-Apr-2026
Kotak Savings Fund -Monthly Payout of Income Distribution cum capital withdrawal option,10.7374,30-Apr-2026
Kotak Savings Fund-Growth - Direct,47.3123,30-Apr-2026
Kotak Savings Fund-Monthly Payout of Income Distribution cum capital withdrawal option - Direct,20.3992,30-Apr-2026
Kotak Treasury Advantage Fund -Daily Reinvestment of Income Distribution cum capital withdrawal option,10.0798,17-Sep-2021
Kotak Treasury Advantage Fund -Daily Reinvestment of Income Distribution cum capital withdrawal option - Direct,10.8186,17-Sep-2021
LIC MF Ultra Short Duration Fund-Direct Plan-Daily IDCW,1101.986,30-Apr-2026
LIC MF Ultra Short Duration Fund-Direct Plan-Growth,1421.5948,30-Apr-2026
LIC MF Ultra Short Duration Fund-Direct Plan-Monthly IDCW,1421.3555,30-Apr-2026
LIC MF Ultra Short Duration Fund-Direct Plan-Weekly IDCW,1101.6988,30-Apr-2026
LIC MF Ultra Short Duration Fund-Regular Plan-Daily IDCW,1093.2349,30-Apr-2026
LIC MF Ultra Short Duration Fund-Regular Plan-Growth,1382.8268,30-Apr-2026
LIC MF Ultra Short Duration Fund-Regular Plan-Monthly IDCW,1383.0357,30-Apr-2026
LIC MF Ultra Short Duration Fund-Regular Plan-Weekly IDCW,1030.0672,30-Apr-2026
Mahindra Manulife Ultra Short Duration Fund - Direct Plan - Daily IDCW,1234.0675,30-Apr-2026
Mahindra Manulife Ultra Short Duration Fund - Direct Plan - Weekly IDCW,1000.4661,30-Apr-2026
Mahindra Manulife Ultra Short Duration Fund - Direct Plan -Growth,1484.4716,30-Apr-2026
Mahindra Manulife Ultra Short Duration Fund - Regular Plan - Daily IDCW,1100.8694,30-Apr-2026
Mahindra Manulife Ultra Short Duration Fund - Regular Plan - Growth,1444.224,30-Apr-2026
Mahindra Manulife Ultra Short Duration Fund - Regular Plan - Weekly IDCW,1000.3951,30-Apr-2026
Mirae Asset Ultra Short Duration Fund Direct Growth,1393.0329,30-Apr-2026
Mirae Asset Ultra Short Duration Fund Direct IDCW,1392.6467,30-Apr-2026
Mirae Asset Ultra Short Duration Fund Regular Growth,1375.3422,30-Apr-2026
Mirae Asset Ultra Short Duration Fund Regular IDCW,1374.8433,30-Apr-2026
Motilal Oswal Ultra Short Term Fund (MOFUSTF) -Direct Plan- Growth,18.3062,30-Apr-2026
Motilal Oswal Ultra Short Term Fund (MOFUSTF)-Regular Plan- Growth,17.1735,30-Apr-2026
Motilal Oswal Ultra Short Term Fund Direct - IDCW Daily Reinvestment,11.7325,30-Apr-2026
Motilal Oswal Ultra Short Term Fund Direct - IDCW Fortnightly Reinvestment,11.8212,30-Apr-2026
Motilal Oswal Ultra Short Term Fund Direct - IDCW Quarterly Payout/Reinvestment,12.0426,30-Apr-2026
Motilal Oswal Ultra Short Term Fund Direct - IDCW Weekly Reinvestment,11.7372,30-Apr-2026
Motilal Oswal Ultra Short Term Fund Direct Plan - IDCW Monthly Payout/Reinvestment,11.8253,30-Apr-2026
Motilal Oswal Ultra Short Term Fund Regular - IDCW Daily Reinvestment,11.4491,30-Apr-2026
Motilal Oswal Ultra Short Term Fund Regular - IDCW Fortnightly Reinvestment,11.5201,30-Apr-2026
Motilal Oswal Ultra Short Term Fund Regular - IDCW Monthly Payout/Reinvestment,11.542,30-Apr-2026
Motilal Oswal Ultra Short Term Fund Regular - IDCW Quarterly Payout/Reinvestment,11.7102,30-Apr-2026
Motilal Oswal Ultra Short Term Fund Regular - IDCW Weekly Reinvestment,11.4703,30-Apr-2026
NIPPON INDIA ULTRA SHORT DURATION FUND - DAILY IDCW OPTION,1114.0609,30-Apr-2026
NIPPON INDIA ULTRA SHORT DURATION FUND - DIRECT Plan - DAILY IDCW OPTION,1114.1064,30-Apr-2026
NIPPON INDIA ULTRA SHORT DURATION FUND - DIRECT Plan - MONTHLY IDCW Option,1031.425,30-Apr-2026
NIPPON INDIA ULTRA SHORT DURATION FUND - DIRECT Plan - QUARTERLY IDCW Option,1023.3443,30-Apr-2026
NIPPON INDIA ULTRA SHORT DURATION FUND - DIRECT Plan - WEEKLY IDCW OPTION,1092.1442,30-Apr-2026
NIPPON INDIA ULTRA SHORT DURATION FUND - MONTHLY IDCW Option,1021.2688,30-Apr-2026
NIPPON INDIA ULTRA SHORT DURATION FUND - QUARTERLY IDCW Option,1016.2036,30-Apr-2026
NIPPON INDIA ULTRA SHORT DURATION FUND - SEGREGATED PORTFOLIO 1 - DAILY IDCW Option,0.0,10-Mar-2022
NIPPON INDIA ULTRA SHORT DURATION FUND - SEGREGATED PORTFOLIO 1 - DIRECT Plan - DAILY IDCW Option,0.0,10-Mar-2022
Nippon India Ultra Short Duration Fund - Segregated Portfolio 1 - Direct Plan - Growth Option,0.0,10-Mar-2022
NIPPON INDIA ULTRA SHORT DURATION FUND - SEGREGATED PORTFOLIO 1 - DIRECT Plan - MONTHLY IDCW Option,0.0,10-Mar-2022
NIPPON INDIA ULTRA SHORT DURATION FUND - SEGREGATED PORTFOLIO 1 - DIRECT Plan - QUARTERLY IDCW Option,0.0,10-Mar-2022
NIPPON INDIA ULTRA SHORT DURATION FUND - SEGREGATED PORTFOLIO 1 - DIRECT Plan - WEEKLY IDCW Option,0.0,10-Mar-2022
Nippon India Ultra Short Duration Fund - Segregated Portfolio 1 - Growth Option,0.0,10-Mar-2022
NIPPON INDIA ULTRA SHORT DURATION FUND - SEGREGATED PORTFOLIO 1 - MONTHLY IDCW Option,0.0,10-Mar-2022
NIPPON INDIA ULTRA SHORT DURATION FUND - SEGREGATED PORTFOLIO 1 - QUARTERLY IDCW Option,0.0,10-Mar-2022
NIPPON INDIA ULTRA SHORT DURATION FUND - SEGREGATED PORTFOLIO 1 - WEEKLY IDCW Option,0.0,10-Mar-2022
NIPPON INDIA ULTRA SHORT DURATION FUND - WEEKLY IDCW OPTION,1092.013,30-Apr-2026
Nippon India Ultra Short Duration Fund- Direct Plan- Growth Option,4692.3086,30-Apr-2026
Nippon India Ultra Short Duration Fund- Growth Option,4229.6246,30-Apr-2026
PGIM India Ultra Short Duration Fund - Daily Dividend,10.0188,30-Apr-2026
PGIM India Ultra Short Duration Fund - Direct Plan - Daily Dividend,10.0229,30-Apr-2026
PGIM India Ultra Short Duration Fund - Direct Plan - Growth,37.4129,30-Apr-2026
PGIM India Ultra Short Duration Fund - Direct Plan - Monthly Dividend,12.3425,30-Apr-2026
PGIM India Ultra Short Duration Fund - Direct Plan - Weekly Dividend,10.2667,30-Apr-2026
PGIM India Ultra Short Duration Fund - Growth,35.5946,30-Apr-2026
PGIM India Ultra Short Duration Fund - Monthly Dividend,15.3724,30-Apr-2026
PGIM India Ultra Short Duration Fund - Regular Plan - Daily Dividend,10.0215,28-Jul-2019
PGIM India Ultra Short Duration Fund - Regular Plan - Growth,34.2452,21-Jan-2022
PGIM India Ultra Short Duration Fund - Regular Plan - Monthly Dividend,10.5275,28-Jul-2019
PGIM India Ultra Short Duration Fund - Regular Plan - Weekly Dividend,10.5017,21-Jan-2022
PGIM India Ultra Short Duration Fund - Weekly Dividend,10.0781,30-Apr-2026
PGIM India Ultra Short Term Fund - Annual Bonus,20.9045,26-Feb-2018
PGIM India Ultra Short Term Fund - Annual Dividend,10.7885,17-Jun-2019
PGIM India Ultra Short Term Fund - Bonus,16.1171,09-Jul-2018
PGIM India Ultra Short Term Fund - Direct Plan - Annual Bonus,15.3662,11-Apr-2019
PGIM India Ultra Short Term Fund - Direct Plan - Annual Dividend,11.11,28-Jul-2019
PGIM India Ultra Short Term Fund - Direct Plan - Bonus,18.2209,28-Jul-2019
PGIM India Ultra Short Term Fund - Direct Plan - Dividend,15.25,28-Jul-2019
PGIM India Ultra Short Term Fund - Direct Plan - Monthly Bonus,12.7173,03-Apr-2018
PGIM India Ultra Short Term Fund - Direct Plan - Quarterly Dividend,11.2976,28-Jul-2019
PGIM India Ultra Short Term Fund - Dividend,16.077,28-Jul-2019
PGIM India Ultra Short Term Fund - Monthly Bonus,13.9637,02-Apr-2019
PGIM India Ultra Short Term Fund - Quarterly Dividend,11.5762,28-Jul-2019
PGIM India Ultra Short Term Fund - Regular Plan - Bonus,16.6686,31-Jan-2019
SBI Ultra Short Duration Fund - Direct Plan - Daily Income Distribution cum Capital Withdrawal Option (IDCW),2391.6992,30-Apr-2026
SBI ULTRA SHORT DURATION FUND - DIRECT PLAN - GROWTH,6396.1613,30-Apr-2026
SBI Ultra Short Duration Fund - Direct Plan - Weekly Income Distribution cum Capital Withdrawal Option (IDCW),1272.5903,30-Apr-2026
SBI Ultra Short Duration Fund - Regular Plan - Daily Income Distribution cum Capital Withdrawal Option (IDCW),2363.3821,30-Apr-2026
SBI ULTRA SHORT DURATION FUND - REGULAR PLAN - GROWTH,6274.6573,30-Apr-2026
SBI Ultra Short Duration Fund - Regular Plan - Weekly Income Distribution cum Capital Withdrawal Option (IDCW),1264.6308,30-Apr-2026
Sundaram Ultra Short Duration Fund (Formerly Known as Principal Ultra Short Term Fund) - Income Distribution CUM Capital Withdrawal Option (IDCW),1063.2075,30-Apr-2026
Sundaram Ultra Short Duration Fund (Formerly Known as Principal Ultra Short Term Fund) Direct Plan -IDCW,1209.0534,27-Jun-2025
Sundaram Ultra Short Duration Fund (Formerly Known as Principal Ultra Short Term Fund) Direct Plan Fortnightly IDCW,1064.1664,28-Jun-2024
Sundaram Ultra Short Duration Fund (Formerly Known as Principal Ultra Short Term Fund) Direct Plan IDCW Daily,1006.1763,28-Jun-2024
Sundaram Ultra Short Duration Fund (Formerly Known as Principal Ultra Short Term Fund)- Direct Plan -Growth Option,3082.0274,30-Apr-2026
Sundaram Ultra Short Duration Fund (Formerly Known as Principal Ultra Short Term Fund)- Direct Plan IDCW Weekly,1020.1955,26-May-2022
Sundaram Ultra Short Duration Fund (Formerly Known as Principal Ultra Short Term Fund)- Direct Plan Income Distribution CUM Capital Withdrawal Option (IDCW),1079.6072,30-Apr-2026
Sundaram Ultra Short Duration Fund (Formerly Known as Principal Ultra Short Term Fund)-Daily Income Distribution CUM Capital Withdrawal Option,1005.43,28-Jun-2024
Sundaram Ultra Short Duration Fund (Formerly Known as Principal Ultra Short Term Fund)-Growth Option,2797.1289,30-Apr-2026
Sundaram Ultra Short Duration Fund (Formerly Known as Principal Ultra Short Term Fund)-Weekly Income Distribution CUM Capital Withdrawal Option,1020.3675,28-Jun-2024
Sundaram Ultra Short Duration Fund (Formerly Known as Prinicpal Ultra Short Term Fund) Regular Plan -IDCW,1155.9153,27-Jun-2025
Sundaram Ultra Short Duration Fund (Formerly Known as Prinicpal Ultra Short Term Fund) Regular Plan Fortnightly IDCW,1062.5332,28-Jun-2024
TATA Ultra Short Term Fund Direct Plan - Monthly Reinvestment of Income Distribution cum capital withdrawal option,15.7445,30-Apr-2026
TATA Ultra Short Term Fund Direct Plan - Weekly Reinvestment of Income Distribution cum capital withdrawal option,10.4007,30-Apr-2026
TATA Ultra Short Term Fund Regular Plan - Monthly Reinvestment of Income Distribution cum capital withdrawal option,14.8619,30-Apr-2026
TATA Ultra Short Term Fund Regular Plan -Weekly Reinvestment of Income Distribution cum capital withdrawal option,10.3736,30-Apr-2026
TATA Ultra Short Term Fund-Direct Plan - Monthly Payout of Income Distribution cum capital withdrawal option,15.7445,30-Apr-2026
TATA Ultra Short Term Fund-Direct Plan - Weekly Payout of Income Distribution cum capital withdrawal option,10.4007,30-Apr-2026
Tata Ultra Short Term Fund-Direct Plan-Growth,15.7234,30-Apr-2026
TATA Ultra Short Term Fund-Regular Plan - Monthly Payout of Income Distribution cum capital withdrawal option,14.8619,30-Apr-2026
TATA Ultra Short Term Fund-Regular Plan - Weekly Payout of Income Distribution cum capital withdrawal option,10.3736,30-Apr-2026
Tata Ultra Short Term Fund-Regular Plan-Growth,14.8563,30-Apr-2026
UTI Ultra Short Duration Fund - Direct Plan - Annual IDCW,1506.2898,30-Apr-2026
UTI Ultra Short Duration Fund - Direct Plan - Daily IDCW (Reinvestment),1593.1499,30-Apr-2026
UTI Ultra Short Duration Fund - Direct Plan - Flexi IDCW,2323.4017,30-Apr-2026
UTI Ultra Short Duration Fund - Direct Plan - Fortnightly IDCW,1323.3338,30-Apr-2026
UTI Ultra Short Duration Fund - Direct Plan - Growth Option,4788.7881,30-Apr-2026
UTI Ultra Short Duration Fund - Direct Plan - Half-Yearly IDCW,1518.3632,30-Apr-2026
UTI Ultra Short Duration Fund - Direct Plan - Monthly IDCW,1168.8826,30-Apr-2026
UTI Ultra Short Duration Fund - Direct Plan - Quarterly IDCW,1988.3509,30-Apr-2026
UTI Ultra Short Duration Fund - Direct Plan - Weekly IDCW (Reinvestment),1082.8792,30-Apr-2026
UTI Ultra Short Duration Fund - Discontinued - INSTN GROWTH OPTION,3181.5298,30-Apr-2026
UTI Ultra Short Duration Fund - Discontinued - INSTN PLAN - PERIODIC DIVIDEND OPTION,1003.5556,25-Feb-2021
UTI Ultra Short Duration Fund - Regular Plan - Annual IDCW,1452.9793,30-Apr-2026
UTI Ultra Short Duration Fund - Regular Plan - Daily IDCW (Reinvestment),1047.2808,30-Apr-2026
UTI Ultra Short Duration Fund - Regular Plan - Flexi IDCW,1714.0509,30-Apr-2026
UTI Ultra Short Duration Fund - Regular Plan - Fortnightly IDCW,1319.1774,30-Apr-2026
UTI Ultra Short Duration Fund - Regular Plan - Growth Option,4440.1589,30-Apr-2026
UTI Ultra Short Duration Fund - Regular Plan - Half-Yearly IDCW,1005.0682,30-Apr-2026
UTI Ultra Short Duration Fund - Regular Plan - Monthly IDCW,1115.6465,30-Apr-2026
UTI Ultra Short Duration Fund - Regular Plan - Quarterly IDCW,1287.9605,30-Apr-2026
UTI Ultra Short Duration Fund - Regular Plan - Weekly IDCW (Reinvestment),1405.168,30-Apr-2026
WhiteOak Capital Ultra Short Duration Fund- Direct plan-Daily Reinvestment of Income Distribution cum capital withdrawal option (IDCW),1004.7091,30-Apr-2026
WhiteOak Capital Ultra Short Duration Fund- Direct plan-Fortnightly Payout/ Reinvestment of Income Distribution cum capital withdrawal option (IDCW),1004.9186,30-Apr-2026
WhiteOak Capital Ultra Short Duration Fund- Direct plan-Growth Option,1480.7756,30-Apr-2026
WhiteOak Capital Ultra Short Duration Fund- Direct plan-Monthly Payout/ Reinvestment of Income Distribution cum capital withdrawal option (IDCW),1006.6072,30-Apr-2026
WhiteOak Capital Ultra Short Duration Fund- Direct plan-Weekly Payout/ Reinvestment of Income Distribution cum capital withdrawal option (IDCW),1004.5682,30-Apr-2026
WhiteOak Capital Ultra Short Duration Fund- Regular plan-Daily Reinvestment of Income Distribution cum capital withdrawal option (IDCW),1004.6985,30-Apr-2026
WhiteOak Capital Ultra Short Duration Fund- Regular plan-Fortnightly Payout/ Reinvestment of Income Distribution cum capital withdrawal option (IDCW),1004.7662,30-Apr-2026
WhiteOak Capital Ultra Short Duration Fund- Regular plan-Growth Option,1424.1863,30-Apr-2026
WhiteOak Capital Ultra Short Duration Fund- Regular plan-Monthly Payout/ Reinvestment of Income Distribution cum capital withdrawal option (IDCW),1005.2915,30-Apr-2026
WhiteOak Capital Ultra Short Duration Fund- Regular plan-Weekly Payout/ Reinvestment of Income Distribution cum capital withdrawal option (IDCW),1005.9524,30-Apr-2026
Invesco India Contra Fund - Direct Plan - Growth,150.96,30-Apr-2026
Invesco India Contra Fund - Direct Plan - IDCW (Payout / Reinvestment),62.86,30-Apr-2026
Invesco India Contra Fund - Regular Plan - Growth,127.69,30-Apr-2026
Invesco India Contra Fund - Regular Plan - IDCW (Payout / Reinvestment),46.78,30-Apr-2026
Kotak Contra Fund - Direct Plan - Growth,176.354,30-Apr-2026
Kotak Contra Fund - Direct Plan - IDCW -Payout & Re-investment of Income Distribution cum capital withdrawal option- Direct,62.755,30-Apr-2026
Kotak Contra Fund - Regular Plan - Growth,148.059,30-Apr-2026
Kotak Contra Fund - Regular Plan - IDCW - Payout & Re-investment of Income Distribution cum capital withdrawal option,51.035,30-Apr-2026
SBI CONTRA FUND - DIRECT PLAN - GROWTH,409.2075,30-Apr-2026
SBI Contra Fund - Direct Plan - Income Distribution cum Capital Withdrawal Option (IDCW),86.3606,30-Apr-2026
SBI Contra Fund - Regular Plan - Income Distribution cum Capital Withdrawal Option (IDCW),64.573,30-Apr-2026
SBI CONTRA FUND - REGULAR PLAN -GROWTH,372.3818,30-Apr-2026
Aditya Birla Sun Life Dividend Yield Fund - Growth - Direct Plan,503.1,30-Apr-2026
Aditya Birla Sun Life Dividend Yield Fund - Growth - Regular Plan,455.08,30-Apr-2026
Aditya Birla Sun Life Dividend Yield Fund -DIRECT - IDCW,47.28,30-Apr-2026
Aditya Birla Sun Life Dividend Yield Fund -REGULAR - IDCW,25.89,30-Apr-2026
Baroda BNP Paribas Dividend Yield Fund - Direct Plan - Growth Option,9.7384,30-Apr-2026
Baroda BNP Paribas Dividend Yield Fund - Direct Plan - IDCW Option,9.7384,30-Apr-2026
Baroda BNP Paribas Dividend Yield Fund - Regular Plan - Growth Option,9.4926,30-Apr-2026
Baroda BNP Paribas Dividend Yield Fund - Regular Plan - IDCW Option,9.4926,30-Apr-2026
Franklin India Dividend Yield Fund - Direct - Growth,149.8457,30-Apr-2026
Franklin India Dividend Yield Fund - Direct - IDCW,26.8282,30-Apr-2026
Franklin India Dividend Yield Fund - IDCW,23.6044,30-Apr-2026
Franklin India Dividend Yield Fund-Growth Plan,136.0215,30-Apr-2026
HDFC Dividend Yield Fund - Growth Option Direct Plan,26.082,30-Apr-2026
HDFC Dividend Yield Fund - Growth Plan,24.221,30-Apr-2026
HDFC Dividend Yield Fund - IDCW Option Direct Plan,21.134,30-Apr-2026
HDFC Dividend Yield Fund - IDCW Plan,19.302,30-Apr-2026
ICICI Prudential Dividend Yield Equity Fund Direct Plan Growth Option,59.12,30-Apr-2026
ICICI Prudential Dividend Yield Equity Fund Direct Plan IDCW Option,24.89,30-Apr-2026
ICICI Prudential Dividend Yield Equity Fund Growth Option,52.5,30-Apr-2026
ICICI Prudential Dividend Yield Equity Fund IDCW Option,18.66,30-Apr-2026
Kotak Dividend Yield Fund - Direct - Growth,9.567,30-Apr-2026
Kotak Dividend Yield Fund - Direct - IDCW,9.567,30-Apr-2026
Kotak Dividend Yield Fund - Regular -Growth,9.529,30-Apr-2026
Kotak Dividend Yield Fund - Regular IDCW,9.529,30-Apr-2026
LIC MF Dividend Yield Fund-Direct Plan-Growth,32.9567,30-Apr-2026
LIC MF Dividend Yield Fund-Direct Plan-IDCW,32.9405,30-Apr-2026
LIC MF Dividend Yield Fund-Regular Plan-Growth,30.0113,30-Apr-2026
LIC MF Dividend Yield Fund-Regular Plan-IDCW,30.0106,30-Apr-2026
SBI Dividend Yield Fund - Direct Plan - Growth,15.4059,30-Apr-2026
SBI Dividend Yield Fund - Direct Plan - Income Distribution cum Capital Withdrawal (IDCW) Option,15.407,30-Apr-2026
SBI Dividend Yield Fund - Regular Plan - Growth,14.9203,30-Apr-2026
SBI Dividend Yield Fund - Regular Plan - Income Distribution cum Capital Withdrawal (IDCW) Option,14.9201,30-Apr-2026
Sundaram Dividend Yield Fund (Formerly Known as Principal Dividend Yield Fund) - Direct Plan - Growth Option,146.7067,30-Apr-2026
Sundaram Dividend Yield Fund (Formerly Known as Principal Dividend Yield Fund)- Direct Plan - Income Distribution CUM Capital Withdrawal Option,61.2348,30-Apr-2026
Sundaram Dividend Yield Fund (Formerly Known as Principal Dividend Yield Fund)- Income Distribution CUM Capital Withdrawal Plan,36.2079,30-Apr-2026
Sundaram Dividend Yield Fund (Formerly Known as Principal Dividend Yield Fund)-Growth Plan,133.1627,30-Apr-2026
Tata Dividend Yield Fund-Direct Plan-Growth,20.6296,30-Apr-2026
Tata Dividend Yield Fund-Direct Plan-IDCW Payout,20.6296,30-Apr-2026
Tata Dividend Yield Fund-Direct Plan-IDCW Reinvestment,20.6296,30-Apr-2026
Tata Dividend Yield Fund-Regular Plan-Growth,18.9273,30-Apr-2026
Tata Dividend Yield Fund-Regular Plan-IDCW Payout,18.9273,30-Apr-2026
Tata Dividend Yield Fund-Regular Plan-IDCW Reinvestment,18.9273,30-Apr-2026
UTI Dividend Yield Fund - Direct Plan - IDCW,39.7185,30-Apr-2026
UTI Dividend Yield Fund - Regular Plan - IDCW,32.8572,30-Apr-2026
UTI-Dividend Yield Fund.-Growth,174.5739,30-Apr-2026
UTI-Dividend Yield Fund.-Growth-Direct,189.2295,30-Apr-2026
360 ONE ELSS Tax Saver Nifty 50 Index Fund - Direct Plan - Growth,13.5658,30-Apr-2026
360 ONE ELSS Tax Saver Nifty 50 Index Fund - Direct Plan - IDCW Payout,13.5658,30-Apr-2026
360 ONE ELSS Tax Saver Nifty 50 Index Fund - Regular Plan - Growth,13.4531,30-Apr-2026
360 ONE ELSS Tax Saver Nifty 50 Index Fund - Regular Plan - IDCW Payout,13.4531,30-Apr-2026
Aditya Birla Sun Life ELSS Tax Saver Fund - Growth - Direct Plan,67.19,30-Apr-2026
Aditya Birla Sun Life ELSS Tax Saver Fund - Growth Option,59.87,30-Apr-2026
Aditya Birla Sun Life ELSS Tax Saver Fund-DIRECT - IDCW,422.29,30-Apr-2026
Aditya Birla Sun Life ELSS Tax Saver Fund-Regular - IDCW,183.67,30-Apr-2026
Axis ELSS Tax Saver Fund - Direct Plan - Growth Option,105.2845,30-Apr-2026
Axis ELSS Tax Saver Fund - Direct Plan - IDCW,48.7156,30-Apr-2026
Axis ELSS Tax Saver Fund - Regular Plan - Growth,92.6954,30-Apr-2026
Axis ELSS Tax Saver Fund - Regular Plan - IDCW,22.6958,30-Apr-2026
BAJAJ FINSERV ELSS TAX SAVER FUND - DIRECT - GROWTH,11.491,30-Apr-2026
BAJAJ FINSERV ELSS TAX SAVER FUND - DIRECT - IDCW,11.491,30-Apr-2026
BAJAJ FINSERV ELSS TAX SAVER FUND - REGULAR - GROWTH,11.241,30-Apr-2026
BAJAJ FINSERV ELSS TAX SAVER FUND - REGULAR - IDCW,11.241,30-Apr-2026
BANDHAN ELSS Tax Saver Fund - Direct Plan - Growth,174.325,30-Apr-2026
BANDHAN ELSS Tax Saver Fund - Direct Plan - IDCW,40.342,30-Apr-2026
BANDHAN ELSS Tax Saver Fund - Regular Plan - Growth,150.485,30-Apr-2026
BANDHAN ELSS Tax Saver Fund - Regular Plan - IDCW,30.394,30-Apr-2026
BANK OF INDIA ELSS Tax Saver -Direct Plan- Growth,191.44,30-Apr-2026
BANK OF INDIA ELSS Tax Saver -Direct Plan-IDCW,76.45,30-Apr-2026
BANK OF INDIA ELSS Tax Saver -ECO Plan-Growth,176.49,30-Apr-2026
BANK OF INDIA ELSS Tax Saver -ECO Plan-IDCW,29.29,30-Apr-2026
BANK OF INDIA ELSS Tax Saver -Regular Plan- Growth,162.84,30-Apr-2026
BANK OF INDIA ELSS Tax Saver -Regular Plan-IDCW,31.37,30-Apr-2026
BARODA BNP PARIBAS ELSS Tax Saver Fund - Direct Plan - Growth Option,109.3349,30-Apr-2026
BARODA BNP PARIBAS ELSS Tax Saver Fund - Direct Plan - IDCW Option,27.054,30-Apr-2026
BARODA BNP PARIBAS ELSS Tax Saver Fund - Regular - Growth Option,96.0919,30-Apr-2026
BARODA BNP PARIBAS ELSS Tax Saver Fund- Regular - IDCW Option,21.1211,30-Apr-2026
CANARA ROBECO ELSS TAX SAVER - DIRECT PLAN - GROWTH OPTION,194.97,30-Apr-2026
CANARA ROBECO ELSS TAX SAVER - DIRECT PLAN - IDCW (Payout),75.6,30-Apr-2026
CANARA ROBECO ELSS TAX SAVER - REGULAR PLAN - GROWTH OPTION,172.93,30-Apr-2026
CANARA ROBECO ELSS TAX SAVER - REGULAR PLAN -IDCW (Payout),46.25,30-Apr-2026
DSP ELSS Tax Saver Fund - Direct Plan - Growth,151.65,30-Apr-2026
DSP ELSS Tax Saver Fund - Direct Plan - IDCW,90.464,30-Apr-2026
DSP ELSS Tax Saver Fund - Regular Plan - Growth,135.563,30-Apr-2026
DSP ELSS Tax Saver Fund - Regular Plan - IDCW,22.105,30-Apr-2026
Edelweiss ELSS Tax Saver Fund - Direct Plan - IDCW Option,45.16,30-Apr-2026
Edelweiss ELSS Tax Saver Fund - Direct Plan-Growth Option,133.56,30-Apr-2026
Edelweiss ELSS Tax Saver Fund - Regular Plan - Growth Option,111.49,30-Apr-2026
Edelweiss ELSS Tax Saver Fund - Regular Plan - IDCW Option,29.84,30-Apr-2026
Franklin India ELSS Tax Saver Fund - Direct - Growth,1560.4177,30-Apr-2026
Franklin India ELSS Tax Saver Fund - Direct - IDCW,68.3292,30-Apr-2026
Franklin India ELSS Tax Saver Fund - IDCW,58.7823,30-Apr-2026
Franklin India ELSS Tax Saver Fund-Growth,1391.1099,30-Apr-2026
Groww ELSS Tax Saver Fund (formerly known as Indiabulls Tax Savings Fund)- Direct Plan- Dividend Option,21.29,30-Apr-2026
Groww ELSS Tax Saver Fund (formerly known as Indiabulls Tax Savings Fund)- Direct Plan- Growth Option,21.32,30-Apr-2026
Groww ELSS Tax Saver Fund (formerly known as Indiabulls Tax Savings Fund)- Regular Plan- - Income Distribution cum capital withdrawal Option (Payout),18.58,30-Apr-2026
Groww ELSS Tax Saver Fund (formerly known as Indiabulls Tax Savings Fund)-Regular Plan-Growth Option,18.58,30-Apr-2026
HDFC ELSS Tax saver - Growth Option - Direct Plan,1448.241,30-Apr-2026
HDFC ELSS Tax saver - Growth Plan,1334.686,30-Apr-2026
HDFC ELSS Tax saver - IDCW Option - Direct Plan,90.524,30-Apr-2026
HDFC ELSS Tax saver - IDCW Plan,64.777,30-Apr-2026
HDFC Long Term Advantage Plan - Growth Option - Direct Plan,625.385,14-Jan-2022
HDFC Long Term Advantage Plan - Growth Plan,595.168,14-Jan-2022
HDFC Long Term Advantage Plan - IDCW Option - Direct Plan,57.515,14-Jan-2022
HDFC Long Term Advantage Plan - IDCW Plan,51.722,14-Jan-2022
HSBC ELSS Tax saver Fund - Direct Growth,145.9688,30-Apr-2026
HSBC ELSS Tax saver Fund - Direct IDCW Payout,37.7733,30-Apr-2026
HSBC ELSS Tax saver Fund - Regular Growth,133.1472,30-Apr-2026
HSBC ELSS Tax saver Fund - Regular IDCW Payout,25.6467,30-Apr-2026
ICICI Prudential ELSS Tax Saver Fund - Direct Plan - Growth,1017.7,30-Apr-2026
ICICI Prudential ELSS Tax Saver Fund - Direct Plan - IDCW,44.43,30-Apr-2026
ICICI Prudential ELSS Tax Saver Fund - Growth,912.35,30-Apr-2026
ICICI Prudential ELSS Tax Saver Fund - IDCW,21.5,30-Apr-2026
Invesco India ELSS Tax Saver Fund - Direct Plan - Growth,138.41,30-Apr-2026
Invesco India ELSS Tax Saver Fund - Direct Plan - IDCW Payout,30.09,30-Apr-2026
Invesco India ELSS Tax Saver Fund - Regular Plan - Growth,116.0,30-Apr-2026
Invesco India ELSS Tax Saver Fund - Regular Plan - IDCW Payout,22.7,30-Apr-2026
ITI ELSS Tax Saver Fund - Direct Plan - Growth Option,27.3883,30-Apr-2026
ITI ELSS Tax Saver Fund - Direct Plan - IDCW Option,24.2309,30-Apr-2026
ITI ELSS Tax Saver Fund - Regular Plan - Growth Option,24.0673,30-Apr-2026
ITI ELSS Tax Saver Fund - Regular Plan - IDCW Option,21.0646,30-Apr-2026
JM ELSS Tax Saver Fund (Direct) - Growth Option,54.4771,30-Apr-2026
JM ELSS Tax Saver Fund (Direct) - IDCW,53.134,30-Apr-2026
JM ELSS Tax Saver Fund (Regular) - Growth option,47.2082,30-Apr-2026
JM ELSS Tax Saver Fund (Regular) - IDCW,47.2075,30-Apr-2026
Kotak ELSS Tax Saver Fund-Growth,112.164,30-Apr-2026
Kotak ELSS Tax Saver Fund-Growth - Direct,132.562,30-Apr-2026
Kotak ELSS Tax Saver Fund-Payout of Income Distribution cum capital withdrawal option,41.977,30-Apr-2026
Kotak ELSS Tax Saver Fund-Payout of Income Distribution cum capital withdrawal option - Direct,55.529,30-Apr-2026
LIC MF ELSS Tax Saver-Direct Plan-Growth,163.7196,30-Apr-2026
LIC MF ELSS Tax Saver-Direct Plan-IDCW,36.1522,30-Apr-2026
LIC MF ELSS Tax Saver-Regular Plan-Growth,142.0991,30-Apr-2026
LIC MF ELSS Tax Saver-Regular Plan-IDCW,29.7475,30-Apr-2026
LIC MF ULIS (10 Yrs. Regular Premium Reducing Cover Half-Yearly)-Direct Plan-IDCW Reinvestment,39.1154,30-Apr-2026
LIC MF ULIS (10 Yrs. Regular Premium Reducing Cover Half-Yearly)-Regular Plan-IDCW Reinvestment,34.9064,30-Apr-2026
LIC MF ULIS (10 Yrs. Regular Premium Reducing Cover Monthly)-Direct Plan-IDCW Reinvestment,39.1154,30-Apr-2026
LIC MF ULIS (10 Yrs. Regular Premium Reducing Cover Monthly)-Regular Plan-IDCW Reinvestment,34.9064,30-Apr-2026
LIC MF ULIS (10 Yrs. Regular Premium Reducing Cover Quarterly)-Direct Plan-IDCW Reinvestment,39.1154,30-Apr-2026
LIC MF ULIS (10 Yrs. Regular Premium Reducing Cover Quarterly)-Regular Plan-IDCW Reinvestment,34.9064,30-Apr-2026
LIC MF ULIS (10 Yrs. Regular Premium Reducing Cover Yearly)-Direct Plan-IDCW Reinvestment,39.1154,30-Apr-2026
LIC MF ULIS (10 Yrs. Regular Premium Reducing Cover Yearly)-Regular Plan-IDCW Reinvestment,34.9064,30-Apr-2026
LIC MF ULIS (10 Yrs. Regular Premium Uniform Cover Half-Yearly)-Direct Plan-IDCW Reinvestment,39.1154,30-Apr-2026
LIC MF ULIS (10 Yrs. Regular Premium Uniform Cover Half-Yearly)-Regular Plan-IDCW Reinvestment,34.9064,30-Apr-2026
LIC MF ULIS (10 Yrs. Regular Premium Uniform Cover Monthly)-Direct Plan-IDCW Reinvestment,39.1154,30-Apr-2026
LIC MF ULIS (10 Yrs. Regular Premium Uniform Cover Monthly)-Regular Plan-IDCW Reinvestment,34.9064,30-Apr-2026
LIC MF ULIS (10 Yrs. Regular Premium Uniform Cover Quarterly)-Direct Plan-IDCW Reinvestment,39.1154,30-Apr-2026
LIC MF ULIS (10 Yrs. Regular Premium Uniform Cover Quarterly)-Regular Plan-IDCW Reinvestment,34.9064,30-Apr-2026
LIC MF ULIS (10 Yrs. Regular Premium Uniform Cover Yearly)-Direct Plan-IDCW Reinvestment,39.1154,30-Apr-2026
LIC MF ULIS (10 Yrs. Regular Premium Uniform Cover Yearly)-Regular Plan-IDCW Reinvestment,34.9064,30-Apr-2026
LIC MF ULIS (10 Yrs. Single Premium)-Direct Plan-IDCW Reinvestment,39.1154,30-Apr-2026
LIC MF ULIS (10 Yrs. Single Premium)-Regular Plan-IDCW Reinvestment,34.9064,30-Apr-2026
LIC MF ULIS (15 Yrs. Regular Premium Reducing Cover Half-Yearly)-Direct Plan-IDCW Reinvestment,39.1154,30-Apr-2026
LIC MF ULIS (15 Yrs. Regular Premium Reducing Cover Half-Yearly)-Regular Plan-IDCW Reinvestment,34.9064,30-Apr-2026
LIC MF ULIS (15 Yrs. Regular Premium Reducing Cover Monthly)-Direct Plan-IDCW Reinvestment,39.1154,30-Apr-2026
LIC MF ULIS (15 Yrs. Regular Premium Reducing Cover Monthly)-Regular Plan-IDCW Reinvestment,34.9064,30-Apr-2026
LIC MF ULIS (15 Yrs. Regular Premium Reducing Cover Quarterly)-Direct Plan-IDCW Reinvestment,39.1154,30-Apr-2026
LIC MF ULIS (15 Yrs. Regular Premium Reducing Cover Quarterly)-Regular Plan-IDCW Reinvestment,34.9064,30-Apr-2026
LIC MF ULIS (15 Yrs. Regular Premium Reducing Cover Yearly)-Direct Plan-IDCW Reinvestment,39.1154,30-Apr-2026
LIC MF ULIS (15 Yrs. Regular Premium Reducing Cover Yearly)-Regular Plan-IDCW Reinvestment,34.9064,30-Apr-2026
LIC MF ULIS (15 Yrs. Regular Premium Uniform Cover Half-Yearly)-Direct Plan-IDCW Reinvestment,39.1154,30-Apr-2026
LIC MF ULIS (15 Yrs. Regular Premium Uniform Cover Half-Yearly)-Regular Plan-IDCW Reinvestment,34.9064,30-Apr-2026
LIC MF ULIS (15 Yrs. Regular Premium Uniform Cover Monthly)-Direct Plan-IDCW Reinvestment,39.1154,30-Apr-2026
LIC MF ULIS (15 Yrs. Regular Premium Uniform Cover Monthly)-Regular Plan-IDCW Reinvestment,34.9064,30-Apr-2026
LIC MF ULIS (15 Yrs. Regular Premium Uniform Cover Quarterly)-Direct Plan-IDCW Reinvestment,39.1154,30-Apr-2026
LIC MF ULIS (15 Yrs. Regular Premium Uniform Cover Quarterly)-Regular Plan-IDCW Reinvestment,34.9064,30-Apr-2026
LIC MF ULIS (15 Yrs. Regular Premium Uniform Cover Yearly)-Direct Plan-IDCW Reinvestment,39.1154,30-Apr-2026
LIC MF ULIS (15Yrs. Regular Premium Uniform Cover Yearly)-Regular Plan-IDCW Reinvestment,34.9064,30-Apr-2026
LIC MF ULIS (5 Yrs. Single Premium)-Direct Plan-IDCW Reinvestment,39.1154,30-Apr-2026
LIC MF ULIS (5 Yrs. Single Premium)-Regular Plan-IDCW Reinvestment,34.9064,30-Apr-2026
Mahindra Manulife ELSS Tax Saver Fund - Direct Plan -Growth,32.123,30-Apr-2026
Mahindra Manulife ELSS Tax Saver Fund - Regular Plan - IDCW,16.0247,30-Apr-2026
Mahindra Manulife ELSS Tax Saver Fund- Direct Plan - IDCW,20.2254,30-Apr-2026
Mahindra Manulife ELSS Tax Saver Fund- Regular Plan - Growth,27.0626,30-Apr-2026
Mirae Asset ELSS Tax Saver Fund - Direct Plan - Growth,54.841,30-Apr-2026
Mirae Asset ELSS Tax Saver Fund - Direct Plan - IDCW,25.625,30-Apr-2026
Mirae Asset ELSS Tax Saver Fund - Regular Plan - Growth,48.11,30-Apr-2026
Mirae Asset ELSS Tax Saver Fund - Regular Plan - IDCW,21.593,30-Apr-2026
Motilal Oswal ELSS Tax Saver Fund - Direct Plan - Growth Option,61.976,30-Apr-2026
Motilal Oswal ELSS Tax Saver Fund - IDCW Payout,29.5847,30-Apr-2026
Motilal Oswal ELSS Tax Saver Fund - Regular Plan - Growth Option,53.6046,30-Apr-2026
Motilal Oswal ELSS Tax Saver Fund Direct - IDCW Payout,38.3149,30-Apr-2026
Navi ELSS Tax Saver Fund - Direct Plan IDCW Payout,32.4038,10-Apr-2026
Navi ELSS Tax Saver Fund - Regular Plan IDCW Payout,27.3012,10-Apr-2026
Navi ELSS Tax Saver Fund- Direct Plan- Growth Option,32.8119,10-Apr-2026
Navi ELSS Tax Saver Fund- Regular Plan- Growth Option,27.3039,10-Apr-2026
NAVI ELSS TAX SAVER NIFTY 50 INDEX FUND - DIRECT PLAN GROWTH,14.5057,30-Apr-2026
NAVI ELSS TAX SAVER NIFTY 50 INDEX FUND - DIRECT PLAN IDCW PAYOUT,14.5122,30-Apr-2026
NAVI ELSS TAX SAVER NIFTY 50 INDEX FUND - REGULAR PLAN GROWTH,14.0813,30-Apr-2026
NAVI ELSS TAX SAVER NIFTY 50 INDEX FUND - REGULAR PLAN IDCW PAYOUT,14.137,30-Apr-2026
NIPPON INDIA ELSS TAX SAVER FUND - ANNUAL IDCW Option,20.1794,30-Apr-2026
NIPPON INDIA ELSS TAX SAVER FUND - DIRECT Plan - ANNUAL IDCW Option,22.1735,30-Apr-2026
NIPPON INDIA ELSS TAX SAVER FUND - DIRECT Plan - IDCW Option,44.9224,30-Apr-2026
Nippon India ELSS Tax Saver Fund - Direct Plan Growth Plan - Growth Option,141.9368,30-Apr-2026
NIPPON INDIA ELSS TAX SAVER FUND - IDCW Option,33.4111,30-Apr-2026
Nippon India ELSS Tax Saver Fund-Growth Plan-Growth Option,128.6298,30-Apr-2026
NJ ELSS Tax Saver Scheme Direct Growth,14.25,30-Apr-2026
NJ ELSS Tax Saver Scheme Direct IDCW,14.25,30-Apr-2026
NJ ELSS Tax Saver Scheme Regular Growth,13.54,30-Apr-2026
NJ ELSS Tax Saver Scheme Regular IDCW,13.54,30-Apr-2026
PGIM India ELSS Tax Saver Fund - Direct Plan - Dividend Option,16.87,30-Apr-2026
PGIM India ELSS Tax Saver Fund - Direct Plan - Growth Option,38.03,30-Apr-2026
PGIM India ELSS Tax Saver Fund - Regular Plan - Dividend Option,15.69,30-Apr-2026
PGIM India ELSS Tax Saver Fund - Regular Plan - Growth Option,32.84,30-Apr-2026
Parag Parikh ELSS Tax Saver Fund- Direct Growth,31.9251,30-Apr-2026
Parag Parikh ELSS Tax Saver Fund- Regular Growth,29.4525,30-Apr-2026
quant ELSS Tax Saver Fund - Growth Option - Direct Plan,429.755,30-Apr-2026
quant ELSS Tax Saver Fund - Growth Option - Regular Plan,381.1038,30-Apr-2026
quant ELSS Tax Saver Fund - IDCW Option - Direct Plan,57.2884,30-Apr-2026
quant ELSS Tax Saver Fund - IDCW Option - Regular Plan,52.9206,30-Apr-2026
Quantum ELSS Tax Saver Fund - Direct Plan Growth Option,123.54,30-Apr-2026
Quantum ELSS Tax Saver Fund - Direct Plan IDCW,122.74,30-Apr-2026
Quantum ELSS Tax Saver Fund - Regular Plan Growth Option,116.76,30-Apr-2026
Quantum ELSS Tax Saver Fund - Regular Plan IDCW,115.97,30-Apr-2026
Samco ELSS Tax Saver Fund - Direct Plan - Growth Option,12.79,30-Apr-2026
Samco ELSS Tax Saver Fund - Regular Plan - Growth Option,12.19,30-Apr-2026
SBI ELSS Tax Saver Fund - Direct Plan - Income Distribution cum Capital Withdrawal Option (IDCW),114.9175,30-Apr-2026
SBI ELSS Tax Saver FUND - DIRECT PLAN -GROWTH,463.9594,30-Apr-2026
SBI ELSS Tax Saver Fund - Regular Plan - Income Distribution cum Capital Withdrawal Option (IDCW),86.6076,30-Apr-2026
SBI ELSS Tax Saver FUND - REGULAR PLAN- GROWTH,427.1854,30-Apr-2026
Shriram ELSS Tax Saver Fund - Direct Growth,22.8646,30-Apr-2026
Shriram ELSS Tax Saver Fund - Direct- IDCW,22.6839,30-Apr-2026
Shriram ELSS Tax Saver Fund - Regular Growth,20.1053,30-Apr-2026
Shriram ELSS Tax Saver Fund - Regular-IDCW,20.1082,30-Apr-2026
Sundaram ELSS Tax Saver Fund Direct Plan - Income Distribution CUM Capital Withdrawal Option (IDCW),530.4076,30-Apr-2026
Sundaram ELSS Tax Saver Fund Direct Plan Growth,530.9481,30-Apr-2026
Sundaram ELSS Tax Saver Fund Regular Growth,494.4626,30-Apr-2026
Sundaram ELSS Tax Saver Fund Regular Plan - Income Distribution CUM Capital Withdrawal Option (IDCW),396.5299,30-Apr-2026
Tata ELSS Fund- Direct Plan - Payout of IDCW Option,224.3948,30-Apr-2026
Tata ELSS Fund- Regular Plan - Payout of IDCW Option,91.9824,30-Apr-2026
Tata ELSS Fund-Growth-Direct Plan,51.868,30-Apr-2026
Tata ELSS Fund-Growth-Regular Plan,44.9268,30-Apr-2026
Taurus ELSS Tax Saver Fund - Direct Plan - Growth,191.94,30-Apr-2026
Taurus ELSS Tax Saver Fund - Direct Plan - Payout of Income Distribution cum Capital Withdrawal option,88.46,30-Apr-2026
Taurus ELSS Tax Saver Fund - Regular Plan - Growth,175.21,30-Apr-2026
Taurus ELSS Tax Saver Fund - Regular Plan - Payout of Income Distribution cum Capital Withdrawal option,82.08,30-Apr-2026
Union ELSS Tax Saver Fund - Direct Plan - Growth Option,68.8,30-Apr-2026
Union ELSS Tax Saver Fund - Direct Plan - IDCW Option,68.8,30-Apr-2026
Union ELSS Tax Saver Fund - Growth Option,62.9,30-Apr-2026
Union ELSS Tax Saver Fund - IDCW Option,35.17,30-Apr-2026
UTI ELSS Tax Saver Fund - Direct Plan - Growth Option,220.6943,30-Apr-2026
UTI ELSS Tax Saver Fund - Direct Plan - IDCW,52.0095,30-Apr-2026
UTI ELSS Tax Saver Fund - Regular Plan - Growth Option,195.6997,30-Apr-2026
UTI ELSS Tax Saver Fund - Regular Plan - IDCW,37.3866,30-Apr-2026
WhiteOak Capital ELSS Tax Saver Fund Direct Plan Growth,17.835,30-Apr-2026
WhiteOak Capital ELSS Tax Saver Fund Direct Plan IDCW,17.835,30-Apr-2026
WhiteOak Capital ELSS Tax Saver Fund Regular Plan Growth,16.789,30-Apr-2026
WhiteOak Capital ELSS Tax Saver Fund Regular Plan IDCW,16.789,30-Apr-2026
360 ONE FLEXICAP FUND-DIRECT PLAN- GROWTH,15.2837,30-Apr-2026
360 ONE FLEXICAP FUND-DIRECT PLAN- IDCW,15.2837,30-Apr-2026
360 ONE FLEXICAP FUND-REGULAR PLAN- GROWTH,14.6199,30-Apr-2026
360 ONE FLEXICAP FUND-REGULAR PLAN- IDCW,14.6199,30-Apr-2026
Abakkus Flexi Cap Fund - Direct - Growth,10.246,30-Apr-2026
Abakkus Flexi Cap Fund - Direct - IDCW,10.251,30-Apr-2026
Abakkus Flexi Cap Fund - Regular - Growth,10.196,30-Apr-2026
Abakkus Flexi Cap Fund - Regular - IDCW,10.197,30-Apr-2026
Aditya Birla Sun Life Flexi Cap Fund - Growth - Direct Plan,2051.1,30-Apr-2026
Aditya Birla Sun Life Flexi Cap Fund - Growth - Regular Plan,1823.99,30-Apr-2026
Aditya Birla Sun Life Flexi Cap Fund -DIRECT - IDCW,223.32,30-Apr-2026
Aditya Birla Sun Life Flexi Cap Fund -Regular - IDCW,157.14,30-Apr-2026
Axis Flexi Cap Fund - Direct Plan - Growth,28.68,30-Apr-2026
Axis Flexi Cap fund - Direct Plan - IDCW,17.75,30-Apr-2026
Axis Flexi Cap Fund - Regular Plan - Growth,25.77,30-Apr-2026
Axis Flexi Cap Fund - Regular Plan - IDCW,16.1,30-Apr-2026
Bajaj Finserv Flexi Cap Fund -Regular Plan-Growth,14.663,30-Apr-2026
Bajaj Finserv Flexi Cap Fund-Direct Plan-Growth,15.229,30-Apr-2026
Bajaj Finserv Flexi Cap Fund-Direct Plan-IDCW,15.229,30-Apr-2026
Bajaj Finserv Flexi Cap Fund-Regular Plan-IDCW,14.663,30-Apr-2026
BANDHAN Flexi Cap Fund - Regular Plan - Growth,204.236,30-Apr-2026
BANDHAN Flexi Cap Fund - Regular Plan - IDCW,45.711,30-Apr-2026
BANDHAN Flexi Cap Fund-Direct Plan-Growth,224.569,30-Apr-2026
BANDHAN Flexi Cap Fund-Direct Plan-IDCW,50.079,30-Apr-2026
BANK OF INDIA Flexi Cap Fund Direct Plan -Growth,39.62,30-Apr-2026
BANK OF INDIA Flexi Cap Fund Direct Plan -IDCW,33.86,30-Apr-2026
BANK OF INDIA Flexi Cap Fund Regular Plan -Growth,36.18,30-Apr-2026
BANK OF INDIA Flexi Cap Fund Regular Plan -IDCW,32.87,30-Apr-2026
Baroda BNP Paribas Flexi Cap Fund - Direct Plan - Growth Option,16.0306,30-Apr-2026
Baroda BNP Paribas Flexi Cap Fund - Direct Plan - IDCW Option,13.3879,30-Apr-2026
Baroda BNP Paribas Flexi Cap Fund - Regular Plan - Growth Option,15.2313,30-Apr-2026
Baroda BNP Paribas Flexi Cap Fund - Regular Plan - IDCW Option,12.7167,30-Apr-2026
CANARA ROBECO FLEXICAP FUND - DIRECT PLAN - GROWTH OPTION,372.95,30-Apr-2026
CANARA ROBECO FLEXICAP FUND - DIRECT PLAN - IDCW (Payout/Reinvestment),88.03,30-Apr-2026
CANARA ROBECO FLEXICAP FUND - REGULAR PLAN - GROWTH OPTION,329.62,30-Apr-2026
CANARA ROBECO FLEXICAP FUND - REGULAR PLAN - IDCW (Payout/Reinvestment),57.4,30-Apr-2026
CAPITALMIND FLEXI CAP FUND DIRECT GROWTH,10.0422,30-Apr-2026
CAPITALMIND FLEXI CAP FUND REGULAR GROWTH,9.9388,30-Apr-2026
DSP Flexi Cap Fund - Direct Plan - Growth,110.613,30-Apr-2026
DSP Flexi Cap Fund - Direct Plan - IDCW,81.317,30-Apr-2026
DSP Flexi Cap Fund - Regular Plan - Growth,98.673,30-Apr-2026
DSP Flexi Cap Fund - Regular Plan - IDCW,55.986,30-Apr-2026
Edelweiss Flexi Cap Fund - Direct Plan - Growth Option,44.254,30-Apr-2026
Edelweiss Flexi Cap Fund - Direct Plan - IDCW Option,36.332,30-Apr-2026
Edelweiss Flexi Cap Fund - Regular - IDCW Option,31.058,30-Apr-2026
Edelweiss Flexi Cap Fund - Regular Plan - Growth Option,37.825,30-Apr-2026
Franklin India Flexi Cap Fund - Direct - Growth,1749.4567,30-Apr-2026
Franklin India Flexi Cap Fund - Direct - IDCW,67.6455,30-Apr-2026
Franklin India Flexi Cap Fund - Growth,1561.7606,30-Apr-2026
Franklin India Flexi Cap Fund - IDCW,60.4289,30-Apr-2026
HDFC Flexi Cap Fund - Growth Option - Direct Plan,2137.0,30-Apr-2026
HDFC Flexi Cap Fund - Growth Plan,1944.502,30-Apr-2026
HDFC Flexi Cap Fund - IDCW Option - Direct Plan,86.407,30-Apr-2026
HDFC Flexi Cap Fund - IDCW Plan,70.266,30-Apr-2026
Helios Flexi Cap Fund - Direct Plan - Growth Option,15.02,30-Apr-2026
Helios Flexi Cap Fund - Direct Plan - IDCW Option,15.02,30-Apr-2026
Helios Flexi Cap Fund - Regular Plan - Growth Option,14.49,30-Apr-2026
Helios Flexi Cap Fund - Regular Plan - IDCW Option,14.49,30-Apr-2026
HSBC Flexi Cap Fund - Direct Growth,246.0628,30-Apr-2026
HSBC Flexi Cap Fund - Direct IDCW,44.8197,30-Apr-2026
HSBC Flexi Cap Fund - Regular Growth,219.3303,30-Apr-2026
HSBC Flexi Cap Fund - Regular IDCW,40.9897,30-Apr-2026
ICICI Prudential Flexicap Fund - Direct Plan - Growth,19.88,30-Apr-2026
ICICI Prudential Flexicap Fund - Direct Plan - IDCW,16.82,30-Apr-2026
ICICI Prudential Flexicap Fund - Growth,18.82,30-Apr-2026
ICICI Prudential Flexicap Fund - IDCW,15.77,30-Apr-2026
Invesco India Flexi Cap Fund - Direct Plan - Growth,18.88,30-Apr-2026
Invesco India Flexi Cap Fund - Direct Plan - IDCW,16.89,30-Apr-2026
Invesco India Flexi Cap Fund - Regular Plan - Growth,17.71,30-Apr-2026
Invesco India Flexi Cap Fund - Regular Plan - IDCW,15.74,30-Apr-2026
ITI Flexi Cap Fund- Direct Plan- Growth,18.9967,30-Apr-2026
ITI Flexi Cap Fund- Direct Plan- IDCW,18.4001,30-Apr-2026
ITI Flexi Cap Fund- Regular Plan- Growth,17.9814,30-Apr-2026
ITI Flexi Cap Fund- Regular Plan- IDCW,17.3869,30-Apr-2026
JioBlackRock Flexi Cap Fund - Direct Plan - Growth Option,9.6951,30-Apr-2026
JM Flexicap Fund (Direct) - Growth Option,106.8556,30-Apr-2026
JM Flexicap Fund (Direct) - IDCW,97.1264,30-Apr-2026
JM Flexicap Fund (Regular) - Growth option,93.0139,30-Apr-2026
JM Flexicap Fund (Regular) - IDCW,71.6744,30-Apr-2026
Kotak Flexicap Fund - Growth,83.386,30-Apr-2026
Kotak Flexicap Fund - Growth - Direct,94.558,30-Apr-2026
Kotak Flexicap Fund - Payout of Income Distribution cum capital withdrawal option,50.352,30-Apr-2026
Kotak Flexicap Fund - Payout of Income Distribution cum capital withdrawal option- Direct,57.748,30-Apr-2026
LIC MF Flexi Cap Fund-Direct Plan-Growth,105.0006,30-Apr-2026
LIC MF Flexi Cap Fund-Direct Plan-IDCW,35.3288,30-Apr-2026
LIC MF Flexi Cap Fund-Regular Plan-Growth,94.6367,30-Apr-2026
LIC MF Flexi Cap Fund-Regular Plan-IDCW,29.8637,30-Apr-2026
Mahindra Manulife Flexi Cap Fund - Direct Plan -Growth,16.9274,30-Apr-2026
Mahindra Manulife Flexi Cap Fund - Direct Plan -IDCW,13.6282,30-Apr-2026
Mahindra Manulife Flexi Cap Fund - Regular Plan -Growth,15.5576,30-Apr-2026
Mahindra Manulife Flexi Cap Fund - Regular Plan -IDCW,12.3157,30-Apr-2026
Mirae Asset Flexi Cap Fund - Direct Plan -  IDCW,16.351,30-Apr-2026
Mirae Asset Flexi Cap Fund - Direct Plan - Growth,16.399,30-Apr-2026
Mirae Asset Flexi Cap Fund - Regular Plan - Growth,15.647,30-Apr-2026
Mirae Asset Flexi Cap Fund - Regular Plan - IDCW,15.653,30-Apr-2026
Motilal Oswal Flexi Cap Fund Direct - IDCW Payout/Reinvestment,30.727,30-Apr-2026
Motilal Oswal Flexi cap Fund Direct Plan-Growth Option,62.1118,30-Apr-2026
Motilal Oswal Flexi cap Fund Regular - IDCW Payout/Reinvestment,29.2407,30-Apr-2026
Motilal Oswal Flexi Cap Fund Regular Plan-Growth Option,55.6726,30-Apr-2026
Navi Flexi Cap Fund - Direct Plan - Growth,27.0012,30-Apr-2026
NAVI FLEXI CAP FUND - DIRECT PLAN ANNUAL IDCW PAYOUT,26.7945,30-Apr-2026
NAVI FLEXI CAP FUND - DIRECT PLAN HALF YEARLY IDCW PAYOUT,26.7951,30-Apr-2026
NAVI FLEXI CAP FUND - DIRECT PLAN MONTHLY IDCW PAYOUT,26.7895,30-Apr-2026
NAVI FLEXI CAP FUND - DIRECT PLAN NORMAL IDCW PAYOUT,26.7602,30-Apr-2026
NAVI FLEXI CAP FUND - DIRECT PLAN QUARTERLY IDCW PAYOUT,26.8164,30-Apr-2026
Navi Flexi Cap Fund - Regular Plan - Growth,23.1899,30-Apr-2026
NAVI FLEXI CAP FUND - REGULAR PLAN ANNUAL IDCW PAYOUT,23.1906,30-Apr-2026
NAVI FLEXI CAP FUND - REGULAR PLAN HALF YEARLY IDCW PAYOUT,23.1937,30-Apr-2026
NAVI FLEXI CAP FUND - REGULAR PLAN MONTHLY IDCW PAYOUT,23.1991,30-Apr-2026
NAVI FLEXI CAP FUND - REGULAR PLAN NORMAL IDCW PAYOUT,23.1933,30-Apr-2026
NAVI FLEXI CAP FUND - REGULAR PLAN QUARTERLY IDCW PAYOUT,23.1874,30-Apr-2026
Nippon India Flexi Cap Fund - Direct Plan - Growth Plan - Growth Option,17.2228,30-Apr-2026
Nippon India Flexi Cap Fund - Direct Plan - IDCW Option,17.2228,30-Apr-2026
Nippon India Flexi Cap Fund - Regular Plan - Growth Plan - Growth Option,16.1253,30-Apr-2026
Nippon India Flexi Cap Fund - Regular Plan - IDCW Option,16.1253,30-Apr-2026
NJ Flexi Cap Fund - Direct Plan - Growth Option,13.07,30-Apr-2026
NJ Flexi Cap Fund - Direct Plan - IDCW Option,13.07,30-Apr-2026
NJ Flexi Cap Fund - Regular Plan - Growth Option,12.53,30-Apr-2026
NJ Flexi Cap Fund - Regular Plan - IDCW Option,12.53,30-Apr-2026
Old Bridge Flexi Cap Fund Direct Growth,10.53,30-Apr-2026
Old Bridge Flexi Cap Fund Direct IDCW,10.53,30-Apr-2026
Old Bridge Flexi Cap Fund Regular Growth,10.5,30-Apr-2026
Old Bridge Flexi Cap Fund Regular IDCW,10.5,30-Apr-2026
PGIM India Flexi Cap Fund - Direct Plan - Dividend Option,19.57,30-Apr-2026
PGIM India Flexi Cap Fund - Direct Plan - Growth Option,41.41,30-Apr-2026
PGIM India Flexi Cap Fund - Regular Plan - Dividend Option,17.14,30-Apr-2026
PGIM India Flexi Cap Fund - Regular Plan - Growth Option,35.06,30-Apr-2026
Parag Parikh Flexi Cap Fund - Direct Plan - Growth,91.2902,30-Apr-2026
Parag Parikh Flexi Cap Fund - Direct Plan - IDCW,91.2902,30-Apr-2026
Parag Parikh Flexi Cap Fund - Regular Plan - Growth,83.3509,30-Apr-2026
Parag Parikh Flexi Cap Fund - Regular Plan - IDCW,83.3507,30-Apr-2026
quant Flexi Cap Fund - Growth Option - Regular Plan,101.8469,30-Apr-2026
quant Flexi Cap Fund - Growth Option-Direct Plan,114.1988,30-Apr-2026
quant Flexi Cap Fund - IDCW Option - Direct Plan,77.6261,30-Apr-2026
quant Flexi Cap Fund - IDCW Option - Regular Plan,72.7919,30-Apr-2026
Samco Flexi Cap Fund - Direct Plan - Growth Option,10.36,30-Apr-2026
Samco Flexi Cap Fund - Regular Plan - Growth Option,9.74,30-Apr-2026
SBI Flexicap Fund - DIRECT PLAN - Growth Option,118.2886,30-Apr-2026
SBI Flexicap Fund - Direct Plan - Income Distribution cum Capital Withdrawal Option (IDCW),59.1241,30-Apr-2026
SBI Flexicap Fund - Regular Plan - Income Distribution cum Capital Withdrawal Option (IDCW),47.1185,30-Apr-2026
SBI Flexicap Fund - REGULAR PLAN -Growth Option,105.2276,30-Apr-2026
Shriram Flexi Cap Fund - Direct Growth,21.9246,30-Apr-2026
Shriram Flexi Cap Fund - Direct-IDCW,21.7061,30-Apr-2026
Shriram Flexi Cap Fund - Regular Growth,19.1784,30-Apr-2026
Shriram Flexi Cap Fund - Regular-IDCW,19.1716,30-Apr-2026
Sundaram Flexicap Fund Direct Growth,15.1452,30-Apr-2026
Sundaram Flexicap Fund Direct Plan IDCW Payout,13.5089,30-Apr-2026
Sundaram Flexicap Fund Direct Plan IDCW Reinvestment,13.5089,30-Apr-2026
Sundaram Flexicap Fund Regular Growth,14.3247,30-Apr-2026
Sundaram Flexicap Fund Regular Plan IDCW Payout,12.768,30-Apr-2026
Sundaram Flexicap Fund Regular Plan IDCW Reinvestment,12.768,30-Apr-2026
TATA Flexi Cap Fund - Direct Plan - Payout of Income Distribution cum capital withdrawal option,26.3166,30-Apr-2026
Tata Flexi Cap Fund -Regular Plan-Growth,23.4703,30-Apr-2026
TATA Flexi Cap Fund Direct Plan - Reinvestment of Income Distribution cum capital withdrawal option,26.3166,30-Apr-2026
TATA Flexi Cap Fund Regular Plan - Payout of Income Distribution cum capital withdrawal option,23.4703,30-Apr-2026
TATA Flexi Cap Fund Regular Plan - Reinvestment of Income Distribution cum capital withdrawal option,23.4703,30-Apr-2026
Tata Flexi Cap Fund-Direct Plan-Growth,26.3166,30-Apr-2026
Taurus Flexi Cap Fund - Direct Plan -  Payout of Income Distribution cum Capital Withdrawal option,114.67,30-Apr-2026
Taurus Flexi Cap Fund - Direct Plan - Growth,227.29,30-Apr-2026
Taurus Flexi Cap Fund - Regular Plan - Growth,218.35,30-Apr-2026
Taurus Flexi Cap Fund - Regular Plan - Payout of Income Distribution cum Capital Withdrawal option,105.96,30-Apr-2026
THE WEALTH COMPANY FLEXI CAP FUND - DIRECT GROWTH,9.9613,30-Apr-2026
THE WEALTH COMPANY FLEXI CAP FUND - DIRECT IDCW,9.9608,30-Apr-2026
THE WEALTH COMPANY FLEXI CAP FUND - REGULAR GROWTH,9.8545,30-Apr-2026
THE WEALTH COMPANY FLEXI CAP FUND - REGULAR IDCW,9.8544,30-Apr-2026
TRUSTMF Flexi Cap Fund-Direct Plan- Growth,11.49,30-Apr-2026
TRUSTMF Flexi Cap Fund-Direct Plan- IDCW,11.48,30-Apr-2026
TRUSTMF Flexi Cap Fund-Regular Plan- Growth,11.1,30-Apr-2026
TRUSTMF Flexi Cap Fund-Regular Plan- IDCW,11.11,30-Apr-2026
Unifi Flexi Cap Fund - Direct Growth,10.0854,30-Apr-2026
Unifi Flexi Cap Fund - Regular Growth,9.9679,30-Apr-2026
Union Flexi Cap Fund - Direct Plan - Growth Option,55.72,30-Apr-2026
Union Flexi Cap Fund - Direct Plan - IDCW Option,48.68,30-Apr-2026
Union Flexi Cap Fund - Growth Option,49.62,30-Apr-2026
Union Flexi Cap Fund - IDCW Option,31.34,30-Apr-2026
UTI - Flexi Cap Fund-Growth Option,292.5407,30-Apr-2026
UTI - Flexi Cap Fund-Growth Option - Direct,315.3202,30-Apr-2026
UTI Flexi Cap Fund - Direct Plan - IDCW,209.8405,30-Apr-2026
UTI Flexi Cap Fund - Regular Plan - IDCW,193.4093,30-Apr-2026
WhiteOak Capital Flexi Cap Fund Direct Plan IDCW,17.841,30-Apr-2026
WhiteOak Capital Flexi Cap Fund Direct Plan-Growth,17.841,30-Apr-2026
WhiteOak Capital Flexi Cap Fund Regular Plan IDCW,16.894,30-Apr-2026
WhiteOak Capital Flexi Cap Fund Regular Plan-Growth,16.894,30-Apr-2026
360 ONE Focused Fund - Direct Plan - Dividend,51.1152,30-Apr-2026
360 ONE Focused Fund - Regular Plan - Dividend,39.9948,30-Apr-2026
360 ONE Focused Fund -Regular Plan - Growth,45.2021,30-Apr-2026
360 ONE Focused Fund-Direct Plan-Growth,51.6419,30-Apr-2026
Aditya Birla Sun Life Focused Fund - Growth - Direct Plan,159.9082,30-Apr-2026
Aditya Birla Sun Life Focused Fund -Direct - IDCW,57.0888,30-Apr-2026
Aditya Birla Sun Life Focused Fund -Growth Option,140.9251,30-Apr-2026
Aditya Birla Sun Life Focused Fund -Regular - IDCW,24.0609,30-Apr-2026
Axis Focused Fund - Direct Plan - Growth Option,59.6,30-Apr-2026
Axis Focused Fund - Direct Plan - IDCW,30.33,30-Apr-2026
Axis Focused Fund - Regular Plan - Growth Option,51.28,30-Apr-2026
Axis Focused Fund - Regular Plan - IDCW,16.91,30-Apr-2026
Bandhan Focused Fund - Direct Plan - Growth,103.928,30-Apr-2026
Bandhan Focused Fund - Direct Plan - IDCW,33.289,30-Apr-2026
Bandhan Focused Fund - Regular Plan - Growth,87.379,30-Apr-2026
Bandhan Focused Fund - Regular Plan - IDCW,18.712,30-Apr-2026
BARODA BNP PARIBAS Focused Fund - Direct Plan - Growth Option,23.8559,30-Apr-2026
BARODA BNP PARIBAS Focused Fund - Direct Plan - IDCW Option,15.6885,30-Apr-2026
BARODA BNP PARIBAS Focused Fund - Regular Plan - IDCW Option,13.6901,30-Apr-2026
BARODA BNP PARIBAS Focused Fund - Regular Plan-Growth Option,20.7711,30-Apr-2026
Canara Robeco Focused Fund - Direct Plan - Growth Option,20.54,30-Apr-2026
Canara Robeco Focused Fund - Direct Plan - IDCW (Payout/Reinvestment),18.37,30-Apr-2026
Canara Robeco Focused Fund - Regular Plan - Growth Option,19.03,30-Apr-2026
Canara Robeco Focused Fund - Regular Plan - IDCW (Payout/Reinvestment),16.95,30-Apr-2026
DSP Focused Fund - Direct Plan - Growth,58.862,30-Apr-2026
DSP Focused Fund - Direct Plan - IDCW,38.06,30-Apr-2026
DSP Focused Fund - Regular Plan - Growth,52.272,30-Apr-2026
DSP Focused Fund - Regular Plan - IDCW,19.292,30-Apr-2026
Edelweiss Focused Fund - Direct Plan - Growth,17.135,30-Apr-2026
Edelweiss Focused Fund - Direct Plan - IDCW,17.135,30-Apr-2026
Edelweiss Focused Fund - Regular Plan - Growth,16.122,30-Apr-2026
Edelweiss Focused Fund - Regular Plan - IDCW,16.121,30-Apr-2026
Franklin India Focused Equity Fund - Direct - Growth,114.1518,30-Apr-2026
Franklin India Focused Equity Fund - Direct - IDCW,39.7951,30-Apr-2026
Franklin India Focused Equity Fund - Growth Plan,100.718,30-Apr-2026
Franklin India Focused Equity Fund - IDCW,33.453,30-Apr-2026
HDFC Focused Fund - Growth Option - Direct Plan,254.183,30-Apr-2026
HDFC Focused Fund - GROWTH PLAN,222.431,30-Apr-2026
HDFC Focused Fund - IDCW Option - Direct Plan,30.228,30-Apr-2026
HDFC Focused Fund - IDCW PLAN,22.615,30-Apr-2026
HSBC Focused Fund - Direct Growth,27.3837,30-Apr-2026
HSBC Focused Fund - Direct IDCW,22.2447,30-Apr-2026
HSBC Focused Fund - Regular Growth,25.3001,30-Apr-2026
HSBC Focused Fund - Regular IDCW,17.8881,30-Apr-2026
ICICI Prudential Focused Equity Fund - Direct Plan - Growth,104.38,30-Apr-2026
ICICI Prudential Focused Equity Fund - Direct Plan - IDCW,60.77,30-Apr-2026
ICICI Prudential Focused Equity Fund - Growth,90.28,30-Apr-2026
ICICI Prudential Focused Equity Fund - IDCW,26.6,30-Apr-2026
Invesco India Focused Fund - Direct Plan - Growth,28.14,30-Apr-2026
Invesco India Focused Fund - Direct Plan - IDCW (Payout / Reinvestment),20.69,30-Apr-2026
Invesco India Focused Fund - Regular Plan - Growth,25.89,30-Apr-2026
Invesco India Focused Fund - Regular Plan - IDCW (Payout / Reinvestment),18.63,30-Apr-2026
ITI Focused Fund - Direct Plan - Growth,16.5298,30-Apr-2026
ITI Focused Fund - Direct Plan - IDCW,15.5314,30-Apr-2026
ITI Focused Fund - Regular Plan - Growth,15.6742,30-Apr-2026
ITI Focused Fund - Regular Plan - IDCW,14.6799,30-Apr-2026
JM Focused Fund (Direct)  - Growth Option,22.5129,30-Apr-2026
JM Focused Fund (Direct) -  IDCW,22.0633,30-Apr-2026
JM Focused Fund (Regular) - Growth Option,19.0483,30-Apr-2026
JM Focused Fund (Regular) - IDCW,19.0476,30-Apr-2026
Kotak Focused Fund- Direct Plan- Growth option,28.812,30-Apr-2026
Kotak Focused Fund- Regular plan _ Growth Option,25.944,30-Apr-2026
Kotak Focused Fund- Regular Plan-Income Distribution cum capital withdrawal option,25.944,30-Apr-2026
Kotak Focused Fund-Direct Plan- Income Distribution cum capital withdrawal option,28.814,30-Apr-2026
LIC MF Focused Fund-Direct Plan-Growth,21.9683,30-Apr-2026
LIC MF Focused Fund-Direct Plan-IDCW,21.9432,30-Apr-2026
LIC MF Focused Fund-Regular Plan-Growth,19.8262,30-Apr-2026
LIC MF Focused Fund-Regular Plan-IDCW,19.826,30-Apr-2026
Mahindra Manulife Focused Fund - Direct Plan - IDCW,19.9954,30-Apr-2026
Mahindra Manulife Focused Fund - Direct Plan -Growth,29.383,30-Apr-2026
Mahindra Manulife Focused Fund - Regular Plan - Growth,26.578,30-Apr-2026
Mahindra Manulife Focused Fund - Regular Plan - IDCW,17.6447,30-Apr-2026
Mirae Asset Focused Fund Direct IDCW,23.396,30-Apr-2026
Mirae Asset Focused Fund Direct Plan Growth,25.436,30-Apr-2026
Mirae Asset Focused Fund Regular IDCW,21.295,30-Apr-2026
Mirae Asset Focused Fund Regular Plan Growth,23.165,30-Apr-2026
Motilal Oswal Focused Fund - Direct Plan Growth Option,52.8157,30-Apr-2026
Motilal Oswal Focused Fund - Regular Plan Growth Option,44.7836,30-Apr-2026
Motilal Oswal Focused Fund Direct - IDCW Payout/Reinvestment,21.7108,30-Apr-2026
Motilal Oswal Focused Fund Regular - IDCW Payout/Reinvestment,18.4892,30-Apr-2026
NIPPON INDIA FOCUSED  FUND - DIRECT Plan - IDCW Option,43.8975,30-Apr-2026
NIPPON INDIA FOCUSED  FUND - IDCW OPTION,31.8592,30-Apr-2026
Nippon India Focused Fund - Direct Plan Growth Plan - Growth Option,131.6472,30-Apr-2026
Nippon India Focused Fund -Growth Plan -Growth Option,119.0023,30-Apr-2026
Old Bridge Focused Fund - Direct Growth,12.7,30-Apr-2026
Old Bridge Focused Fund - Direct IDCW,12.7,30-Apr-2026
Old Bridge Focused Fund - Regular Growth,12.41,30-Apr-2026
Old Bridge Focused Fund - Regular IDCW,12.41,30-Apr-2026
quant Focused Fund - Growth Option - Regular Plan,84.2368,30-Apr-2026
quant Focused Fund - Growth Option-Direct Plan,94.5229,30-Apr-2026
quant Focused Fund - IDCW Option - Direct Plan,55.2552,30-Apr-2026
quant Focused Fund - IDCW Option - Regular Plan,62.6342,30-Apr-2026
SBI Focused Fund - Direct Plan - Income Distribution cum Capital Withdrawal Option (IDCW),106.2058,30-Apr-2026
SBI FOCUSED FUND - DIRECT PLAN -GROWTH,435.8229,30-Apr-2026
SBI Focused Fund - Regular Plan - Income Distribution cum Capital Withdrawal Option (IDCW),70.5708,30-Apr-2026
SBI FOCUSED FUND - REGULAR PLAN -GROWTH,385.8254,30-Apr-2026
Sundaram Focused Fund (Formerly Known as Principal Focused Multicap Fund)- Direct Plan - Growth Option,171.0046,30-Apr-2026
Sundaram Focused Fund (Formerly Known as Principal Focused Multicap Fund)- Direct Plan - Income Distribution CUM Capital Withdrawal Option (IDCW),40.0765,30-Apr-2026
Sundaram Focused Fund (Formerly Known as Principal Focused Multicap Fund)- Income Distribution CUM Capital Withdrawal Option (IDCW),36.5422,30-Apr-2026
Sundaram Focused Fund (Formerly Known as Principal Focused Multicap Fund)-Growth Option,153.2184,30-Apr-2026
TATA Focused Fund Direct Plan - Payout of Income Distribution cum capital withdrawal option,24.9231,30-Apr-2026
TATA Focused Fund Direct Plan - Reinvestment of Income Distribution cum capital withdrawal option,24.9231,30-Apr-2026
TATA Focused Fund Regular Plan - Payout of Income Distribution cum capital withdrawal option,22.4382,30-Apr-2026
TATA Focused Fund Regular Plan - Reinvestment of Income Distribution cum capital withdrawal option,22.4382,30-Apr-2026
Tata Focused Fund-Direct Plan-Growth,24.9231,30-Apr-2026
Tata Focused Fund-Regular Plan-Growth,22.4382,30-Apr-2026
Union Focused Fund - Direct Plan - Growth Option,27.43,30-Apr-2026
Union Focused Fund - Direct Plan - IDCW Option,27.43,30-Apr-2026
Union Focused Fund - Regular Plan - Growth Option,25.71,30-Apr-2026
Union Focused Fund - Regular Plan - IDCW Option,25.71,30-Apr-2026
UTI Focused Fund - Direct Plan - Growth Option,15.8241,30-Apr-2026
UTI Focused Fund - Direct Plan - IDCW Payout Option,15.8237,30-Apr-2026
UTI Focused Fund - Regular Plan - Growth Option,14.7506,30-Apr-2026
UTI Focused Fund - Regular Plan - IDCW Payout Option,14.7507,30-Apr-2026
Aditya Birla Sun Life Large & Mid Cap Fund - Growth - Direct Plan,1004.78,30-Apr-2026
Aditya Birla Sun Life Large & Mid Cap Fund - Regular Growth,897.81,30-Apr-2026
Aditya Birla Sun Life Large & Mid Cap Fund -Direct - IDCW,202.21,30-Apr-2026
Aditya Birla Sun Life Large & Mid Cap Fund -Regular - IDCW,130.76,30-Apr-2026
Axis Large & Mid Cap Fund - Direct Plan - Growth,36.38,30-Apr-2026
Axis Large & Mid Cap Fund - Direct Plan - IDCW,24.41,30-Apr-2026
Axis Large & Mid Cap Fund - Regular Plan - Growth,32.74,30-Apr-2026
Axis Large & Mid Cap Fund - Regular Plan - IDCW,19.09,30-Apr-2026
Bajaj Finserv Large and Mid Cap Fund- Direct Plan- Growth,12.208,30-Apr-2026
Bajaj Finserv Large and Mid Cap Fund- Direct Plan- IDCW,12.208,30-Apr-2026
Bajaj Finserv Large and Mid Cap Fund- Regular Plan- Growth,11.827,30-Apr-2026
Bajaj Finserv Large and Mid Cap Fund- Regular Plan- IDCW,11.827,30-Apr-2026
Bandhan Large & Mid Cap Fund - Direct Plan - Growth,161.579,30-Apr-2026
Bandhan Large & Mid Cap Fund - Direct Plan - IDCW,35.945,30-Apr-2026
Bandhan Large & Mid Cap Fund - Regular Plan - Growth,137.379,30-Apr-2026
Bandhan Large & Mid Cap Fund - Regular Plan - IDCW,27.17,30-Apr-2026
BANK OF INDIA Large & Mid Cap Fund Direct  Plan- Quarterly IDCW,28.93,30-Apr-2026
BANK OF INDIA Large & Mid Cap Fund Direct Plan- Bonus,53.79,30-Apr-2026
BANK OF INDIA Large & Mid Cap Fund Direct Plan-Growth,104.18,30-Apr-2026
BANK OF INDIA Large & Mid Cap Fund Direct Plan-Regular IDCW,28.5,30-Apr-2026
BANK OF INDIA Large & Mid Cap Fund Eco Plan- Growth,99.24,30-Apr-2026
BANK OF INDIA Large & Mid Cap Fund Eco Plan-Bonus,99.25,30-Apr-2026
BANK OF INDIA Large & Mid Cap Fund Eco Plan-Quarterly IDCW,28.0,30-Apr-2026
BANK OF INDIA Large & Mid Cap Fund Eco Plan-Regular IDCW,27.79,30-Apr-2026
BANK OF INDIA Large & Mid Cap Fund Regular Plan- Growth,89.76,30-Apr-2026
BANK OF INDIA Large & Mid Cap Fund Regular Plan- Quarterly IDCW,32.69,30-Apr-2026
BANK OF INDIA Large & Mid Cap Fund Regular Plan- Regular IDCW,26.79,30-Apr-2026
BANK OF INDIA Large & Mid Cap Fund Regular Plan-Bonus,89.75,30-Apr-2026
Baroda BNP Paribas Large and Mid Cap Fund- Direct Plan -Growth Option,28.5255,30-Apr-2026
Baroda BNP Paribas Large and Mid Cap Fund-Direct Plan-IDCW Option,20.0034,30-Apr-2026
Baroda BNP Paribas Large and Mid Cap Fund-Regular Plan-Growth Option,26.2893,30-Apr-2026
Baroda BNP Paribas Large and Mid Cap Fund-Regular plan-IDCW Option,17.3387,30-Apr-2026
CANARA ROBECO LARGE AND MID CAP FUND - DIRECT PLAN - GROWTH OPTION,281.16,30-Apr-2026
CANARA ROBECO LARGE AND MID CAP FUND - DIRECT PLAN - IDCW (Payout/Reinvestment),121.33,30-Apr-2026
CANARA ROBECO LARGE AND MID CAP FUND - REGULAR PLAN - GROWTH OPTION,243.58,30-Apr-2026
CANARA ROBECO LARGE AND MID CAP FUND - REGULAR PLAN - IDCW (Payout/Reinvestment),79.11,30-Apr-2026
DSP Large & Mid Cap Fund - Direct Plan - Growth,680.776,30-Apr-2026
DSP Large & Mid Cap Fund - Direct Plan - IDCW,101.537,30-Apr-2026
DSP Large & Mid Cap Fund - Regular Plan - Growth,604.41,30-Apr-2026
DSP Large & Mid Cap Fund - Regular Plan - IDCW,35.369,30-Apr-2026
Edelweiss Large & Mid Cap Fund - Direct Plan - Growth Option,103.264,30-Apr-2026
Edelweiss Large & Mid Cap Fund - Regular Plan - Growth Option,86.818,30-Apr-2026
Edelweiss Large and Mid Cap Fund - Direct Plan - IDCW Option,40.054,30-Apr-2026
Edelweiss Large and Mid Cap Fund - Regular Plan - IDCW Option,33.111,30-Apr-2026
Franklin India Large & Mid Cap Fund - Direct - Growth,201.2994,30-Apr-2026
Franklin India Large & Mid cap Fund - Direct - IDCW,21.7851,30-Apr-2026
Franklin India Large & Mid Cap Fund - Growth Plan,182.2404,30-Apr-2026
Franklin India Large & Mid Cap Fund - IDCW,18.9076,30-Apr-2026
HDFC Large and Mid Cap Fund - Growth Option,331.289,30-Apr-2026
HDFC Large and Mid Cap Fund - Growth Option - Direct Plan,350.508,30-Apr-2026
HDFC Large and Mid Cap Fund - IDCW Option,34.05,30-Apr-2026
HDFC Large and Mid Cap Fund - IDCW Option - Direct Plan,45.513,30-Apr-2026
Helios Large & Mid Cap Fund - Direct Plan - Growth Option,10.97,30-Apr-2026
Helios Large & Mid Cap Fund - Direct Plan - IDCW Option,10.97,30-Apr-2026
Helios Large & Mid Cap Fund - Regular Plan - Growth Option,10.71,30-Apr-2026
Helios Large & Mid Cap Fund - Regular Plan - IDCW Option,10.71,30-Apr-2026
HSBC Large & Mid Cap Fund - Direct Growth,30.6303,30-Apr-2026
HSBC Large & Mid Cap Fund - Direct IDCW,21.3252,30-Apr-2026
HSBC Large & Mid Cap Fund - Regular Growth,27.7925,30-Apr-2026
HSBC Large & Mid Cap Fund - Regular IDCW,19.2458,30-Apr-2026
ICICI Prudential Large & Mid Cap Fund - Direct Plan - Growth,1126.58,30-Apr-2026
ICICI Prudential Large & Mid Cap Fund - Direct Plan - IDCW,52.63,30-Apr-2026
ICICI Prudential Large & Mid Cap Fund - Growth,1001.63,30-Apr-2026
ICICI Prudential Large & Mid Cap Fund - IDCW,29.39,30-Apr-2026
Invesco India Large & Mid Cap Fund - Direct Plan - Growth,117.39,30-Apr-2026
Invesco India Large & Mid Cap Fund - Direct Plan - IDCW (Payout / Reinvestment),50.0,30-Apr-2026
Invesco India Large & Mid Cap Fund - Regular Plan - Growth,98.29,30-Apr-2026
Invesco India Large & Mid Cap Fund - Regular Plan - IDCW (Payout / Reinvestment),39.76,30-Apr-2026
ITI Large & Midcap Fund - Direct Plan - Growth,9.6359,30-Apr-2026
ITI Large & Midcap Fund - Direct Plan - IDCW Option,9.6359,30-Apr-2026
ITI Large & Midcap Fund - Regular Plan - Growth,9.3717,30-Apr-2026
ITI Large & Midcap Fund - Regular Plan - IDCW Option,9.3717,30-Apr-2026
JM Large & Mid Cap Fund (Direct) - Growth Option,10.0477,30-Apr-2026
JM Large & Mid Cap Fund (Direct) - IDCW,10.0477,30-Apr-2026
JM Large & Mid Cap Fund (Regular) - Growth Option,9.915,30-Apr-2026
JM Large & Mid Cap Fund (Regular) - IDCW,9.915,30-Apr-2026
Kotak Large & Midcap Fund - Direct- Growth,395.085,30-Apr-2026
Kotak Large & Midcap Fund - Growth-Regular,341.396,30-Apr-2026
Kotak Large & Midcap Fund - IDCW-Direct,69.716,30-Apr-2026
Kotak Large & Midcap Fund - IDCW-Regular,59.561,30-Apr-2026
LIC MF Large & Mid Cap Fund-Direct Plan-Growth,42.9162,30-Apr-2026
LIC MF Large & Mid Cap Fund-Direct Plan-IDCW,34.0491,30-Apr-2026
LIC MF Large & Mid Cap Fund-Regular Plan-Growth,36.9217,30-Apr-2026
LIC MF Large & Mid Cap Fund-Regular Plan-IDCW,29.8937,30-Apr-2026
Mahindra Manulife Large & Mid Cap Fund - Direct Plan - IDCW,21.1182,30-Apr-2026
Mahindra Manulife Large & Mid Cap Fund - Direct Plan -Growth,29.155,30-Apr-2026
Mahindra Manulife Large & Mid Cap Fund - Regular Plan - Growth,26.1601,30-Apr-2026
Mahindra Manulife Large & Mid Cap Fund - Regular Plan - IDCW,18.4166,30-Apr-2026
Mirae Asset Large & Midcap Fund - Direct Plan - Growth,169.755,30-Apr-2026
Mirae Asset Large & Midcap Fund - Direct Plan - IDCW,79.601,30-Apr-2026
Mirae Asset Large & Midcap Fund - Regular Plan - Growth,149.753,30-Apr-2026
Mirae Asset Large & Midcap Fund - Regular Plan - IDCW,46.06,30-Apr-2026
Motilal Oswal Large and Midcap Fund - Direct Plan Growth,37.7956,30-Apr-2026
Motilal Oswal Large and Midcap Fund - Regular Plan Growth,34.3814,30-Apr-2026
Motilal Oswal Large and Midcap Fund Direct - IDCW Payout/Reinvestment,26.7135,30-Apr-2026
Motilal Oswal Large and Midcap Fund Regular - IDCW Payout/Reinvestment,24.4097,30-Apr-2026
Navi Large & Midcap Fund - Direct Annual IDCW Payout,41.3979,30-Apr-2026
Navi Large & Midcap Fund - Direct Half Yearly IDCW Payout,41.4345,30-Apr-2026
Navi Large & Midcap Fund - Direct Normal IDCW Payout,41.5403,30-Apr-2026
Navi Large & Midcap Fund - Regular Annual IDCW payout,35.667,30-Apr-2026
NAVI Large & Midcap Fund - Regular Half Yearly IDCW Payout,34.6873,30-Apr-2026
Navi Large & Midcap Fund - Regular Normal IDCW Payout,34.6746,30-Apr-2026
Navi Large & Midcap Fund- Direct Plan- Growth Option,42.047,30-Apr-2026
Navi Large & Midcap Fund- Regular Plan- Growth Option,34.6786,30-Apr-2026
NIPPON INDIA VISION LARGE & MID CAP  FUND - DIRECT Plan - IDCW Option,68.4769,30-Apr-2026
Nippon India Vision Large & Mid Cap Fund - Direct Plan Growth Plan - Bonus Option,264.984,30-Apr-2026
Nippon India Vision Large & Mid Cap Fund - Direct Plan Growth Plan - Growth Option,1562.9445,30-Apr-2026
Nippon India Vision Large & Mid Cap Fund Institutional Dividend Plan,258.7308,04-Jun-2018
Nippon India Vision Large & Midcap Fund - IDCW Option,60.1014,30-Apr-2026
Nippon India Vision Large & Midcap Fund-GROWTH PLAN-Bonus Option,243.5587,30-Apr-2026
Nippon India Vision Large & Midcap Fund-GROWTH PLAN-Growth Option,1446.0717,30-Apr-2026
PGIM India Large and Midcap Fund - Direct Plan - Growth Option,12.45,30-Apr-2026
PGIM India Large and Midcap Fund - Direct Plan - IDCW option,11.3,30-Apr-2026
PGIM India Large and Midcap Fund - Regular Plan - Growth Option,11.98,30-Apr-2026
PGIM India Large and Midcap Fund - Regular Plan - IDCW Option,11.11,30-Apr-2026
quant Large & Mid Cap Fund - Bonus Option - Regular Plan,102.6509,20-Mar-2026
quant Large & Mid Cap Fund - Bonus Option-Direct Plan,102.6509,20-Mar-2026
quant Large & Mid Cap Fund - Growth Option,116.3686,30-Apr-2026
quant Large & Mid Cap Fund - Growth Option-Direct Plan,128.6165,30-Apr-2026
quant Large & Mid Cap Fund - IDCW Option - Direct Plan,59.8869,30-Apr-2026
quant Large & Mid Cap Fund - IDCW Option - Regular Plan,71.0312,30-Apr-2026
Samco Large & Mid Cap Fund - Direct Plan - Growth Option,8.98,30-Apr-2026
Samco Large & Mid Cap Fund - Regular Plan - Growth Option,8.85,30-Apr-2026
SBI Large & Midcap Fund - Direct Plan - Income Distribution cum Capital Withdrawal Option (IDCW),355.6781,30-Apr-2026
SBI Large & Midcap Fund - Regular Plan - Income Distribution cum Capital Withdrawal Option (IDCW),282.3578,30-Apr-2026
SBI LARGE & MIDCAP FUND -DIRECT PLAN -Growth,682.3953,30-Apr-2026
SBI LARGE & MIDCAP FUND- REGULAR PLAN -Growth,624.9812,30-Apr-2026
Sundaram Large and Midcap Direct Plan - Income Distribution cum Capital Withdrawal (IDCW),32.6813,30-Apr-2026
Sundaram Large and Midcap Fund Direct Plan - Growth,94.7373,30-Apr-2026
Sundaram Large and Midcap Fund Regular Plan - Growth,83.5293,30-Apr-2026
Sundaram Large and Midcap Regular Plan - Income Distribution cum Capital Withdrawal (IDCW),28.1908,30-Apr-2026
Tata Large & MId Cap Fund -Direct Plan- Growth Option,554.5315,30-Apr-2026
Tata Large & Mid Cap Fund Direct Plan - Payout of IDCW Option,102.4602,30-Apr-2026
Tata Large & Mid Cap Fund Regular Plan - Payout of IDCW Option,71.536,30-Apr-2026
Tata Large & Mid Cap Fund- Regular Plan - Growth Option,482.1768,30-Apr-2026
Union Large & Midcap Fund - Direct Plan - Growth Option,27.33,30-Apr-2026
Union Large & Midcap Fund - Direct Plan - IDCW Option,27.33,30-Apr-2026
Union Large & Midcap Fund - Regular Plan - Growth Option,25.26,30-Apr-2026
Union Large & Midcap Fund - Regular Plan - IDCW Option,25.26,30-Apr-2026
UTI Large & Mid Cap Fund - Direct Plan - Growth Option,194.8935,30-Apr-2026
UTI Large & Mid Cap Fund - Direct Plan - IDCW,95.7724,30-Apr-2026
UTI Large & Mid Cap Fund - Regular Plan - Growth Option,180.6206,30-Apr-2026
UTI Large & Mid Cap Fund - Regular Plan - IDCW,87.9905,30-Apr-2026
Whiteoak Capital Large & Mid Cap Fund Direct Plan Growth,13.56,30-Apr-2026
Whiteoak Capital Large & Mid Cap Fund Regular Plan Growth,13.061,30-Apr-2026
Aditya Birla Sun Life Large Cap Fund - Growth - Direct Plan,561.31,30-Apr-2026
Aditya Birla Sun Life Large Cap Fund-DIRECT - IDCW,90.28,30-Apr-2026
Aditya Birla Sun Life Large Cap Fund-Growth,505.29,30-Apr-2026
Aditya Birla Sun Life Large Cap Fund-Regular - IDCW,37.61,30-Apr-2026
Axis Large Cap Fund - Direct Plan - Growth,66.58,30-Apr-2026
Axis Large Cap Fund - Direct Plan - IDCW,24.12,30-Apr-2026
Axis Large Cap Fund - Regular Plan - Growth,57.49,30-Apr-2026
Axis Large Cap Fund - Regular Plan - IDCW,16.83,30-Apr-2026
BAJAJ FINSERV LARGE CAP FUND - DIRECT PLAN - GROWTH,10.076,30-Apr-2026
BAJAJ FINSERV LARGE CAP FUND - DIRECT PLAN - IDCW,10.076,30-Apr-2026
BAJAJ FINSERV LARGE CAP FUND - REGULAR PLAN - GROWTH,9.824,30-Apr-2026
BAJAJ FINSERV LARGE CAP FUND - REGULAR PLAN - IDCW,9.824,30-Apr-2026
BANDHAN Large Cap Fund - Regular Plan - Growth,75.487,30-Apr-2026
BANDHAN Large Cap Fund - Regular Plan - IDCW,20.808,30-Apr-2026
BANDHAN Large Cap Fund-Direct Plan-Growth,87.488,30-Apr-2026
BANDHAN Large Cap Fund-Direct Plan-IDCW,27.538,30-Apr-2026
BANK OF INDIA Large Cap Fund Direct Plan Growth,17.37,30-Apr-2026
BANK OF INDIA Large Cap Fund Direct Plan IDCW,17.34,30-Apr-2026
BANK OF INDIA Large Cap Fund Regular Plan Growth,16.32,30-Apr-2026
BANK OF INDIA Large Cap Fund Regular Plan IDCW,16.32,30-Apr-2026
BARODA BNP PARIBAS LARGE CAP Fund - Direct Plan - Growth Option,253.9357,30-Apr-2026
